client_id,age,gender,account_id,frequency,account_age,card_type,loan_date,amount,duration,payments,status,loan_year,loan_month,client_district_name,client_district_region,client_district_habitants,client_district_mun_under_499,client_district_mun_under_1999,client_district_mun_under_9999,client_district_mun_higher_10000,client_district_cities,client_district_inhab_ration,client_district_average_salary,client_district_95_unemp,client_district_96_unemp,client_district_entrepren,client_district_95_crimes,client_district_96_crimes,account_district_name,account_district_region,account_district_habitants,account_district_mun_under_499,account_district_mun_under_1999,account_district_mun_under_9999,account_district_mun_higher_10000,account_district_cities,account_district_inhab_ration,account_district_average_salary,account_district_95_unemp,account_district_96_unemp,account_district_entrepren,account_district_95_crimes,account_district_96_crimes,number of actions,balance mean,balance min,balance max,transaction mean,transaction max,transaction min
2,54,M,2,M,6,,940105,80952,24,3373,1,94,1,Hl.m. Praha,Prague,1204953,0,0,0,1,1,100.0,12541,0.29,0.43,167,85677,99107,Hl.m. Praha,Prague,1204953,0,0,0,1,1,100.0,12541,0.29,0.43,167,85677,99107,54,32590.6,1100.0,67529.6,7954.0,30354.0,13.5
25,60,F,19,M,4,,960429,30276,12,2523,-1,96,4,Tabor,south Bohemia,103347,87,16,7,1,7,67.0,9104,1.51,2.07,123,2299,2354,Tabor,south Bohemia,103347,87,16,7,1,7,67.0,9104,1.51,2.07,123,2299,2354,80,25197.1,715.0,58157.5,5856.0,22708.0,14.6
78,55,F,67,M,5,,960502,165960,24,6915,1,96,5,Jindrichuv Hradec,south Bohemia,93931,74,21,10,1,8,56.9,8427,1.12,1.54,107,1874,1913,Jindrichuv Hradec,south Bohemia,93931,74,21,10,1,8,56.9,8427,1.12,1.54,107,1874,1913,125,52523.2,700.0,107069.6,12822.0,62235.0,14.6
158,54,F,132,AT,3,,961106,88440,12,7370,1,96,11,Teplice,north Bohemia,128118,9,16,6,3,8,85.3,9317,6.49,7.07,97,6949,6872,Teplice,north Bohemia,128118,9,16,6,3,8,85.3,9317,6.49,7.07,97,6949,6872,31,62778.1,200.0,103239.0,14851.0,47976.0,100.0
210,60,M,173,M,6,,940531,104808,12,8734,1,94,5,Zdar nad Sazavou,south Moravia,125832,151,41,2,3,5,48.3,8512,3.51,4.12,102,2247,2103,Zdar nad Sazavou,south Moravia,125832,151,41,2,3,5,48.3,8512,3.51,4.12,102,2247,2103,30,38709.8,500.0,57865.3,6643.0,25970.0,14.6
352,59,M,290,M,6,,941103,123696,48,2577,1,94,11,Breclav,south Moravia,124605,11,42,14,1,8,46.0,8772,4.69,4.98,126,2854,3158,Breclav,south Moravia,124605,11,42,14,1,8,46.0,8772,4.69,4.98,126,2854,3158,61,49084.4,300.0,89822.2,8953.0,48476.0,14.6
421,34,M,344,M,6,,941221,100980,60,1683,1,94,12,Brno - mesto,south Moravia,387570,0,0,0,1,1,100.0,9897,1.6,1.96,140,18721,18696,Brno - mesto,south Moravia,387570,0,0,0,1,1,100.0,9897,1.6,1.96,140,18721,18696,70,35614.7,600.0,53376.7,5261.0,22900.0,14.6
424,52,M,347,M,6,,950501,187224,24,7801,-1,95,5,Hl.m. Praha,Prague,1204953,0,0,0,1,1,100.0,12541,0.29,0.43,167,85677,99107,Znojmo,south Moravia,114200,101,41,4,1,4,43.7,8403,5.74,5.72,105,2157,2718,88,42084.3,-243.3,92571.3,10835.0,51900.0,0.2
512,34,F,426,M,6,,940719,252060,60,4201,-1,94,7,Prostejov,south Moravia,110643,49,41,4,1,4,51.9,8441,3.45,4.48,115,1879,2252,Hl.m. Praha,Prague,1204953,0,0,0,1,1,100.0,12541,0.29,0.43,167,85677,99107,61,57340.5,900.0,106259.6,11625.0,49937.0,8.2
603,33,F,501,M,4,,961024,262980,60,4383,1,96,10,Rakovnik,central Bohemia,53921,61,22,1,1,2,41.3,8598,2.77,3.26,123,1597,1875,Rakovnik,central Bohemia,53921,61,22,1,1,2,41.3,8598,2.77,3.26,123,1597,1875,56,41729.6,900.0,78574.3,7310.0,44022.0,14.6
655,57,M,544,M,4,classic,960822,91152,24,3798,1,96,8,Ceska Lipa,north Bohemia,105058,32,19,7,2,10,81.0,9272,2.8,3.22,118,4340,4505,Ceska Lipa,north Bohemia,105058,32,19,7,2,10,81.0,9272,2.8,3.22,118,4340,4505,77,44829.5,400.0,72327.7,9453.0,34184.0,14.6
944,29,M,789,M,4,,951123,73056,48,1522,1,95,11,Most,north Bohemia,119895,17,4,3,2,4,89.9,10446,7.34,9.4,90,4947,4743,Most,north Bohemia,119895,17,4,3,2,4,89.9,10446,7.34,9.4,90,4947,4743,51,23255.1,500.0,33555.4,2445.0,8538.0,14.6
946,48,M,790,M,6,,940724,208128,48,4336,-1,94,7,Brno - mesto,south Moravia,387570,0,0,0,1,1,100.0,9897,1.6,1.96,140,18721,18696,Brno - mesto,south Moravia,387570,0,0,0,1,1,100.0,9897,1.6,1.96,140,18721,18696,64,36370.0,-1069.7,96064.0,9442.0,47493.0,14.6
968,42,M,808,M,4,,960411,215616,48,4492,-1,96,4,Jesenik,north Moravia,42821,4,13,5,1,3,48.4,8173,5.68,7.01,124,1309,1358,Jesenik,north Moravia,42821,4,13,5,1,3,48.4,8173,5.68,7.01,124,1309,1358,61,21447.6,-3424.6,50124.8,5274.0,23130.0,6.8
976,44,F,813,M,6,,940511,24312,12,2026,1,94,5,Jindrichuv Hradec,south Bohemia,93931,74,21,10,1,8,56.9,8427,1.12,1.54,107,1874,1913,Jindrichuv Hradec,south Bohemia,93931,74,21,10,1,8,56.9,8427,1.12,1.54,107,1874,1913,78,29380.8,1100.0,48277.9,4949.0,24322.0,14.6
980,38,M,816,M,6,,950108,48624,24,2026,1,95,1,Teplice,north Bohemia,128118,9,16,6,3,8,85.3,9317,6.49,7.07,97,6949,6872,Usti nad Orlici,east Bohemia,139012,59,41,8,3,10,61.9,8363,2.52,3.49,108,2564,2799,117,63857.2,200.0,134187.4,12181.0,52900.0,14.6
981,39,M,817,M,5,,950217,538500,60,8975,1,95,2,Kolin,central Bohemia,95616,65,30,4,1,6,51.4,9307,3.85,4.43,118,2616,3040,Kolin,central Bohemia,95616,65,30,4,1,6,51.4,9307,3.85,4.43,118,2616,3040,58,33687.9,200.0,69775.9,8500.0,32082.0,14.6
1020,22,F,846,M,3,,960728,187104,24,7796,1,96,7,Olomouc,north Moravia,226122,32,50,7,4,4,62.6,8994,3.8,4.79,110,9672,9208,Olomouc,north Moravia,226122,32,50,7,4,4,62.6,8994,3.8,4.79,110,9672,9208,25,66292.4,300.0,137193.5,19621.0,49500.0,2.5
1029,45,F,854,M,6,,950530,87216,48,1817,1,95,5,Hl.m. Praha,Prague,1204953,0,0,0,1,1,100.0,12541,0.29,0.43,167,85677,99107,Uherske Hradiste,south Moravia,145688,22,41,13,2,5,40.7,8544,1.29,1.86,109,2719,2906,148,30847.1,700.0,43787.3,2961.0,15608.0,14.6
1102,64,M,915,M,4,,950916,309552,48,6449,1,95,9,Olomouc,north Moravia,226122,32,50,7,4,4,62.6,8994,3.8,4.79,110,9672,9208,Olomouc,north Moravia,226122,32,50,7,4,4,62.6,8994,3.8,4.79,110,9672,9208,35,56105.5,700.0,121713.2,17429.0,58041.0,14.6
1133,41,F,940,M,5,,960529,284280,60,4738,1,96,5,Litomerice,north Bohemia,114006,71,26,6,2,9,62.3,9065,4.46,5.39,123,4147,4166,Litomerice,north Bohemia,114006,71,26,6,2,9,62.3,9065,4.46,5.39,123,4147,4166,94,64182.6,300.0,109361.9,14790.0,56800.0,14.6
1157,41,F,960,AT,5,,950524,189060,60,3151,1,95,5,Kladno,central Bohemia,149893,63,29,6,2,6,67.4,9753,4.64,5.05,109,5244,5892,Kladno,central Bohemia,149893,63,29,6,2,6,67.4,9753,4.64,5.05,109,5244,5892,30,72242.9,200.0,101793.6,17833.0,60016.0,100.0
1215,55,M,1011,M,5,,951218,204000,60,3400,1,95,12,Jicin,east Bohemia,77917,85,19,6,1,5,53.5,8390,2.28,2.89,132,2080,2122,Jicin,east Bohemia,77917,85,19,6,1,5,53.5,8390,2.28,2.89,132,2080,2122,65,37809.4,400.0,68172.8,7702.0,30604.0,14.6
1216,54,F,1012,M,5,,941028,98184,24,4091,1,94,10,Znojmo,south Moravia,114200,101,41,4,1,4,43.7,8403,5.74,5.72,105,2157,2718,Znojmo,south Moravia,114200,101,41,4,1,4,43.7,8403,5.74,5.72,105,2157,2718,14,41660.4,500.0,68956.1,9311.0,24545.0,74.1
1286,49,F,1071,W,6,,940120,253200,60,4220,1,94,1,Usti nad Orlici,east Bohemia,139012,59,41,8,3,10,61.9,8363,2.52,3.49,108,2564,2799,Frydek - Mistek,north Moravia,228848,15,40,18,2,6,57.2,9893,4.09,4.72,96,5623,5887,41,47302.5,800.0,104417.9,11912.0,46304.0,30.0
1327,36,F,1106,W,6,,941112,192552,24,8023,-1,94,11,Strakonice,south Bohemia,70646,94,14,3,1,4,58.4,8547,2.65,3.64,120,1563,1542,Strakonice,south Bohemia,70646,94,14,3,1,4,58.4,8547,2.65,3.64,120,1563,1542,51,23979.0,800.0,49563.0,5774.0,23844.0,10.2
1404,31,F,1166,M,6,,940207,149040,48,3105,1,94,2,Praha - zapad,central Bohemia,75637,35,36,9,0,7,36.5,9622,0.45,0.59,154,3475,3529,Praha - zapad,central Bohemia,75637,35,36,9,0,7,36.5,9622,0.45,0.59,154,3475,3529,54,36845.6,200.0,62441.6,6682.0,27946.0,14.6
1505,28,F,1247,M,6,,950316,99696,48,2077,-1,95,3,Znojmo,south Moravia,114200,101,41,4,1,4,43.7,8403,5.74,5.72,105,2157,2718,Klatovy,west Bohemia,88757,60,33,3,2,10,61.7,8554,2.47,2.68,113,1822,2218,108,46341.3,-974.6,127684.9,11717.0,55900.0,0.4
1509,57,F,1250,M,3,,961125,182640,48,3805,1,96,11,Uherske Hradiste,south Moravia,145688,22,41,13,2,5,40.7,8544,1.29,1.86,109,2719,2906,Uherske Hradiste,south Moravia,145688,22,41,13,2,5,40.7,8544,1.29,1.86,109,2719,2906,40,37802.2,600.0,64411.8,9228.0,34246.0,11.5
1516,53,F,1256,M,5,,950529,71064,36,1974,1,95,5,Louny,north Bohemia,85852,41,23,4,2,4,59.8,8965,7.08,8.23,104,2653,2822,Louny,north Bohemia,85852,41,23,4,2,4,59.8,8965,7.08,8.23,104,2653,2822,86,34577.3,700.0,55373.3,4896.0,22908.0,14.6
1663,42,M,1375,M,5,,950829,45336,24,1889,1,95,8,Prachatice,south Bohemia,51428,50,11,3,1,4,52.7,8402,3.13,3.98,120,999,1099,Prachatice,south Bohemia,51428,50,11,3,1,4,52.7,8402,3.13,3.98,120,999,1099,90,48153.0,800.0,71486.0,7594.0,30436.0,14.6
1851,24,F,1527,AT,6,,941119,164052,36,4557,-1,94,11,Tachov,west Bohemia,51313,34,12,3,1,4,59.2,8930,3.52,4.2,108,1328,1452,Tachov,west Bohemia,51313,34,12,3,1,4,59.2,8930,3.52,4.2,108,1328,1452,65,41752.2,-2564.7,112045.6,11809.0,48181.0,0.4
1917,30,F,1583,AT,5,,960824,388512,48,8094,-1,96,8,Jesenik,north Moravia,42821,4,13,5,1,3,48.4,8173,5.68,7.01,124,1309,1358,Jesenik,north Moravia,42821,4,13,5,1,3,48.4,8173,5.68,7.01,124,1309,1358,120,21371.3,-2838.8,84743.5,7319.0,44700.0,2.4
1944,42,F,1603,M,6,,940206,78936,12,6578,1,94,2,Tachov,west Bohemia,51313,34,12,3,1,4,59.2,8930,3.52,4.2,108,1328,1452,Hl.m. Praha,Prague,1204953,0,0,0,1,1,100.0,12541,0.29,0.43,167,85677,99107,51,25900.3,900.0,40560.3,3259.0,11416.0,14.6
2063,49,F,1698,M,3,,960706,141948,36,3943,1,96,7,Frydek - Mistek,north Moravia,228848,15,40,18,2,6,57.2,9893,4.09,4.72,96,5623,5887,Frydek - Mistek,north Moravia,228848,15,40,18,2,6,57.2,9893,4.09,4.72,96,5623,5887,10,32592.7,800.0,63263.1,8964.0,28840.0,49.6
2136,59,F,1762,M,6,,950428,248148,36,6893,1,95,4,Plzen - sever,west Bohemia,72541,66,26,10,0,8,36.9,8594,1.62,2.01,112,1580,1525,Plzen - sever,west Bohemia,72541,66,26,10,0,8,36.9,8594,1.62,2.01,112,1580,1525,120,36063.8,600.0,67486.0,5453.0,28960.0,14.6
2141,48,M,1766,M,5,classic,960615,30060,60,501,1,96,6,Plzen - sever,west Bohemia,72541,66,26,10,0,8,36.9,8594,1.62,2.01,112,1580,1525,Plzen - sever,west Bohemia,72541,66,26,10,0,8,36.9,8594,1.62,2.01,112,1580,1525,186,37213.4,500.0,69382.9,4859.0,29412.0,14.6
2148,46,F,1772,W,4,,960313,202788,36,5633,1,96,3,Tachov,west Bohemia,51313,34,12,3,1,4,59.2,8930,3.52,4.2,108,1328,1452,Tachov,west Bohemia,51313,34,12,3,1,4,59.2,8930,3.52,4.2,108,1328,1452,79,57124.3,1100.0,139880.9,16141.0,72298.0,30.0
2166,52,F,1787,W,6,,930705,96396,12,8033,-1,93,7,Sokolov,west Bohemia,94812,15,13,8,2,10,81.8,9650,3.38,3.67,100,2985,2804,Sokolov,west Bohemia,94812,15,13,8,2,10,81.8,9650,3.38,3.67,100,2985,2804,4,12250.0,1100.0,20100.0,5025.0,9900.0,1100.0
2181,31,M,1801,M,6,,930711,165960,36,4610,1,93,7,Nachod,east Bohemia,112709,48,20,7,3,10,73.5,8369,1.79,2.31,117,2854,2618,Nachod,east Bohemia,112709,48,20,7,3,10,73.5,8369,1.79,2.31,117,2854,2618,37,52083.9,700.0,120512.8,11016.0,54300.0,2.9
2195,57,F,1811,M,6,,940623,239460,60,3991,1,94,6,Frydek - Mistek,north Moravia,228848,15,40,18,2,6,57.2,9893,4.09,4.72,96,5623,5887,Teplice,north Bohemia,128118,9,16,6,3,8,85.3,9317,6.49,7.07,97,6949,6872,46,40061.6,300.0,74408.8,9690.0,35918.0,14.6
2235,59,F,1843,M,6,,930803,105804,36,2939,1,93,8,Ceske Budejovice,south Bohemia,177686,69,27,10,1,9,74.8,10045,1.42,1.71,135,6604,6295,Pribram,central Bohemia,107870,84,29,6,1,6,58.0,8754,3.83,4.31,137,3804,3868,25,41297.5,1000.0,65898.5,8253.0,26448.0,14.6
2259,49,F,1862,W,4,,961016,396120,60,6602,1,96,10,Prachatice,south Bohemia,51428,50,11,3,1,4,52.7,8402,3.13,3.98,120,999,1099,Prachatice,south Bohemia,51428,50,11,3,1,4,52.7,8402,3.13,3.98,120,999,1099,95,58855.3,500.0,104859.1,15418.0,59415.0,30.0
2288,42,F,1886,M,3,,960731,162468,36,4513,1,96,7,Ceska Lipa,north Bohemia,105058,32,19,7,2,10,81.0,9272,2.8,3.22,118,4340,4505,Ceska Lipa,north Bohemia,105058,32,19,7,2,10,81.0,9272,2.8,3.22,118,4340,4505,15,51279.6,700.0,83862.8,15083.0,40614.0,70.9
2392,44,M,1967,W,4,,960421,249312,48,5194,1,96,4,Plzen - mesto,west Bohemia,170449,0,0,0,1,1,100.0,10787,2.64,3.09,131,6041,6261,Plzen - mesto,west Bohemia,170449,0,0,0,1,1,100.0,10787,2.64,3.09,131,6041,6261,60,35914.9,900.0,88597.4,9996.0,47112.0,30.0
2403,36,F,1978,W,6,,941204,205200,36,5700,1,94,12,Hl.m. Praha,Prague,1204953,0,0,0,1,1,100.0,12541,0.29,0.43,167,85677,99107,Hodonin,south Moravia,161954,21,37,20,3,8,48.0,8720,3.73,4.5,116,3729,3651,129,58336.3,900.0,93928.5,9244.0,51303.0,30.0
2422,23,F,1993,M,5,,950415,68400,12,5700,-1,95,4,Frydek - Mistek,north Moravia,228848,15,40,18,2,6,57.2,9893,4.09,4.72,96,5623,5887,Frydek - Mistek,north Moravia,228848,15,40,18,2,6,57.2,9893,4.09,4.72,96,5623,5887,14,31793.7,800.0,51242.2,7253.0,31037.0,66.2
2501,59,F,2062,M,3,,961029,86184,12,7182,1,96,10,Karvina,north Moravia,285387,0,2,8,5,7,89.9,10177,6.63,7.75,81,9878,10108,Karvina,north Moravia,285387,0,2,8,5,7,89.9,10177,6.63,7.75,81,9878,10108,42,60273.7,300.0,128146.0,16607.0,64642.0,14.6
2550,23,F,2106,M,3,,961003,101520,12,8460,1,96,10,Hl.m. Praha,Prague,1204953,0,0,0,1,1,100.0,12541,0.29,0.43,167,85677,99107,Hl.m. Praha,Prague,1204953,0,0,0,1,1,100.0,12541,0.29,0.43,167,85677,99107,38,26449.1,400.0,43218.7,5370.0,18513.0,14.6
2592,19,F,2143,M,3,,960909,71460,36,1985,1,96,9,Hl.m. Praha,Prague,1204953,0,0,0,1,1,100.0,12541,0.29,0.43,167,85677,99107,Hl.m. Praha,Prague,1204953,0,0,0,1,1,100.0,12541,0.29,0.43,167,85677,99107,31,49221.0,700.0,76403.1,10133.0,33669.0,14.6
2606,56,M,2153,W,3,,961128,61560,12,5130,1,96,11,Tachov,west Bohemia,51313,34,12,3,1,4,59.2,8930,3.52,4.2,108,1328,1452,Tachov,west Bohemia,51313,34,12,3,1,4,59.2,8930,3.52,4.2,108,1328,1452,71,32967.7,200.0,73559.9,9739.0,46166.0,30.0
2623,34,F,2167,M,6,,941030,170256,24,7094,1,94,10,Jindrichuv Hradec,south Bohemia,93931,74,21,10,1,8,56.9,8427,1.12,1.54,107,1874,1913,Jindrichuv Hradec,south Bohemia,93931,74,21,10,1,8,56.9,8427,1.12,1.54,107,1874,1913,77,40091.2,200.0,79869.8,9089.0,36552.0,14.6
2635,33,F,2176,M,6,,940730,299088,36,8308,-1,94,7,Bruntal,north Moravia,106054,38,25,6,2,6,63.1,8110,5.77,6.55,109,3244,3079,Bruntal,north Moravia,106054,38,25,6,2,6,63.1,8110,5.77,6.55,109,3244,3079,126,51992.9,500.0,193909.9,12747.0,59400.0,14.6
2686,48,F,2218,M,5,,951118,182040,60,3034,1,95,11,Prachatice,south Bohemia,51428,50,11,3,1,4,52.7,8402,3.13,3.98,120,999,1099,Prachatice,south Bohemia,51428,50,11,3,1,4,52.7,8402,3.13,3.98,120,999,1099,59,67475.9,600.0,110447.5,17540.0,61557.0,14.6
2698,29,F,2227,W,5,,951212,92976,24,3874,1,95,12,Tachov,west Bohemia,51313,34,12,3,1,4,59.2,8930,3.52,4.2,108,1328,1452,Tachov,west Bohemia,51313,34,12,3,1,4,59.2,8930,3.52,4.2,108,1328,1452,109,50436.5,300.0,122342.1,12039.0,48996.0,30.0
2700,54,M,2228,M,5,,950329,185952,48,3874,1,95,3,Chomutov,north Bohemia,125236,28,11,1,4,5,87.7,9675,6.43,7.68,100,5323,5190,Chomutov,north Bohemia,125236,28,11,1,4,5,87.7,9675,6.43,7.68,100,5323,5190,34,50113.2,700.0,145318.2,12283.0,57400.0,68.7
2708,41,M,2236,M,4,,960926,139464,36,3874,-1,96,9,Opava,north Moravia,182027,17,49,12,2,7,56.4,8746,3.33,3.74,90,4355,4433,Opava,north Moravia,182027,17,49,12,2,7,56.4,8746,3.33,3.74,90,4355,4433,31,31532.7,300.0,65062.8,8131.0,36854.0,20.2
2719,35,F,2245,M,6,,950116,347952,48,7249,1,95,1,Rokycany,west Bohemia,45714,52,10,5,1,6,55.6,8843,2.82,3.6,113,818,888,Rokycany,west Bohemia,45714,52,10,5,1,6,55.6,8843,2.82,3.6,113,818,888,120,54157.2,300.0,123013.2,13441.0,54600.0,14.6
2746,28,M,2268,M,4,,960718,20196,36,561,1,96,7,Hl.m. Praha,Prague,1204953,0,0,0,1,1,100.0,12541,0.29,0.43,167,85677,99107,Hl.m. Praha,Prague,1204953,0,0,0,1,1,100.0,12541,0.29,0.43,167,85677,99107,96,52636.6,200.0,77158.8,8501.0,35469.0,14.6
2809,20,M,2322,M,4,,960629,46320,24,1930,1,96,6,Decin,north Bohemia,133777,24,17,7,3,11,84.7,8705,5.75,7.61,116,4650,4859,Decin,north Bohemia,133777,24,17,7,3,11,84.7,8705,5.75,7.61,116,4650,4859,178,43657.8,900.0,119892.5,8064.0,61600.0,14.6
2831,19,F,2343,M,5,,951104,99336,24,4139,1,95,11,Frydek - Mistek,north Moravia,228848,15,40,18,2,6,57.2,9893,4.09,4.72,96,5623,5887,Frydek - Mistek,north Moravia,228848,15,40,18,2,6,57.2,9893,4.09,4.72,96,5623,5887,52,27019.6,300.0,46568.0,4348.0,16866.0,14.6
2834,50,M,2345,M,6,,941211,199680,60,3328,1,94,12,Usti nad Orlici,east Bohemia,139012,59,41,8,3,10,61.9,8363,2.52,3.49,108,2564,2799,Kolin,central Bohemia,95616,65,30,4,1,6,51.4,9307,3.85,4.43,118,2616,3040,74,33658.6,500.0,62238.8,7354.0,29954.0,14.6
2843,33,F,2352,M,4,,960429,49440,60,824,1,96,4,Karvina,north Moravia,285387,0,2,8,5,7,89.9,10177,6.63,7.75,81,9878,10108,Karvina,north Moravia,285387,0,2,8,5,7,89.9,10177,6.63,7.75,81,9878,10108,110,47798.9,300.0,74419.8,5548.0,30378.0,4.0
2853,43,F,2361,M,5,,950401,156672,36,4352,1,95,4,Plzen - sever,west Bohemia,72541,66,26,10,0,8,36.9,8594,1.62,2.01,112,1580,1525,Plzen - sever,west Bohemia,72541,66,26,10,0,8,36.9,8594,1.62,2.01,112,1580,1525,75,22927.5,500.0,41876.9,3313.0,10380.0,11.2
2922,59,M,2419,M,6,,950130,95808,12,7984,1,95,1,Hradec Kralove,east Bohemia,161854,73,21,6,1,6,76.3,9425,1.72,2.5,125,4085,3891,Karlovy Vary,west Bohemia,122603,25,21,6,2,8,80.0,8991,1.39,2.01,128,5198,5273,90,59701.8,900.0,122452.2,16059.0,57700.0,14.6
2966,44,M,2456,M,4,,960415,200976,48,4187,1,96,4,Znojmo,south Moravia,114200,101,41,4,1,4,43.7,8403,5.74,5.72,105,2157,2718,Znojmo,south Moravia,114200,101,41,4,1,4,43.7,8403,5.74,5.72,105,2157,2718,35,47938.1,600.0,83553.5,11033.0,37686.0,14.6
3001,41,M,2486,M,6,,940110,24516,12,2043,1,94,1,Hl.m. Praha,Prague,1204953,0,0,0,1,1,100.0,12541,0.29,0.43,167,85677,99107,Hl.m. Praha,Prague,1204953,0,0,0,1,1,100.0,12541,0.29,0.43,167,85677,99107,73,55582.2,200.0,125254.2,16202.0,59200.0,12.5
3013,49,F,2496,M,5,,960112,165120,60,2752,1,96,1,Trutnov,east Bohemia,121947,37,28,7,3,11,70.5,8541,2.51,2.97,131,3496,3839,Trutnov,east Bohemia,121947,37,28,7,3,11,70.5,8541,2.51,2.97,131,3496,3839,116,24377.4,1100.0,37946.3,3217.0,11210.0,14.6
3103,26,F,2572,AT,5,,960613,360000,48,7500,1,96,6,Zlin,south Moravia,197099,29,41,10,2,10,74.7,9624,1.6,2.31,145,4484,4265,Zlin,south Moravia,197099,29,41,10,2,10,74.7,9624,1.6,2.31,145,4484,4265,136,51149.7,600.0,126072.0,14897.0,73228.0,0.3
3113,28,F,2580,M,4,,960802,89340,60,1489,1,96,8,Prostejov,south Moravia,110643,49,41,4,1,4,51.9,8441,3.45,4.48,115,1879,2252,Prostejov,south Moravia,110643,49,41,4,1,4,51.9,8441,3.45,4.48,115,1879,2252,44,39644.8,500.0,54020.1,4662.0,17313.0,14.6
3251,37,F,2694,M,6,,940308,91632,12,7636,1,94,3,Usti nad Orlici,east Bohemia,139012,59,41,8,3,10,61.9,8363,2.52,3.49,108,2564,2799,Melnik,central Bohemia,94725,38,28,1,3,6,63.4,9920,2.26,2.87,130,4289,4846,70,40976.9,700.0,64577.8,6304.0,26378.0,14.6
3264,49,F,2705,AT,6,,931208,93888,36,2608,1,93,12,Vyskov,south Moravia,86513,38,36,5,1,5,50.5,8288,3.79,4.52,110,1562,1460,Vyskov,south Moravia,86513,38,36,5,1,5,50.5,8288,3.79,4.52,110,1562,1460,19,37510.5,600.0,52378.2,7122.0,15649.0,48.0
3335,32,M,2762,M,6,,940705,111384,24,4641,1,94,7,Praha - zapad,central Bohemia,75637,35,36,9,0,7,36.5,9622,0.45,0.59,154,3475,3529,Prachatice,south Bohemia,51428,50,11,3,1,4,52.7,8402,3.13,3.98,120,999,1099,152,65097.2,500.0,141386.0,13525.0,61700.0,14.6
3414,52,F,2824,M,6,,940716,50460,60,841,1,94,7,Praha - zapad,central Bohemia,75637,35,36,9,0,7,36.5,9622,0.45,0.59,154,3475,3529,Praha - zapad,central Bohemia,75637,35,36,9,0,7,36.5,9622,0.45,0.59,154,3475,3529,43,37570.6,800.0,51971.4,6393.0,22927.5,14.6
3519,50,M,2912,M,5,,960229,380160,60,6336,1,96,2,Ostrava - mesto,north Moravia,323870,0,0,0,1,1,100.0,10673,4.75,5.44,100,18782,18347,Ostrava - mesto,north Moravia,323870,0,0,0,1,1,100.0,10673,4.75,5.44,100,18782,18347,109,64777.1,1100.0,147375.1,15888.0,62500.0,14.6
3542,60,M,2933,M,6,,940517,272520,60,4542,1,94,5,Praha - vychod,central Bohemia,92084,55,29,4,3,5,46.7,10124,0.56,0.54,141,3810,4316,Praha - vychod,central Bohemia,92084,55,29,4,3,5,46.7,10124,0.56,0.54,141,3810,4316,84,44602.6,1100.0,121891.4,10778.0,56700.0,13.3
3576,60,F,2962,M,6,,941221,31248,12,2604,1,94,12,Hl.m. Praha,Prague,1204953,0,0,0,1,1,100.0,12541,0.29,0.43,167,85677,99107,Hl.m. Praha,Prague,1204953,0,0,0,1,1,100.0,12541,0.29,0.43,167,85677,99107,120,64493.1,1000.0,144715.3,13845.0,64100.0,14.6
3616,35,F,2994,M,3,,960914,48744,36,1354,1,96,9,Vsetin,north Moravia,148545,8,35,12,3,4,53.5,8909,4.01,5.56,113,3460,3590,Vsetin,north Moravia,148545,8,35,12,3,4,53.5,8909,4.01,5.56,113,3460,3590,14,42930.2,900.0,62891.3,11392.0,28603.5,53.7
3649,40,F,3021,M,3,,961204,155616,48,3242,1,96,12,Praha - vychod,central Bohemia,92084,55,29,4,3,5,46.7,10124,0.56,0.54,141,3810,4316,Praha - vychod,central Bohemia,92084,55,29,4,3,5,46.7,10124,0.56,0.54,141,3810,4316,30,39426.1,300.0,62153.6,9151.0,29176.0,14.6
3670,19,F,3037,M,5,,960418,277884,36,7719,-1,96,4,Chrudim,east Bohemia,105606,77,26,7,2,7,53.0,8254,2.79,3.76,97,2166,2325,Chrudim,east Bohemia,105606,77,26,7,2,7,53.0,8254,2.79,3.76,97,2166,2325,117,46487.0,1000.0,129394.2,10720.0,53200.0,14.6
3687,27,M,3050,M,6,classic,940902,82896,12,6908,1,94,9,Semily,east Bohemia,75685,31,28,5,1,9,60.8,8208,1.89,2.26,155,1660,2123,Prostejov,south Moravia,110643,49,41,4,1,4,51.9,8441,3.45,4.48,115,1879,2252,126,57141.7,900.0,107680.9,10766.0,62168.0,14.6
3705,34,F,3064,M,6,,950321,15420,12,1285,1,95,3,Hl.m. Praha,Prague,1204953,0,0,0,1,1,100.0,12541,0.29,0.43,167,85677,99107,Teplice,north Bohemia,128118,9,16,6,3,8,85.3,9317,6.49,7.07,97,6949,6872,151,24577.2,1000.0,41137.4,3142.0,13881.0,14.6
3730,54,F,3084,W,3,,960828,253512,36,7042,-1,96,8,Kromeriz,south Moravia,108871,41,29,7,2,6,62.1,8444,3.24,3.47,106,2595,2305,Kromeriz,south Moravia,108871,41,29,7,2,6,62.1,8444,3.24,3.47,106,2595,2305,29,37095.8,300.0,111044.2,11379.0,40419.0,13.4
3763,22,F,3112,M,5,,960224,123216,48,2567,1,96,2,Louny,north Bohemia,85852,41,23,4,2,4,59.8,8965,7.08,8.23,104,2653,2822,Louny,north Bohemia,85852,41,23,4,2,4,59.8,8965,7.08,8.23,104,2653,2822,128,70622.8,700.0,138433.7,12136.0,59200.0,14.6
3767,63,M,3115,M,3,,961115,321180,60,5353,1,96,11,Ceske Budejovice,south Bohemia,177686,69,27,10,1,9,74.8,10045,1.42,1.71,135,6604,6295,Ceske Budejovice,south Bohemia,177686,69,27,10,1,9,74.8,10045,1.42,1.71,135,6604,6295,38,40524.5,700.0,90257.3,13585.0,48180.0,14.6
3829,27,M,3166,M,6,,950103,177744,48,3703,-1,95,1,Kromeriz,south Moravia,108871,41,29,7,2,6,62.1,8444,3.24,3.47,106,2595,2305,Novy Jicin,north Moravia,161227,5,35,11,4,10,69.7,8678,5.93,5.57,102,4980,4595,95,26746.5,-2485.5,89733.5,6727.0,45056.0,3.3
3855,60,M,3189,M,4,,961215,222180,60,3703,-1,96,12,Rokycany,west Bohemia,45714,52,10,5,1,6,55.6,8843,2.82,3.6,113,818,888,Rokycany,west Bohemia,45714,52,10,5,1,6,55.6,8843,2.82,3.6,113,818,888,59,55230.4,800.0,130659.1,11725.0,52600.0,14.6
3907,45,F,3230,M,4,,961004,77184,36,2144,1,96,10,Hl.m. Praha,Prague,1204953,0,0,0,1,1,100.0,12541,0.29,0.43,167,85677,99107,Hl.m. Praha,Prague,1204953,0,0,0,1,1,100.0,12541,0.29,0.43,167,85677,99107,77,50722.3,200.0,142917.9,14561.0,63600.0,14.6
4056,47,F,3354,M,6,,940705,4980,12,415,1,94,7,Vyskov,south Moravia,86513,38,36,5,1,5,50.5,8288,3.79,4.52,110,1562,1460,Vyskov,south Moravia,86513,38,36,5,1,5,50.5,8288,3.79,4.52,110,1562,1460,46,30533.4,800.0,41106.2,3933.0,16000.0,14.6
4217,48,F,3489,M,5,,950801,44088,24,1837,1,95,8,Nymburk,central Bohemia,81344,61,23,4,2,6,55.3,8899,3.39,3.97,149,2987,2487,Nymburk,central Bohemia,81344,61,23,4,2,6,55.3,8899,3.39,3.97,149,2987,2487,32,36548.8,1000.0,55576.8,6618.0,24304.5,14.6
4352,28,M,3608,W,5,,960524,161496,36,4486,1,96,5,Olomouc,north Moravia,226122,32,50,7,4,4,62.6,8994,3.8,4.79,110,9672,9208,Olomouc,north Moravia,226122,32,50,7,4,4,62.6,8994,3.8,4.79,110,9672,9208,130,33219.9,500.0,113865.5,6844.0,64900.0,8.0
4377,21,M,3629,M,6,,950530,158760,60,2646,1,95,5,Rychnov nad Kneznou,east Bohemia,78955,50,24,8,1,9,59.0,9060,1.78,2.44,124,1655,1717,Rychnov nad Kneznou,east Bohemia,78955,50,24,8,1,9,59.0,9060,1.78,2.44,124,1655,1717,166,24908.8,900.0,59898.4,4654.0,23810.0,14.6
4428,45,M,3674,M,6,,940910,23628,12,1969,1,94,9,Louny,north Bohemia,85852,41,23,4,2,4,59.8,8965,7.08,8.23,104,2653,2822,Louny,north Bohemia,85852,41,23,4,2,4,59.8,8965,7.08,8.23,104,2653,2822,110,47420.8,1000.0,140228.7,9916.0,43694.0,1.7
4433,31,M,3678,M,6,,950205,316140,60,5269,-1,95,2,Hl.m. Praha,Prague,1204953,0,0,0,1,1,100.0,12541,0.29,0.43,167,85677,99107,Hl.m. Praha,Prague,1204953,0,0,0,1,1,100.0,12541,0.29,0.43,167,85677,99107,139,18632.9,800.0,39616.2,3872.0,13352.0,14.6
4434,35,M,3679,M,4,,960723,444864,48,9268,1,96,7,Zlin,south Moravia,197099,29,41,10,2,10,74.7,9624,1.6,2.31,145,4484,4265,Zlin,south Moravia,197099,29,41,10,2,10,74.7,9624,1.6,2.31,145,4484,4265,64,32404.8,800.0,62903.5,6433.0,25862.0,14.6
4520,42,F,3747,M,5,,950102,76380,12,6365,1,95,1,Hl.m. Praha,Prague,1204953,0,0,0,1,1,100.0,12541,0.29,0.43,167,85677,99107,Hl.m. Praha,Prague,1204953,0,0,0,1,1,100.0,12541,0.29,0.43,167,85677,99107,45,26122.8,1100.0,41703.3,3572.0,12861.0,14.6
4527,36,F,3752,M,5,,950402,18564,12,1547,1,95,4,Hl.m. Praha,Prague,1204953,0,0,0,1,1,100.0,12541,0.29,0.43,167,85677,99107,Hl.m. Praha,Prague,1204953,0,0,0,1,1,100.0,12541,0.29,0.43,167,85677,99107,13,35538.0,200.0,56498.4,8590.0,25603.5,24.0
4529,23,M,3754,W,3,,961103,68544,24,2856,1,96,11,Litomerice,north Bohemia,114006,71,26,6,2,9,62.3,9065,4.46,5.39,123,4147,4166,Litomerice,north Bohemia,114006,71,26,6,2,9,62.3,9065,4.46,5.39,123,4147,4166,54,44948.6,900.0,94207.7,8948.0,44342.0,30.0
4584,50,F,3804,M,5,,960208,63252,12,5271,1,96,2,Melnik,central Bohemia,94725,38,28,1,3,6,63.4,9920,2.26,2.87,130,4289,4846,Melnik,central Bohemia,94725,38,28,1,3,6,63.4,9920,2.26,2.87,130,4289,4846,164,49291.8,13097.7,86343.2,9458.0,47436.0,14.6
4620,59,F,3834,M,6,,940928,23052,12,1921,1,94,9,Brno - mesto,south Moravia,387570,0,0,0,1,1,100.0,9897,1.6,1.96,140,18721,18696,Brno - mesto,south Moravia,387570,0,0,0,1,1,100.0,9897,1.6,1.96,140,18721,18696,171,23772.0,700.0,54321.8,3618.0,24000.0,14.6
4916,60,M,4079,M,6,,950405,158976,48,3312,1,95,4,Usti nad Orlici,east Bohemia,139012,59,41,8,3,10,61.9,8363,2.52,3.49,108,2564,2799,Usti nad Orlici,east Bohemia,139012,59,41,8,3,10,61.9,8363,2.52,3.49,108,2564,2799,156,49916.1,600.0,130293.2,8573.0,48358.0,14.6
4918,31,M,4081,M,4,,951128,137904,24,5746,-1,95,11,Praha - zapad,central Bohemia,75637,35,36,9,0,7,36.5,9622,0.45,0.59,154,3475,3529,Praha - zapad,central Bohemia,75637,35,36,9,0,7,36.5,9622,0.45,0.59,154,3475,3529,12,26886.2,600.0,43259.7,6363.0,11878.0,29.4
5133,40,F,4259,M,5,,940827,79632,24,3318,1,94,8,Zdar nad Sazavou,south Moravia,125832,151,41,2,3,5,48.3,8512,3.51,4.12,102,2247,2103,Zdar nad Sazavou,south Moravia,125832,151,41,2,3,5,48.3,8512,3.51,4.12,102,2247,2103,16,63494.2,900.0,119373.5,24949.0,66165.0,112.5
5134,32,F,4260,M,6,,940629,244560,60,4076,1,94,6,Jihlava,south Moravia,109164,98,16,6,1,4,63.6,8757,3.38,3.95,96,2212,2471,Breclav,south Moravia,124605,11,42,14,1,8,46.0,8772,4.69,4.98,126,2854,3158,42,38426.7,1000.0,72512.5,10169.0,36680.0,14.6
5224,50,M,4337,M,6,,941208,51408,24,2142,1,94,12,Rokycany,west Bohemia,45714,52,10,5,1,6,55.6,8843,2.82,3.6,113,818,888,Rokycany,west Bohemia,45714,52,10,5,1,6,55.6,8843,2.82,3.6,113,818,888,64,52299.3,900.0,137087.2,13411.0,57700.0,14.6
5318,31,M,4413,W,5,,950208,221280,48,4610,1,95,2,Ostrava - mesto,north Moravia,323870,0,0,0,1,1,100.0,10673,4.75,5.44,100,18782,18347,Ostrava - mesto,north Moravia,323870,0,0,0,1,1,100.0,10673,4.75,5.44,100,18782,18347,71,37596.9,1100.0,106144.8,11892.0,50178.0,30.0
5320,48,F,4414,M,6,,950223,97224,24,4051,1,95,2,Pelhrimov,south Bohemia,74062,99,15,4,2,7,61.4,8114,2.38,2.62,119,1003,1181,Karlovy Vary,west Bohemia,122603,25,21,6,2,8,80.0,8991,1.39,2.01,128,5198,5273,112,22360.5,1000.0,43393.0,3938.0,16257.0,14.6
5333,32,F,4423,M,4,,951031,73836,36,2051,1,95,10,Most,north Bohemia,119895,17,4,3,2,4,89.9,10446,7.34,9.4,90,4947,4743,Most,north Bohemia,119895,17,4,3,2,4,89.9,10446,7.34,9.4,90,4947,4743,19,55315.2,900.0,129607.8,16708.0,44281.0,19.1
5337,38,M,4427,M,6,,940926,87816,12,7318,1,94,9,Hl.m. Praha,Prague,1204953,0,0,0,1,1,100.0,12541,0.29,0.43,167,85677,99107,Ceska Lipa,north Bohemia,105058,32,19,7,2,10,81.0,9272,2.8,3.22,118,4340,4505,84,25533.2,800.0,43442.2,4539.0,14886.0,14.6
5364,35,M,4447,M,3,,961031,192744,36,5354,1,96,10,Uherske Hradiste,south Moravia,145688,22,41,13,2,5,40.7,8544,1.29,1.86,109,2719,2906,Uherske Hradiste,south Moravia,145688,22,41,13,2,5,40.7,8544,1.29,1.86,109,2719,2906,26,62590.4,200.0,128778.8,15435.0,49871.0,14.6
5366,28,F,4448,M,6,,941003,192744,36,5354,1,94,10,Prostejov,south Moravia,110643,49,41,4,1,4,51.9,8441,3.45,4.48,115,1879,2252,Prostejov,south Moravia,110643,49,41,4,1,4,51.9,8441,3.45,4.48,115,1879,2252,76,37265.7,700.0,121508.1,7644.0,47700.0,8.8
5384,64,M,4462,W,4,,960514,66480,24,2770,-1,96,5,Opava,north Moravia,182027,17,49,12,2,7,56.4,8746,3.33,3.74,90,4355,4433,Opava,north Moravia,182027,17,49,12,2,7,56.4,8746,3.33,3.74,90,4355,4433,10,34798.3,900.0,77551.0,13609.0,49631.0,20.0
5399,27,F,4476,M,5,,960925,15192,24,633,1,96,9,Karlovy Vary,west Bohemia,122603,25,21,6,2,8,80.0,8991,1.39,2.01,128,5198,5273,Karlovy Vary,west Bohemia,122603,25,21,6,2,8,80.0,8991,1.39,2.01,128,5198,5273,169,29941.9,500.0,48157.1,4100.0,21513.0,14.6
5433,24,M,4503,M,4,junior,960101,135360,48,2820,1,96,1,Svitavy,east Bohemia,102609,75,33,2,3,6,52.0,8187,4.83,5.45,94,2123,2134,Svitavy,east Bohemia,102609,75,33,2,3,6,52.0,8187,4.83,5.45,94,2123,2134,77,64881.3,200.0,146479.5,14959.0,48633.0,14.6
5517,35,M,4576,M,6,,940604,300204,36,8339,1,94,6,Hodonin,south Moravia,161954,21,37,20,3,8,48.0,8720,3.73,4.5,116,3729,3651,Plzen - jih,west Bohemia,67298,71,19,10,0,7,43.8,8561,0.65,1.29,110,1029,1127,71,34084.5,300.0,57676.7,6578.0,28365.0,14.6
5521,26,F,4580,M,5,,950805,20220,12,1685,1,95,8,Nymburk,central Bohemia,81344,61,23,4,2,6,55.3,8899,3.39,3.97,149,2987,2487,Nymburk,central Bohemia,81344,61,23,4,2,6,55.3,8899,3.39,3.97,149,2987,2487,51,41077.6,500.0,122906.7,9716.0,49397.0,14.6
5526,52,M,4585,M,3,,961010,64656,48,1347,1,96,10,Plzen - jih,west Bohemia,67298,71,19,10,0,7,43.8,8561,0.65,1.29,110,1029,1127,Plzen - jih,west Bohemia,67298,71,19,10,0,7,43.8,8561,0.65,1.29,110,1029,1127,12,25896.5,200.0,44749.0,6379.0,13609.0,62.9
5606,19,M,4650,M,4,,960825,402000,60,6700,1,96,8,Kladno,central Bohemia,149893,63,29,6,2,6,67.4,9753,4.64,5.05,109,5244,5892,Kladno,central Bohemia,149893,63,29,6,2,6,67.4,9753,4.64,5.05,109,5244,5892,54,21568.9,200.0,35650.8,3030.0,9500.0,14.6
5701,40,F,4727,M,4,,950811,107640,24,4485,1,95,8,Benesov,central Bohemia,88884,80,26,6,2,5,46.7,8507,1.67,1.85,132,2159,2674,Benesov,central Bohemia,88884,80,26,6,2,5,46.7,8507,1.67,1.85,132,2159,2674,23,50214.5,600.0,107783.7,17489.0,53613.0,14.6
5760,51,M,4774,M,5,,950709,465072,48,9689,1,95,7,Zdar nad Sazavou,south Moravia,125832,151,41,2,3,5,48.3,8512,3.51,4.12,102,2247,2103,Zdar nad Sazavou,south Moravia,125832,151,41,2,3,5,48.3,8512,3.51,4.12,102,2247,2103,103,27778.7,300.0,79557.6,8580.0,42880.0,14.6
5826,31,M,4825,M,5,,950818,21396,12,1783,1,95,8,Cesky Krumlov,south Bohemia,58796,22,16,7,1,5,51.9,9045,3.13,3.6,124,1845,1879,Cesky Krumlov,south Bohemia,58796,22,16,7,1,5,51.9,9045,3.13,3.6,124,1845,1879,78,30812.9,1000.0,46848.9,4644.0,16048.0,14.6
5858,47,M,4851,M,3,,960822,141648,24,5902,1,96,8,Usti nad Orlici,east Bohemia,139012,59,41,8,3,10,61.9,8363,2.52,3.49,108,2564,2799,Usti nad Orlici,east Bohemia,139012,59,41,8,3,10,61.9,8363,2.52,3.49,108,2564,2799,18,45100.4,200.0,123310.1,14106.0,42127.0,55.6
5860,35,M,4852,M,4,,960304,213300,36,5925,1,96,3,Pardubice,east Bohemia,162580,83,26,5,1,6,72.8,9538,1.51,1.81,111,6079,5410,Pardubice,east Bohemia,162580,83,26,5,1,6,72.8,9538,1.51,1.81,111,6079,5410,59,27951.9,400.0,42443.7,3730.0,13600.0,14.6
5911,64,M,4894,M,6,,931104,117024,24,4876,1,93,11,Ceske Budejovice,south Bohemia,177686,69,27,10,1,9,74.8,10045,1.42,1.71,135,6604,6295,Ceske Budejovice,south Bohemia,177686,69,27,10,1,9,74.8,10045,1.42,1.71,135,6604,6295,13,44131.2,800.0,76985.2,14123.0,29255.0,45.1
5928,29,F,4907,M,5,,960103,98832,48,2059,1,96,1,Havlickuv Brod,east Bohemia,95907,87,25,5,2,7,59.1,8388,2.41,2.94,87,1658,1668,Havlickuv Brod,east Bohemia,95907,87,25,5,2,7,59.1,8388,2.41,2.94,87,1658,1668,177,31814.3,500.0,63095.4,4382.0,23282.0,14.6
5965,48,M,4937,M,6,,940723,143904,24,5996,1,94,7,Svitavy,east Bohemia,102609,75,33,2,3,6,52.0,8187,4.83,5.45,94,2123,2134,Pribram,central Bohemia,107870,84,29,6,1,6,58.0,8754,3.83,4.31,137,3804,3868,139,49727.5,700.0,134571.2,9194.0,60500.0,6.7
5977,20,M,4948,M,4,,961115,359760,60,5996,1,96,11,Hradec Kralove,east Bohemia,161854,73,21,6,1,6,76.3,9425,1.72,2.5,125,4085,3891,Hradec Kralove,east Bohemia,161854,73,21,6,1,6,76.3,9425,1.72,2.5,125,4085,3891,48,32434.7,900.0,127807.6,8082.0,51700.0,14.6
6015,26,M,4981,M,3,,961128,179328,48,3736,1,96,11,Brno - mesto,south Moravia,387570,0,0,0,1,1,100.0,9897,1.6,1.96,140,18721,18696,Brno - mesto,south Moravia,387570,0,0,0,1,1,100.0,9897,1.6,1.96,140,18721,18696,52,44094.0,200.0,81614.7,8936.0,34960.0,14.6
6033,33,M,4994,W,3,,960803,258444,36,7179,1,96,8,Hl.m. Praha,Prague,1204953,0,0,0,1,1,100.0,12541,0.29,0.43,167,85677,99107,Hl.m. Praha,Prague,1204953,0,0,0,1,1,100.0,12541,0.29,0.43,167,85677,99107,16,40688.1,600.0,61790.4,8681.0,31830.0,141.4
6034,60,M,4995,W,5,,960203,128988,36,3583,-1,96,2,Strakonice,south Bohemia,70646,94,14,3,1,4,58.4,8547,2.65,3.64,120,1563,1542,Strakonice,south Bohemia,70646,94,14,3,1,4,58.4,8547,2.65,3.64,120,1563,1542,82,34740.7,-36.1,78192.9,7563.0,42530.0,0.1
6042,36,M,5001,M,4,,961109,110112,24,4588,1,96,11,Blansko,south Moravia,107911,88,33,6,2,7,50.9,8240,2.53,3.56,99,1850,1903,Blansko,south Moravia,107911,88,33,6,2,7,50.9,8240,2.53,3.56,99,1850,1903,82,76232.7,700.0,135658.1,17235.0,52500.0,14.6
6077,19,F,5033,M,4,,960725,11400,12,950,1,96,7,Brno - mesto,south Moravia,387570,0,0,0,1,1,100.0,9897,1.6,1.96,140,18721,18696,Brno - mesto,south Moravia,387570,0,0,0,1,1,100.0,9897,1.6,1.96,140,18721,18696,77,27533.7,300.0,39514.1,2434.0,10734.0,14.6
6115,46,F,5066,W,4,,960210,61656,24,2569,-1,96,2,Rakovnik,central Bohemia,53921,61,22,1,1,2,41.3,8598,2.77,3.26,123,1597,1875,Rakovnik,central Bohemia,53921,61,22,1,1,2,41.3,8598,2.77,3.26,123,1597,1875,12,44763.5,400.0,89256.9,16008.0,47337.0,36.9
6178,59,F,5120,M,6,,940810,323472,48,6739,1,94,8,Hl.m. Praha,Prague,1204953,0,0,0,1,1,100.0,12541,0.29,0.43,167,85677,99107,Hl.m. Praha,Prague,1204953,0,0,0,1,1,100.0,12541,0.29,0.43,167,85677,99107,57,45414.1,200.0,119934.1,12422.0,44802.0,14.6
6185,51,F,5126,M,4,,960111,20352,48,424,1,96,1,Jihlava,south Moravia,109164,98,16,6,1,4,63.6,8757,3.38,3.95,96,2212,2471,Jihlava,south Moravia,109164,98,16,6,1,4,63.6,8757,3.38,3.95,96,2212,2471,48,31814.4,400.0,44427.9,3610.0,12549.0,14.6
6299,63,M,5213,M,4,,960425,320976,48,6687,-1,96,4,Hl.m. Praha,Prague,1204953,0,0,0,1,1,100.0,12541,0.29,0.43,167,85677,99107,Hl.m. Praha,Prague,1204953,0,0,0,1,1,100.0,12541,0.29,0.43,167,85677,99107,50,49483.0,1000.0,130775.0,15094.0,70071.0,14.6
6301,50,F,5215,M,6,,940804,14628,12,1219,1,94,8,Brno - venkov,south Moravia,157042,49,70,18,0,9,33.9,8743,1.88,2.43,111,3659,3894,Brno - venkov,south Moravia,157042,49,70,18,0,9,33.9,8743,1.88,2.43,111,3659,3894,102,32788.1,200.0,52184.7,4093.0,23230.5,2.0
6317,42,F,5228,AT,6,,940711,173808,24,7242,1,94,7,Vsetin,north Moravia,148545,8,35,12,3,4,53.5,8909,4.01,5.56,113,3460,3590,Vsetin,north Moravia,148545,8,35,12,3,4,53.5,8909,4.01,5.56,113,3460,3590,75,61218.7,1000.0,134416.6,17397.0,74522.0,43.3
6349,27,M,5256,AT,6,,940510,193968,36,5388,1,94,5,Olomouc,north Moravia,226122,32,50,7,4,4,62.6,8994,3.8,4.79,110,9672,9208,Olomouc,north Moravia,226122,32,50,7,4,4,62.6,8994,3.8,4.79,110,9672,9208,29,63579.2,800.0,120567.3,16951.0,54200.0,52.4
6359,23,M,5263,M,4,,961112,276300,60,4605,1,96,11,Zlin,south Moravia,197099,29,41,10,2,10,74.7,9624,1.6,2.31,145,4484,4265,Zlin,south Moravia,197099,29,41,10,2,10,74.7,9624,1.6,2.31,145,4484,4265,92,25997.6,500.0,40755.0,3105.0,8888.0,14.6
6367,29,M,5270,M,6,,931122,79608,24,3317,1,93,11,Chrudim,east Bohemia,105606,77,26,7,2,7,53.0,8254,2.79,3.76,97,2166,2325,Chrudim,east Bohemia,105606,77,26,7,2,7,53.0,8254,2.79,3.76,97,2166,2325,53,69954.6,800.0,125825.7,17600.0,67124.0,14.6
6417,49,M,5313,M,6,,940227,300660,60,5011,1,94,2,Teplice,north Bohemia,128118,9,16,6,3,8,85.3,9317,6.49,7.07,97,6949,6872,Teplice,north Bohemia,128118,9,16,6,3,8,85.3,9317,6.49,7.07,97,6949,6872,66,45854.9,800.0,135175.2,10343.0,48900.0,14.6
6499,36,M,5385,W,6,,940407,149340,60,2489,1,94,4,Chrudim,east Bohemia,105606,77,26,7,2,7,53.0,8254,2.79,3.76,97,2166,2325,Chrudim,east Bohemia,105606,77,26,7,2,7,53.0,8254,2.79,3.76,97,2166,2325,56,29069.1,500.0,53214.0,5779.0,22404.0,30.0
6544,25,M,5422,M,5,,960603,368880,60,6148,1,96,6,Zdar nad Sazavou,south Moravia,125832,151,41,2,3,5,48.3,8512,3.51,4.12,102,2247,2103,Zdar nad Sazavou,south Moravia,125832,151,41,2,3,5,48.3,8512,3.51,4.12,102,2247,2103,182,60030.7,1100.0,151062.3,11574.0,64500.0,9.7
6551,51,F,5428,M,6,,930924,174744,24,7281,-1,93,9,Karlovy Vary,west Bohemia,122603,25,21,6,2,8,80.0,8991,1.39,2.01,128,5198,5273,Karlovy Vary,west Bohemia,122603,25,21,6,2,8,80.0,8991,1.39,2.01,128,5198,5273,32,37485.5,1000.0,105628.0,11558.0,52600.0,14.6
6567,21,F,5442,M,6,,940617,174744,24,7281,-1,94,6,Kolin,central Bohemia,95616,65,30,4,1,6,51.4,9307,3.85,4.43,118,2616,3040,Chomutov,north Bohemia,125236,28,11,1,4,5,87.7,9675,6.43,7.68,100,5323,5190,118,26252.8,-1369.2,96659.4,7376.0,46739.0,0.2
6616,46,M,5481,M,6,,940911,209184,48,4358,1,94,9,Hl.m. Praha,Prague,1204953,0,0,0,1,1,100.0,12541,0.29,0.43,167,85677,99107,Usti nad Orlici,east Bohemia,139012,59,41,8,3,10,61.9,8363,2.52,3.49,108,2564,2799,68,46230.3,1000.0,110583.8,14438.0,61800.0,14.6
6691,57,M,5541,M,4,,960718,32640,48,680,1,96,7,Hradec Kralove,east Bohemia,161854,73,21,6,1,6,76.3,9425,1.72,2.5,125,4085,3891,Hradec Kralove,east Bohemia,161854,73,21,6,1,6,76.3,9425,1.72,2.5,125,4085,3891,107,25906.4,300.0,43206.0,2773.0,20700.0,14.6
6731,56,M,5574,W,5,,960410,44628,12,3719,1,96,4,Rakovnik,central Bohemia,53921,61,22,1,1,2,41.3,8598,2.77,3.26,123,1597,1875,Rakovnik,central Bohemia,53921,61,22,1,1,2,41.3,8598,2.77,3.26,123,1597,1875,146,49477.3,900.0,112689.5,14238.0,71565.0,30.0
6753,37,M,5593,M,3,,960809,44376,12,3698,1,96,8,Cesky Krumlov,south Bohemia,58796,22,16,7,1,5,51.9,9045,3.13,3.6,124,1845,1879,Cesky Krumlov,south Bohemia,58796,22,16,7,1,5,51.9,9045,3.13,3.6,124,1845,1879,39,53505.2,800.0,124090.0,15332.0,54100.0,14.6
6789,20,M,5622,M,6,,941102,83016,12,6918,1,94,11,Hodonin,south Moravia,161954,21,37,20,3,8,48.0,8720,3.73,4.5,116,3729,3651,Karvina,north Moravia,285387,0,2,8,5,7,89.9,10177,6.63,7.75,81,9878,10108,196,67891.9,700.0,136436.6,13415.0,64400.0,14.6
6798,51,F,5628,M,5,,950425,225420,60,3757,1,95,4,Trebic,south Moravia,117897,139,28,5,1,6,53.8,8814,4.76,5.74,107,2112,2059,Trebic,south Moravia,117897,139,28,5,1,6,53.8,8814,4.76,5.74,107,2112,2059,51,31185.2,200.0,53271.6,5452.0,20727.0,14.6
6803,19,F,5632,W,5,,950725,285600,60,4760,1,95,7,Kolin,central Bohemia,95616,65,30,4,1,6,51.4,9307,3.85,4.43,118,2616,3040,Kolin,central Bohemia,95616,65,30,4,1,6,51.4,9307,3.85,4.43,118,2616,3040,49,49651.9,1100.0,126077.1,10412.0,42729.0,30.0
6829,36,F,5650,AT,4,,950710,98592,24,4108,1,95,7,Praha - vychod,central Bohemia,92084,55,29,4,3,5,46.7,10124,0.56,0.54,141,3810,4316,Praha - vychod,central Bohemia,92084,55,29,4,3,5,46.7,10124,0.56,0.54,141,3810,4316,26,54128.6,900.0,78713.7,10807.0,36975.0,68.7
6895,28,M,5700,M,6,,950316,103680,60,1728,-1,95,3,Havlickuv Brod,east Bohemia,95907,87,25,5,2,7,59.1,8388,2.41,2.94,87,1658,1668,Havlickuv Brod,east Bohemia,95907,87,25,5,2,7,59.1,8388,2.41,2.94,87,1658,1668,109,28250.1,500.0,46520.1,3896.0,14422.5,14.6
6936,40,F,5735,M,4,,960221,290700,60,4845,-1,96,2,Usti nad Orlici,east Bohemia,139012,59,41,8,3,10,61.9,8363,2.52,3.49,108,2564,2799,Usti nad Orlici,east Bohemia,139012,59,41,8,3,10,61.9,8363,2.52,3.49,108,2564,2799,100,59647.4,-2825.2,129626.3,14275.0,56400.0,5.1
6946,29,F,5742,AT,4,,951216,232560,48,4845,1,95,12,Ostrava - mesto,north Moravia,323870,0,0,0,1,1,100.0,10673,4.75,5.44,100,18782,18347,Ostrava - mesto,north Moravia,323870,0,0,0,1,1,100.0,10673,4.75,5.44,100,18782,18347,27,63188.6,600.0,102665.9,13067.0,39741.0,100.0
6987,31,M,5774,M,4,,951128,31176,24,1299,1,95,11,Hl.m. Praha,Prague,1204953,0,0,0,1,1,100.0,12541,0.29,0.43,167,85677,99107,Hl.m. Praha,Prague,1204953,0,0,0,1,1,100.0,12541,0.29,0.43,167,85677,99107,23,46304.2,700.0,65769.6,9027.0,29418.0,14.6
7010,32,M,5794,M,4,,960506,123600,60,2060,1,96,5,Karvina,north Moravia,285387,0,2,8,5,7,89.9,10177,6.63,7.75,81,9878,10108,Karvina,north Moravia,285387,0,2,8,5,7,89.9,10177,6.63,7.75,81,9878,10108,49,39514.7,300.0,105255.7,9121.0,47109.0,14.6
7127,42,M,5891,M,6,,940418,65184,12,5432,1,94,4,Beroun,central Bohemia,75232,55,26,4,1,5,41.7,8980,1.95,2.21,111,2824,2813,Brno - mesto,south Moravia,387570,0,0,0,1,1,100.0,9897,1.6,1.96,140,18721,18696,82,47426.6,900.0,102410.3,11973.0,48891.0,14.6
7166,35,M,5927,M,6,,940606,87216,48,1817,-1,94,6,Cesky Krumlov,south Bohemia,58796,22,16,7,1,5,51.9,9045,3.13,3.6,124,1845,1879,Cesky Krumlov,south Bohemia,58796,22,16,7,1,5,51.9,9045,3.13,3.6,124,1845,1879,33,28362.2,200.0,41410.0,4041.0,16356.0,14.6
7195,37,M,5952,M,6,,940930,141240,24,5885,1,94,9,Svitavy,east Bohemia,102609,75,33,2,3,6,52.0,8187,4.83,5.45,94,2123,2134,Svitavy,east Bohemia,102609,75,33,2,3,6,52.0,8187,4.83,5.45,94,2123,2134,102,57219.6,1000.0,107784.1,9343.0,52968.0,14.6
7241,42,F,5991,M,6,,941103,61056,48,1272,1,94,11,Hodonin,south Moravia,161954,21,37,20,3,8,48.0,8720,3.73,4.5,116,3729,3651,Hl.m. Praha,Prague,1204953,0,0,0,1,1,100.0,12541,0.29,0.43,167,85677,99107,64,36039.1,900.0,55816.0,5646.0,24372.0,14.6
7286,29,F,6030,M,6,,950304,28248,24,1177,1,95,3,Pardubice,east Bohemia,162580,83,26,5,1,6,72.8,9538,1.51,1.81,111,6079,5410,Pardubice,east Bohemia,162580,83,26,5,1,6,72.8,9538,1.51,1.81,111,6079,5410,94,45582.4,400.0,69893.0,8112.0,30055.5,14.6
7291,59,F,6034,W,6,,931201,464520,60,7742,-1,93,12,Vsetin,north Moravia,148545,8,35,12,3,4,53.5,8909,4.01,5.56,113,3460,3590,Kutna Hora,central Bohemia,77963,60,23,4,2,4,51.5,8546,2.95,4.02,126,2640,3120,68,51760.0,200.0,125943.1,13336.0,47757.0,30.0
7299,61,M,6040,M,6,,941002,11736,24,489,1,94,10,Hl.m. Praha,Prague,1204953,0,0,0,1,1,100.0,12541,0.29,0.43,167,85677,99107,Hl.m. Praha,Prague,1204953,0,0,0,1,1,100.0,12541,0.29,0.43,167,85677,99107,133,42224.4,1100.0,70826.8,6033.0,33098.0,14.6
7311,50,M,6051,M,6,,940708,276660,36,7685,-1,94,7,Breclav,south Moravia,124605,11,42,14,1,8,46.0,8772,4.69,4.98,126,2854,3158,Breclav,south Moravia,124605,11,42,14,1,8,46.0,8772,4.69,4.98,126,2854,3158,58,19256.9,500.0,32720.4,3499.0,11600.0,9.5
7390,62,M,6118,W,5,,950108,270648,36,7518,-1,95,1,Hl.m. Praha,Prague,1204953,0,0,0,1,1,100.0,12541,0.29,0.43,167,85677,99107,Hl.m. Praha,Prague,1204953,0,0,0,1,1,100.0,12541,0.29,0.43,167,85677,99107,72,60820.0,200.0,134501.4,12959.0,52700.0,30.0
7422,41,M,6148,M,6,,941104,59760,24,2490,1,94,11,Ostrava - mesto,north Moravia,323870,0,0,0,1,1,100.0,10673,4.75,5.44,100,18782,18347,Ostrava - mesto,north Moravia,323870,0,0,0,1,1,100.0,10673,4.75,5.44,100,18782,18347,54,40204.5,300.0,69643.1,8295.0,34557.0,14.6
7521,39,F,6226,W,6,,941220,398640,60,6644,1,94,12,Ostrava - mesto,north Moravia,323870,0,0,0,1,1,100.0,10673,4.75,5.44,100,18782,18347,Ostrava - mesto,north Moravia,323870,0,0,0,1,1,100.0,10673,4.75,5.44,100,18782,18347,86,63383.6,400.0,121689.5,16553.0,59793.0,30.0
7576,37,M,6273,M,6,,940607,87360,24,3640,1,94,6,Louny,north Bohemia,85852,41,23,4,2,4,59.8,8965,7.08,8.23,104,2653,2822,Louny,north Bohemia,85852,41,23,4,2,4,59.8,8965,7.08,8.23,104,2653,2822,30,36784.0,200.0,69174.6,8146.0,49341.0,14.6
7594,50,F,6289,M,4,,960811,85632,48,1784,1,96,8,Zlin,south Moravia,197099,29,41,10,2,10,74.7,9624,1.6,2.31,145,4484,4265,Zlin,south Moravia,197099,29,41,10,2,10,74.7,9624,1.6,2.31,145,4484,4265,85,65066.7,800.0,156504.1,15232.0,60800.0,14.6
7672,46,M,6353,M,6,,950212,79920,60,1332,1,95,2,Plzen - mesto,west Bohemia,170449,0,0,0,1,1,100.0,10787,2.64,3.09,131,6041,6261,Plzen - mesto,west Bohemia,170449,0,0,0,1,1,100.0,10787,2.64,3.09,131,6041,6261,95,43847.0,700.0,74199.5,7707.0,36634.5,14.6
7678,37,M,6358,M,4,,960806,270384,48,5633,1,96,8,Beroun,central Bohemia,75232,55,26,4,1,5,41.7,8980,1.95,2.21,111,2824,2813,Beroun,central Bohemia,75232,55,26,4,1,5,41.7,8980,1.95,2.21,111,2824,2813,87,47654.2,700.0,91294.4,12404.0,50696.0,14.6
7683,53,M,6363,M,6,,941025,17508,12,1459,1,94,10,Pribram,central Bohemia,107870,84,29,6,1,6,58.0,8754,3.83,4.31,137,3804,3868,Ostrava - mesto,north Moravia,323870,0,0,0,1,1,100.0,10673,4.75,5.44,100,18782,18347,72,39290.6,900.0,54432.3,4843.0,17580.0,14.6
7723,33,F,6397,M,4,,960916,181020,60,3017,1,96,9,Rychnov nad Kneznou,east Bohemia,78955,50,24,8,1,9,59.0,9060,1.78,2.44,124,1655,1717,Rychnov nad Kneznou,east Bohemia,78955,50,24,8,1,9,59.0,9060,1.78,2.44,124,1655,1717,93,34005.9,500.0,60475.3,7274.0,27150.0,14.6
7727,41,F,6400,AT,4,,960212,72408,24,3017,-1,96,2,Tachov,west Bohemia,51313,34,12,3,1,4,59.2,8930,3.52,4.2,108,1328,1452,Tachov,west Bohemia,51313,34,12,3,1,4,59.2,8930,3.52,4.2,108,1328,1452,13,45099.3,700.0,83619.5,13997.0,49634.0,96.5
7753,21,F,6425,M,6,,941220,36684,12,3057,1,94,12,Karvina,north Moravia,285387,0,2,8,5,7,89.9,10177,6.63,7.75,81,9878,10108,Tachov,west Bohemia,51313,34,12,3,1,4,59.2,8930,3.52,4.2,108,1328,1452,125,30229.8,700.0,50774.2,4769.0,24480.0,8.3
7765,41,F,6434,M,4,,961111,110136,24,4589,1,96,11,Hl.m. Praha,Prague,1204953,0,0,0,1,1,100.0,12541,0.29,0.43,167,85677,99107,Hl.m. Praha,Prague,1204953,0,0,0,1,1,100.0,12541,0.29,0.43,167,85677,99107,63,50815.8,400.0,140542.8,11661.0,60700.0,14.6
7814,23,F,6472,M,5,,950206,43164,12,3597,1,95,2,Trebic,south Moravia,117897,139,28,5,1,6,53.8,8814,4.76,5.74,107,2112,2059,Trebic,south Moravia,117897,139,28,5,1,6,53.8,8814,4.76,5.74,107,2112,2059,69,68377.1,800.0,120071.4,14188.0,57680.0,14.6
7815,53,F,6473,M,6,,940526,76908,12,6409,-1,94,5,Kladno,central Bohemia,149893,63,29,6,2,6,67.4,9753,4.64,5.05,109,5244,5892,Pribram,central Bohemia,107870,84,29,6,1,6,58.0,8754,3.83,4.31,137,3804,3868,102,52890.4,1100.0,126002.8,12928.0,52200.0,14.6
7914,33,F,6555,W,6,,940331,212400,36,5900,1,94,3,Louny,north Bohemia,85852,41,23,4,2,4,59.8,8965,7.08,8.23,104,2653,2822,Louny,north Bohemia,85852,41,23,4,2,4,59.8,8965,7.08,8.23,104,2653,2822,71,51034.4,300.0,133215.2,11302.0,48828.0,30.0
7980,23,M,6609,M,4,,951112,60156,36,1671,-1,95,11,Jindrichuv Hradec,south Bohemia,93931,74,21,10,1,8,56.9,8427,1.12,1.54,107,1874,1913,Jindrichuv Hradec,south Bohemia,93931,74,21,10,1,8,56.9,8427,1.12,1.54,107,1874,1913,56,72667.6,400.0,159712.8,15972.0,53600.0,14.6
8076,49,F,6688,M,3,,961023,22968,36,638,1,96,10,Jindrichuv Hradec,south Bohemia,93931,74,21,10,1,8,56.9,8427,1.12,1.54,107,1874,1913,Jindrichuv Hradec,south Bohemia,93931,74,21,10,1,8,56.9,8427,1.12,1.54,107,1874,1913,11,23324.9,1000.0,38831.0,4185.0,8200.0,16.3
8091,28,M,6701,W,6,,931208,95400,36,2650,1,93,12,Kolin,central Bohemia,95616,65,30,4,1,6,51.4,9307,3.85,4.43,118,2616,3040,Semily,east Bohemia,75685,31,28,5,1,9,60.8,8208,1.89,2.26,155,1660,2123,47,41562.3,200.0,92354.8,10371.0,35760.0,23.6
8105,36,M,6715,W,6,,950114,137880,60,2298,-1,95,1,Olomouc,north Moravia,226122,32,50,7,4,4,62.6,8994,3.8,4.79,110,9672,9208,Rychnov nad Kneznou,east Bohemia,78955,50,24,8,1,9,59.0,9060,1.78,2.44,124,1655,1717,89,24523.1,200.0,52658.4,6024.0,20848.0,30.0
8130,23,F,6738,M,5,,951031,37908,12,3159,1,95,10,Uherske Hradiste,south Moravia,145688,22,41,13,2,5,40.7,8544,1.29,1.86,109,2719,2906,Uherske Hradiste,south Moravia,145688,22,41,13,2,5,40.7,8544,1.29,1.86,109,2719,2906,76,42164.0,800.0,69530.4,7485.0,28431.0,14.1
8359,20,M,6924,M,5,,951205,194880,48,4060,1,95,12,Ostrava - mesto,north Moravia,323870,0,0,0,1,1,100.0,10673,4.75,5.44,100,18782,18347,Ostrava - mesto,north Moravia,323870,0,0,0,1,1,100.0,10673,4.75,5.44,100,18782,18347,113,36421.4,300.0,71138.8,8188.0,36536.0,14.6
8366,39,F,6930,M,6,,940526,25944,24,1081,1,94,5,Usti nad Labem,north Bohemia,118650,8,8,5,1,3,85.6,9832,3.32,4.48,114,6445,5471,Usti nad Labem,north Bohemia,118650,8,8,5,1,3,85.6,9832,3.32,4.48,114,6445,5471,37,56927.5,600.0,80155.2,10705.0,36289.5,14.6
8432,31,F,6985,M,4,,960725,96768,36,2688,1,96,7,Louny,north Bohemia,85852,41,23,4,2,4,59.8,8965,7.08,8.23,104,2653,2822,Louny,north Bohemia,85852,41,23,4,2,4,59.8,8965,7.08,8.23,104,2653,2822,66,51611.3,900.0,117830.9,13244.0,64100.0,13.4
8598,42,F,7123,AT,6,,931209,47016,12,3918,1,93,12,Nachod,east Bohemia,112709,48,20,7,3,10,73.5,8369,1.79,2.31,117,2854,2618,Zlin,south Moravia,197099,29,41,10,2,10,74.7,9624,1.6,2.31,145,4484,4265,42,60382.1,200.0,112901.6,12252.0,51800.0,32.8
8610,51,F,7133,M,6,,941106,48672,36,1352,1,94,11,Brno - venkov,south Moravia,157042,49,70,18,0,9,33.9,8743,1.88,2.43,111,3659,3894,Hl.m. Praha,Prague,1204953,0,0,0,1,1,100.0,12541,0.29,0.43,167,85677,99107,97,23050.2,300.0,33484.4,1577.0,12100.0,14.6
8615,60,F,7136,W,4,,960919,74124,36,2059,1,96,9,Pribram,central Bohemia,107870,84,29,6,1,6,58.0,8754,3.83,4.31,137,3804,3868,Pribram,central Bohemia,107870,84,29,6,1,6,58.0,8754,3.83,4.31,137,3804,3868,122,54371.3,400.0,159765.9,9024.0,49816.0,30.0
8670,56,F,7184,M,4,,960804,155640,24,6485,1,96,8,Kolin,central Bohemia,95616,65,30,4,1,6,51.4,9307,3.85,4.43,118,2616,3040,Kolin,central Bohemia,95616,65,30,4,1,6,51.4,9307,3.85,4.43,118,2616,3040,105,45183.3,500.0,72838.9,5794.0,34486.0,14.6
8677,44,M,7190,M,6,,950606,63360,60,1056,1,95,6,Semily,east Bohemia,75685,31,28,5,1,9,60.8,8208,1.89,2.26,155,1660,2123,Semily,east Bohemia,75685,31,28,5,1,9,60.8,8208,1.89,2.26,155,1660,2123,119,29108.4,700.0,40733.8,3182.0,12138.0,14.6
9173,54,M,7401,M,6,,940105,80952,24,3373,1,94,1,Hl.m. Praha,Prague,1204953,0,0,0,1,1,100.0,12541,0.29,0.43,167,85677,99107,Hl.m. Praha,Prague,1204953,0,0,0,1,1,100.0,12541,0.29,0.43,167,85677,99107,54,33312.5,1100.0,67529.6,7938.0,30354.0,13.5
9196,60,F,7418,M,4,,960429,30276,12,2523,-1,96,4,Tabor,south Bohemia,103347,87,16,7,1,7,67.0,9104,1.51,2.07,123,2299,2354,Tabor,south Bohemia,103347,87,16,7,1,7,67.0,9104,1.51,2.07,123,2299,2354,92,31318.9,1000.0,58621.4,5028.0,22708.0,14.6
9226,60,F,7445,M,6,,940315,55368,24,2307,1,94,3,Zlin,south Moravia,197099,29,41,10,2,10,74.7,9624,1.6,2.31,145,4484,4265,Zlin,south Moravia,197099,29,41,10,2,10,74.7,9624,1.6,2.31,145,4484,4265,98,46061.3,200.0,113350.7,8702.0,48139.0,14.6
9236,43,F,7454,M,6,,940526,63312,48,1319,1,94,5,Tachov,west Bohemia,51313,34,12,3,1,4,59.2,8930,3.52,4.2,108,1328,1452,Kladno,central Bohemia,149893,63,29,6,2,6,67.4,9753,4.64,5.05,109,5244,5892,82,22551.8,500.0,31462.9,2011.0,10500.0,14.6
9273,44,F,7485,M,6,,940316,91200,24,3800,1,94,3,Most,north Bohemia,119895,17,4,3,2,4,89.9,10446,7.34,9.4,90,4947,4743,Most,north Bohemia,119895,17,4,3,2,4,89.9,10446,7.34,9.4,90,4947,4743,36,32558.5,700.0,76736.9,10000.0,34198.0,14.6
9316,41,F,7523,M,5,,950103,288468,36,8013,1,95,1,Vyskov,south Moravia,86513,38,36,5,1,5,50.5,8288,3.79,4.52,110,1562,1460,Vyskov,south Moravia,86513,38,36,5,1,5,50.5,8288,3.79,4.52,110,1562,1460,17,36999.5,600.0,71939.2,8402.0,30950.0,6.4
9346,27,M,7546,M,5,,951102,41952,12,3496,1,95,11,Hradec Kralove,east Bohemia,161854,73,21,6,1,6,76.3,9425,1.72,2.5,125,4085,3891,Hradec Kralove,east Bohemia,161854,73,21,6,1,6,76.3,9425,1.72,2.5,125,4085,3891,105,41502.0,500.0,71527.0,5890.0,31462.0,14.6
9366,24,M,7562,W,4,,951231,309600,48,6450,1,95,12,Olomouc,north Moravia,226122,32,50,7,4,4,62.6,8994,3.8,4.79,110,9672,9208,Olomouc,north Moravia,226122,32,50,7,4,4,62.6,8994,3.8,4.79,110,9672,9208,56,58185.6,400.0,112363.1,16046.0,58052.0,30.0
9417,50,M,7606,M,4,,951212,191880,60,3198,1,95,12,Tabor,south Bohemia,103347,87,16,7,1,7,67.0,9104,1.51,2.07,123,2299,2354,Tabor,south Bohemia,103347,87,16,7,1,7,67.0,9104,1.51,2.07,123,2299,2354,87,53685.8,400.0,128539.4,12114.0,59200.0,14.6
9418,49,M,7607,M,6,,950327,31728,24,1322,1,95,3,Hl.m. Praha,Prague,1204953,0,0,0,1,1,100.0,12541,0.29,0.43,167,85677,99107,Hl.m. Praha,Prague,1204953,0,0,0,1,1,100.0,12541,0.29,0.43,167,85677,99107,117,31139.7,600.0,56122.8,5173.0,22267.5,14.6
9427,29,F,7614,M,4,classic,960518,320592,48,6679,1,96,5,Uherske Hradiste,south Moravia,145688,22,41,13,2,5,40.7,8544,1.29,1.86,109,2719,2906,Uherske Hradiste,south Moravia,145688,22,41,13,2,5,40.7,8544,1.29,1.86,109,2719,2906,88,60781.3,500.0,117827.8,13875.0,60108.0,14.6
9593,31,F,7753,M,6,classic,940311,51696,24,2154,1,94,3,Ostrava - mesto,north Moravia,323870,0,0,0,1,1,100.0,10673,4.75,5.44,100,18782,18347,Ostrava - mesto,north Moravia,323870,0,0,0,1,1,100.0,10673,4.75,5.44,100,18782,18347,102,58226.5,600.0,124339.4,13901.0,59600.0,14.6
9606,50,M,7765,W,5,,951211,27984,12,2332,1,95,12,Usti nad Orlici,east Bohemia,139012,59,41,8,3,10,61.9,8363,2.52,3.49,108,2564,2799,Usti nad Orlici,east Bohemia,139012,59,41,8,3,10,61.9,8363,2.52,3.49,108,2564,2799,76,30639.9,500.0,82352.4,7290.0,47513.0,30.0
9611,41,M,7769,M,6,,940522,196080,48,4085,1,94,5,Cheb,west Bohemia,87419,21,11,4,3,9,85.5,8624,1.79,2.66,102,2879,3198,Cheb,west Bohemia,87419,21,11,4,3,9,85.5,8624,1.79,2.66,102,2879,3198,47,49144.0,900.0,97457.4,10472.0,46888.0,14.6
9641,54,M,7795,M,4,,961029,372120,60,6202,1,96,10,Zlin,south Moravia,197099,29,41,10,2,10,74.7,9624,1.6,2.31,145,4484,4265,Zlin,south Moravia,197099,29,41,10,2,10,74.7,9624,1.6,2.31,145,4484,4265,172,64044.0,500.0,128495.4,15182.0,63300.0,14.6
9663,54,M,7815,W,4,,960101,189696,24,7904,1,96,1,Prachatice,south Bohemia,51428,50,11,3,1,4,52.7,8402,3.13,3.98,120,999,1099,Prachatice,south Bohemia,51428,50,11,3,1,4,52.7,8402,3.13,3.98,120,999,1099,89,54137.1,700.0,125386.9,11583.0,57600.0,30.0
9670,51,M,7819,M,6,,950202,20832,48,434,1,95,2,Louny,north Bohemia,85852,41,23,4,2,4,59.8,8965,7.08,8.23,104,2653,2822,Louny,north Bohemia,85852,41,23,4,2,4,59.8,8965,7.08,8.23,104,2653,2822,151,21368.9,500.0,41997.9,2499.0,19700.0,14.6
9675,29,F,7824,M,5,,940928,189696,24,7904,-1,94,9,Prostejov,south Moravia,110643,49,41,4,1,4,51.9,8441,3.45,4.48,115,1879,2252,Prostejov,south Moravia,110643,49,41,4,1,4,51.9,8441,3.45,4.48,115,1879,2252,5,14900.0,600.0,22500.0,4500.0,11500.0,600.0
9702,48,F,7844,M,6,,940625,91584,24,3816,1,94,6,Decin,north Bohemia,133777,24,17,7,3,11,84.7,8705,5.75,7.61,116,4650,4859,Hl.m. Praha,Prague,1204953,0,0,0,1,1,100.0,12541,0.29,0.43,167,85677,99107,31,50765.4,1000.0,83039.4,15003.0,47906.0,14.6
9715,22,F,7857,M,6,,950118,68112,12,5676,1,95,1,Jablonec n. Nisou,north Bohemia,88768,10,18,5,1,7,80.5,8867,1.02,1.21,130,3384,3620,Prerov,north Moravia,138032,67,30,4,2,5,64.6,8819,5.38,5.66,99,4063,4505,147,47220.1,300.0,111588.8,9898.0,57164.0,14.6
9717,47,F,7859,M,4,,961119,72120,12,6010,1,96,11,Usti nad Orlici,east Bohemia,139012,59,41,8,3,10,61.9,8363,2.52,3.49,108,2564,2799,Usti nad Orlici,east Bohemia,139012,59,41,8,3,10,61.9,8363,2.52,3.49,108,2564,2799,102,75686.1,1000.0,109338.9,14377.0,54092.0,14.6
9721,45,M,7861,M,4,,951008,21852,36,607,1,95,10,Chomutov,north Bohemia,125236,28,11,1,4,5,87.7,9675,6.43,7.68,100,5323,5190,Chomutov,north Bohemia,125236,28,11,1,4,5,87.7,9675,6.43,7.68,100,5323,5190,18,38509.0,700.0,60863.2,9232.0,27736.5,14.6
9798,49,F,7926,W,3,,960922,84120,24,3505,1,96,9,Jesenik,north Moravia,42821,4,13,5,1,3,48.4,8173,5.68,7.01,124,1309,1358,Jesenik,north Moravia,42821,4,13,5,1,3,48.4,8173,5.68,7.01,124,1309,1358,19,56910.7,900.0,89570.9,14769.0,47952.0,30.0
9844,54,M,7965,M,6,,940930,71460,12,5955,1,94,9,Brno - venkov,south Moravia,157042,49,70,18,0,9,33.9,8743,1.88,2.43,111,3659,3894,Brno - venkov,south Moravia,157042,49,70,18,0,9,33.9,8743,1.88,2.43,111,3659,3894,43,47991.5,200.0,82549.0,10433.0,48487.0,14.6
9915,32,M,8027,W,6,,940605,77640,12,6470,1,94,6,Plzen - jih,west Bohemia,67298,71,19,10,0,7,43.8,8561,0.65,1.29,110,1029,1127,Chrudim,east Bohemia,105606,77,26,7,2,7,53.0,8254,2.79,3.76,97,2166,2325,60,55570.3,700.0,117489.5,13256.0,58227.0,30.0
9930,27,M,8039,M,4,,961020,93600,24,3900,1,96,10,Nymburk,central Bohemia,81344,61,23,4,2,6,55.3,8899,3.39,3.97,149,2987,2487,Nymburk,central Bohemia,81344,61,23,4,2,6,55.3,8899,3.39,3.97,149,2987,2487,55,40078.7,900.0,96108.3,7856.0,45287.0,14.6
9933,58,M,8041,M,6,,941106,140400,36,3900,1,94,11,Ostrava - mesto,north Moravia,323870,0,0,0,1,1,100.0,10673,4.75,5.44,100,18782,18347,Hl.m. Praha,Prague,1204953,0,0,0,1,1,100.0,12541,0.29,0.43,167,85677,99107,45,43563.6,400.0,115000.2,10992.0,63200.0,14.6
9945,31,F,8051,W,6,,940601,208320,48,4340,1,94,6,Tachov,west Bohemia,51313,34,12,3,1,4,59.2,8930,3.52,4.2,108,1328,1452,Hl.m. Praha,Prague,1204953,0,0,0,1,1,100.0,12541,0.29,0.43,167,85677,99107,85,43944.9,200.0,82981.9,9434.0,39060.0,30.0
9973,54,F,8073,AT,6,,940217,49320,12,4110,-1,94,2,Karlovy Vary,west Bohemia,122603,25,21,6,2,8,80.0,8991,1.39,2.01,128,5198,5273,Karlovy Vary,west Bohemia,122603,25,21,6,2,8,80.0,8991,1.39,2.01,128,5198,5273,49,46576.3,900.0,126833.0,10548.0,62700.0,100.0
9995,41,M,8092,M,4,,960220,56100,60,935,1,96,2,Brno - mesto,south Moravia,387570,0,0,0,1,1,100.0,9897,1.6,1.96,140,18721,18696,Brno - mesto,south Moravia,387570,0,0,0,1,1,100.0,9897,1.6,1.96,140,18721,18696,68,20158.0,1000.0,45346.1,3857.0,13986.0,14.6
10040,31,F,8127,M,5,,960715,155880,24,6495,1,96,7,Litomerice,north Bohemia,114006,71,26,6,2,9,62.3,9065,4.46,5.39,123,4147,4166,Litomerice,north Bohemia,114006,71,26,6,2,9,62.3,9065,4.46,5.39,123,4147,4166,142,63263.1,1000.0,164648.6,12237.0,60700.0,14.6
10043,34,M,8129,M,6,,940730,74736,36,2076,1,94,7,Jicin,east Bohemia,77917,85,19,6,1,5,53.5,8390,2.28,2.89,132,2080,2122,Jicin,east Bohemia,77917,85,19,6,1,5,53.5,8390,2.28,2.89,132,2080,2122,67,37913.0,700.0,62084.0,8192.0,30918.0,14.6
10076,30,F,8159,M,4,,950613,29784,24,1241,1,95,6,Plzen - mesto,west Bohemia,170449,0,0,0,1,1,100.0,10787,2.64,3.09,131,6041,6261,Plzen - mesto,west Bohemia,170449,0,0,0,1,1,100.0,10787,2.64,3.09,131,6041,6261,12,27626.1,200.0,49220.3,6943.0,17241.0,59.4
10095,23,F,8173,M,6,,940520,80340,12,6695,1,94,5,Hl.m. Praha,Prague,1204953,0,0,0,1,1,100.0,12541,0.29,0.43,167,85677,99107,Praha - zapad,central Bohemia,75637,35,36,9,0,7,36.5,9622,0.45,0.59,154,3475,3529,52,61531.6,1100.0,122523.5,15464.0,61260.0,14.6
10198,23,M,8260,M,6,,940825,224604,36,6239,1,94,8,Tachov,west Bohemia,51313,34,12,3,1,4,59.2,8930,3.52,4.2,108,1328,1452,Tachov,west Bohemia,51313,34,12,3,1,4,59.2,8930,3.52,4.2,108,1328,1452,93,57497.0,200.0,109178.4,14538.0,56152.0,14.6
10200,19,F,8261,M,6,,930913,87840,24,3660,1,93,9,Rakovnik,central Bohemia,53921,61,22,1,1,2,41.3,8598,2.77,3.26,123,1597,1875,Rakovnik,central Bohemia,53921,61,22,1,1,2,41.3,8598,2.77,3.26,123,1597,1875,17,46318.6,500.0,65847.8,9497.0,32938.0,51.3
10269,59,F,8316,M,5,,950319,134784,24,5616,1,95,3,Karvina,north Moravia,285387,0,2,8,5,7,89.9,10177,6.63,7.75,81,9878,10108,Karvina,north Moravia,285387,0,2,8,5,7,89.9,10177,6.63,7.75,81,9878,10108,55,44005.1,900.0,112839.2,9330.0,58800.0,12.2
10275,29,F,8321,M,6,,940509,89040,60,1484,1,94,5,Vsetin,north Moravia,148545,8,35,12,3,4,53.5,8909,4.01,5.56,113,3460,3590,Vsetin,north Moravia,148545,8,35,12,3,4,53.5,8909,4.01,5.56,113,3460,3590,87,30045.4,800.0,46550.2,3441.0,15843.0,14.6
10282,20,M,8327,W,4,,960310,247728,48,5161,1,96,3,Hl.m. Praha,Prague,1204953,0,0,0,1,1,100.0,12541,0.29,0.43,167,85677,99107,Hl.m. Praha,Prague,1204953,0,0,0,1,1,100.0,12541,0.29,0.43,167,85677,99107,50,60054.7,200.0,108390.1,12112.0,57900.0,30.0
10287,37,F,8330,M,6,,940330,7656,24,319,1,94,3,Rychnov nad Kneznou,east Bohemia,78955,50,24,8,1,9,59.0,9060,1.78,2.44,124,1655,1717,Rychnov nad Kneznou,east Bohemia,78955,50,24,8,1,9,59.0,9060,1.78,2.44,124,1655,1717,81,46444.6,600.0,73069.1,6437.0,31677.0,9.2
10350,38,F,8377,M,6,,950601,417060,60,6951,1,95,6,Rokycany,west Bohemia,45714,52,10,5,1,6,55.6,8843,2.82,3.6,113,818,888,Rokycany,west Bohemia,45714,52,10,5,1,6,55.6,8843,2.82,3.6,113,818,888,74,58445.0,200.0,127508.6,10584.0,52700.0,14.6
10382,34,F,8405,M,5,,951014,266220,60,4437,1,95,10,Strakonice,south Bohemia,70646,94,14,3,1,4,58.4,8547,2.65,3.64,120,1563,1542,Strakonice,south Bohemia,70646,94,14,3,1,4,58.4,8547,2.65,3.64,120,1563,1542,144,34922.9,900.0,66744.4,5581.0,33190.0,14.6
10389,56,F,8411,M,5,,960506,220620,60,3677,1,96,5,Strakonice,south Bohemia,70646,94,14,3,1,4,58.4,8547,2.65,3.64,120,1563,1542,Strakonice,south Bohemia,70646,94,14,3,1,4,58.4,8547,2.65,3.64,120,1563,1542,128,36907.5,1100.0,70272.7,6331.0,33096.0,14.6
10459,35,F,8475,M,6,,940121,21072,24,878,1,94,1,Pelhrimov,south Bohemia,74062,99,15,4,2,7,61.4,8114,2.38,2.62,119,1003,1181,Kladno,central Bohemia,149893,63,29,6,2,6,67.4,9753,4.64,5.05,109,5244,5892,15,21575.7,1100.0,33467.0,3164.0,9738.0,48.5
10475,51,F,8489,M,6,,950623,265320,36,7370,1,95,6,Trutnov,east Bohemia,121947,37,28,7,3,11,70.5,8541,2.51,2.97,131,3496,3839,Prachatice,south Bohemia,51428,50,11,3,1,4,52.7,8402,3.13,3.98,120,999,1099,148,35566.9,700.0,61993.3,5332.0,26409.0,14.6
10479,44,F,8492,M,5,,950903,85860,60,1431,1,95,9,Benesov,central Bohemia,88884,80,26,6,2,5,46.7,8507,1.67,1.85,132,2159,2674,Benesov,central Bohemia,88884,80,26,6,2,5,46.7,8507,1.67,1.85,132,2159,2674,96,30461.4,1000.0,44713.5,3377.0,16713.0,5.0
10510,54,F,8519,M,6,,940811,74688,12,6224,1,94,8,Cheb,west Bohemia,87419,21,11,4,3,9,85.5,8624,1.79,2.66,102,2879,3198,Cheb,west Bohemia,87419,21,11,4,3,9,85.5,8624,1.79,2.66,102,2879,3198,112,48484.6,1100.0,104902.4,11551.0,56019.0,14.6
10528,47,F,8533,M,4,,960919,174048,48,3626,1,96,9,Pardubice,east Bohemia,162580,83,26,5,1,6,72.8,9538,1.51,1.81,111,6079,5410,Pardubice,east Bohemia,162580,83,26,5,1,6,72.8,9538,1.51,1.81,111,6079,5410,69,72968.4,600.0,127067.6,13503.0,49461.0,14.6
10543,54,F,8547,W,4,,960530,173016,36,4806,1,96,5,Ceske Budejovice,south Bohemia,177686,69,27,10,1,9,74.8,10045,1.42,1.71,135,6604,6295,Ceske Budejovice,south Bohemia,177686,69,27,10,1,9,74.8,10045,1.42,1.71,135,6604,6295,94,61799.2,300.0,123928.2,13520.0,62700.0,30.0
10555,64,M,8558,AT,5,,940614,288360,60,4806,1,94,6,Hl.m. Praha,Prague,1204953,0,0,0,1,1,100.0,12541,0.29,0.43,167,85677,99107,Hl.m. Praha,Prague,1204953,0,0,0,1,1,100.0,12541,0.29,0.43,167,85677,99107,10,33211.8,800.0,58495.8,8585.0,27116.0,8.7
10563,50,M,8564,M,6,,950311,76680,24,3195,1,95,3,Frydek - Mistek,north Moravia,228848,15,40,18,2,6,57.2,9893,4.09,4.72,96,5623,5887,Frydek - Mistek,north Moravia,228848,15,40,18,2,6,57.2,9893,4.09,4.72,96,5623,5887,143,62933.5,1000.0,104676.1,9878.0,57554.0,14.6
10566,57,F,8566,M,6,,940929,230220,36,6395,-1,94,9,Ostrava - mesto,north Moravia,323870,0,0,0,1,1,100.0,10673,4.75,5.44,100,18782,18347,Ostrava - mesto,north Moravia,323870,0,0,0,1,1,100.0,10673,4.75,5.44,100,18782,18347,82,27658.5,-2719.7,130801.0,7189.0,59800.0,4.9
10636,28,M,8625,M,6,,950410,47304,24,1971,1,95,4,Zlin,south Moravia,197099,29,41,10,2,10,74.7,9624,1.6,2.31,145,4484,4265,Zlin,south Moravia,197099,29,41,10,2,10,74.7,9624,1.6,2.31,145,4484,4265,167,68740.0,400.0,148093.0,13868.0,59900.0,14.6
10702,61,M,8680,M,3,,960714,85716,36,2381,1,96,7,Pelhrimov,south Bohemia,74062,99,15,4,2,7,61.4,8114,2.38,2.62,119,1003,1181,Pelhrimov,south Bohemia,74062,99,15,4,2,7,61.4,8114,2.38,2.62,119,1003,1181,19,31337.3,800.0,52782.7,7206.0,21430.0,52.5
10818,27,M,8776,M,5,,950826,33984,48,708,1,95,8,Zlin,south Moravia,197099,29,41,10,2,10,74.7,9624,1.6,2.31,145,4484,4265,Zlin,south Moravia,197099,29,41,10,2,10,74.7,9624,1.6,2.31,145,4484,4265,70,38587.8,600.0,55077.5,4598.0,20196.0,14.6
10963,55,M,8899,W,5,,951225,125340,60,2089,1,95,12,Hl.m. Praha,Prague,1204953,0,0,0,1,1,100.0,12541,0.29,0.43,167,85677,99107,Hl.m. Praha,Prague,1204953,0,0,0,1,1,100.0,12541,0.29,0.43,167,85677,99107,127,51145.5,500.0,110933.4,9687.0,49974.0,30.0
11050,42,F,8972,M,3,,961221,45024,48,938,1,96,12,Karvina,north Moravia,285387,0,2,8,5,7,89.9,10177,6.63,7.75,81,9878,10108,Karvina,north Moravia,285387,0,2,8,5,7,89.9,10177,6.63,7.75,81,9878,10108,39,41994.9,800.0,63659.3,7780.0,31636.5,14.6
11063,44,F,8982,M,6,,941012,227880,36,6330,1,94,10,Zlin,south Moravia,197099,29,41,10,2,10,74.7,9624,1.6,2.31,145,4484,4265,Zlin,south Moravia,197099,29,41,10,2,10,74.7,9624,1.6,2.31,145,4484,4265,83,45134.7,1100.0,153213.7,8157.0,64600.0,14.6
11093,40,M,9006,W,5,,960608,186384,48,3883,1,96,6,Teplice,north Bohemia,128118,9,16,6,3,8,85.3,9317,6.49,7.07,97,6949,6872,Teplice,north Bohemia,128118,9,16,6,3,8,85.3,9317,6.49,7.07,97,6949,6872,190,61578.3,700.0,129557.3,11953.0,60600.0,30.0
11105,42,F,9017,M,4,,960326,100224,48,2088,-1,96,3,Karvina,north Moravia,285387,0,2,8,5,7,89.9,10177,6.63,7.75,81,9878,10108,Karvina,north Moravia,285387,0,2,8,5,7,89.9,10177,6.63,7.75,81,9878,10108,18,28124.9,700.0,46487.1,4933.0,18792.0,26.5
11114,47,M,9024,M,3,,961004,70656,48,1472,1,96,10,Hl.m. Praha,Prague,1204953,0,0,0,1,1,100.0,12541,0.29,0.43,167,85677,99107,Hl.m. Praha,Prague,1204953,0,0,0,1,1,100.0,12541,0.29,0.43,167,85677,99107,53,32646.9,600.0,55343.2,5188.0,26080.0,14.6
11121,28,F,9030,M,4,,961212,155616,48,3242,1,96,12,Olomouc,north Moravia,226122,32,50,7,4,4,62.6,8994,3.8,4.79,110,9672,9208,Olomouc,north Moravia,226122,32,50,7,4,4,62.6,8994,3.8,4.79,110,9672,9208,172,44197.5,200.0,75294.1,4896.0,36960.0,14.6
11126,34,F,9034,M,6,,931216,38148,12,3179,1,93,12,Hl.m. Praha,Prague,1204953,0,0,0,1,1,100.0,12541,0.29,0.43,167,85677,99107,Hl.m. Praha,Prague,1204953,0,0,0,1,1,100.0,12541,0.29,0.43,167,85677,99107,29,37462.1,900.0,62324.6,8370.0,32706.0,9.9
11195,46,M,9093,M,6,,940803,189300,60,3155,1,94,8,Jihlava,south Moravia,109164,98,16,6,1,4,63.6,8757,3.38,3.95,96,2212,2471,Pardubice,east Bohemia,162580,83,26,5,1,6,72.8,9538,1.51,1.81,111,6079,5410,102,32354.0,800.0,61043.3,5114.0,28413.0,14.6
11208,42,F,9104,M,5,,940807,172080,48,3585,1,94,8,Praha - vychod,central Bohemia,92084,55,29,4,3,5,46.7,10124,0.56,0.54,141,3810,4316,Praha - vychod,central Bohemia,92084,55,29,4,3,5,46.7,10124,0.56,0.54,141,3810,4316,42,60744.0,200.0,119138.8,11369.0,45518.0,14.6
11314,63,M,9188,M,6,,930728,127080,60,2118,1,93,7,Jicin,east Bohemia,77917,85,19,6,1,5,53.5,8390,2.28,2.89,132,2080,2122,Jicin,east Bohemia,77917,85,19,6,1,5,53.5,8390,2.28,2.89,132,2080,2122,24,30061.0,800.0,49590.4,5417.0,19065.0,48.6
11327,52,M,9199,M,3,,960911,29448,12,2454,-1,96,9,Olomouc,north Moravia,226122,32,50,7,4,4,62.6,8994,3.8,4.79,110,9672,9208,Olomouc,north Moravia,226122,32,50,7,4,4,62.6,8994,3.8,4.79,110,9672,9208,11,28977.4,800.0,43790.6,8272.0,22090.0,63.8
11372,38,M,9236,M,6,,931221,86616,12,7218,1,93,12,Praha - zapad,central Bohemia,75637,35,36,9,0,7,36.5,9622,0.45,0.59,154,3475,3529,Praha - zapad,central Bohemia,75637,35,36,9,0,7,36.5,9622,0.45,0.59,154,3475,3529,15,25714.0,800.0,48353.1,5324.0,17859.0,29.8
11409,19,F,9265,M,6,,940711,39576,12,3298,1,94,7,Ceska Lipa,north Bohemia,105058,32,19,7,2,10,81.0,9272,2.8,3.22,118,4340,4505,Hl.m. Praha,Prague,1204953,0,0,0,1,1,100.0,12541,0.29,0.43,167,85677,99107,115,48944.8,300.0,103467.2,8275.0,49603.0,14.6
11461,25,M,9307,M,6,,940919,41904,12,3492,1,94,9,Karvina,north Moravia,285387,0,2,8,5,7,89.9,10177,6.63,7.75,81,9878,10108,Frydek - Mistek,north Moravia,228848,15,40,18,2,6,57.2,9893,4.09,4.72,96,5623,5887,143,36080.4,900.0,129123.0,6721.0,51700.0,0.8
11497,40,F,9337,M,6,,940604,52128,24,2172,1,94,6,Praha - zapad,central Bohemia,75637,35,36,9,0,7,36.5,9622,0.45,0.59,154,3475,3529,Sokolov,west Bohemia,94812,15,13,8,2,10,81.8,9650,3.38,3.67,100,2985,2804,71,33459.7,144.2,59944.2,6032.0,44473.0,0.1
11574,55,F,9403,W,6,,940805,120888,36,3358,1,94,8,Hl.m. Praha,Prague,1204953,0,0,0,1,1,100.0,12541,0.29,0.43,167,85677,99107,Hl.m. Praha,Prague,1204953,0,0,0,1,1,100.0,12541,0.29,0.43,167,85677,99107,96,40838.8,600.0,116468.4,9301.0,49200.0,30.0
11596,59,F,9422,M,3,,961029,86184,12,7182,1,96,10,Karvina,north Moravia,285387,0,2,8,5,7,89.9,10177,6.63,7.75,81,9878,10108,Karvina,north Moravia,285387,0,2,8,5,7,89.9,10177,6.63,7.75,81,9878,10108,42,59935.3,300.0,128146.0,16524.0,64642.0,14.6
11662,27,M,9472,W,6,,950508,36396,12,3033,1,95,5,Sumperk,north Moravia,127369,31,32,13,2,7,51.2,8369,4.73,5.88,107,3736,2807,Hl.m. Praha,Prague,1204953,0,0,0,1,1,100.0,12541,0.29,0.43,167,85677,99107,158,57977.0,800.0,125887.5,11731.0,51700.0,30.0
11685,34,F,9493,M,4,,950909,188688,48,3931,1,95,9,Zlin,south Moravia,197099,29,41,10,2,10,74.7,9624,1.6,2.31,145,4484,4265,Zlin,south Moravia,197099,29,41,10,2,10,74.7,9624,1.6,2.31,145,4484,4265,22,42203.2,400.0,71255.7,10874.0,35378.0,14.6
11709,38,M,9510,M,3,,961122,228276,36,6341,1,96,11,Hl.m. Praha,Prague,1204953,0,0,0,1,1,100.0,12541,0.29,0.43,167,85677,99107,Hl.m. Praha,Prague,1204953,0,0,0,1,1,100.0,12541,0.29,0.43,167,85677,99107,20,41402.1,500.0,60236.6,7187.0,22288.0,14.6
11754,33,M,9548,M,3,,961115,46176,48,962,1,96,11,Uherske Hradiste,south Moravia,145688,22,41,13,2,5,40.7,8544,1.29,1.86,109,2719,2906,Uherske Hradiste,south Moravia,145688,22,41,13,2,5,40.7,8544,1.29,1.86,109,2719,2906,17,33613.1,1000.0,54705.1,8574.0,18109.0,64.5
11794,29,F,9583,W,5,,951212,104712,24,4363,1,95,12,Tachov,west Bohemia,51313,34,12,3,1,4,59.2,8930,3.52,4.2,108,1328,1452,Tachov,west Bohemia,51313,34,12,3,1,4,59.2,8930,3.52,4.2,108,1328,1452,108,52379.1,300.0,119752.3,12020.0,48996.0,30.0
11804,55,M,9591,M,6,,950411,104712,24,4363,1,95,4,Ostrava - mesto,north Moravia,323870,0,0,0,1,1,100.0,10673,4.75,5.44,100,18782,18347,Ostrava - mesto,north Moravia,323870,0,0,0,1,1,100.0,10673,4.75,5.44,100,18782,18347,191,57357.8,400.0,147603.2,11980.0,56400.0,14.6
11851,29,M,9627,AT,5,,951122,244368,48,5091,1,95,11,Znojmo,south Moravia,114200,101,41,4,1,4,43.7,8403,5.74,5.72,105,2157,2718,Znojmo,south Moravia,114200,101,41,4,1,4,43.7,8403,5.74,5.72,105,2157,2718,144,75924.2,200.0,143453.3,17859.0,57200.0,100.0
11866,62,M,9640,M,6,,950111,76416,24,3184,1,95,1,Hl.m. Praha,Prague,1204953,0,0,0,1,1,100.0,12541,0.29,0.43,167,85677,99107,Hl.m. Praha,Prague,1204953,0,0,0,1,1,100.0,12541,0.29,0.43,167,85677,99107,153,31375.2,8686.4,64494.1,6527.0,28659.0,14.6
11873,36,F,9645,M,3,,960606,176148,36,4893,1,96,6,Louny,north Bohemia,85852,41,23,4,2,4,59.8,8965,7.08,8.23,104,2653,2822,Louny,north Bohemia,85852,41,23,4,2,4,59.8,8965,7.08,8.23,104,2653,2822,13,47154.5,1100.0,83783.4,17599.0,34881.0,34.9
11886,58,F,9656,M,6,,950613,139536,24,5814,1,95,6,Trebic,south Moravia,117897,139,28,5,1,6,53.8,8814,4.76,5.74,107,2112,2059,Trebic,south Moravia,117897,139,28,5,1,6,53.8,8814,4.76,5.74,107,2112,2059,165,63889.9,800.0,151546.9,14454.0,53200.0,12.2
11978,28,M,9731,AT,5,,951122,113796,36,3161,1,95,11,Brno - mesto,south Moravia,387570,0,0,0,1,1,100.0,9897,1.6,1.96,140,18721,18696,Brno - mesto,south Moravia,387570,0,0,0,1,1,100.0,9897,1.6,1.96,140,18721,18696,72,36840.6,500.0,58022.1,6453.0,28446.0,100.0
12003,23,M,9750,M,5,,950211,151728,48,3161,-1,95,2,Ostrava - mesto,north Moravia,323870,0,0,0,1,1,100.0,10673,4.75,5.44,100,18782,18347,Ostrava - mesto,north Moravia,323870,0,0,0,1,1,100.0,10673,4.75,5.44,100,18782,18347,57,30491.1,-669.7,82784.6,8290.0,48906.0,0.8
12050,56,M,9790,M,4,classic,960727,133968,48,2791,1,96,7,Usti nad Orlici,east Bohemia,139012,59,41,8,3,10,61.9,8363,2.52,3.49,108,2564,2799,Usti nad Orlici,east Bohemia,139012,59,41,8,3,10,61.9,8363,2.52,3.49,108,2564,2799,79,46772.3,200.0,117458.5,9940.0,60800.0,14.6
12079,27,F,9814,W,4,,960926,96168,12,8014,1,96,9,Zlin,south Moravia,197099,29,41,10,2,10,74.7,9624,1.6,2.31,145,4484,4265,Zlin,south Moravia,197099,29,41,10,2,10,74.7,9624,1.6,2.31,145,4484,4265,149,50492.7,600.0,138010.1,8241.0,53500.0,24.8
12095,60,M,9828,M,6,,950413,126600,24,5275,1,95,4,Pardubice,east Bohemia,162580,83,26,5,1,6,72.8,9538,1.51,1.81,111,6079,5410,Praha - zapad,central Bohemia,75637,35,36,9,0,7,36.5,9622,0.45,0.59,154,3475,3529,132,47119.0,400.0,94043.3,11684.0,47472.0,14.6
12102,31,F,9833,M,6,,940521,97632,12,8136,1,94,5,Tabor,south Bohemia,103347,87,16,7,1,7,67.0,9104,1.51,2.07,123,2299,2354,Strakonice,south Bohemia,70646,94,14,3,1,4,58.4,8547,2.65,3.64,120,1563,1542,65,53379.1,1100.0,119900.1,15218.0,73224.0,14.6
12144,19,M,9869,M,6,,950315,331560,60,5526,1,95,3,Benesov,central Bohemia,88884,80,26,6,2,5,46.7,8507,1.67,1.85,132,2159,2674,Pribram,central Bohemia,107870,84,29,6,1,6,58.0,8754,3.83,4.31,137,3804,3868,119,36942.0,900.0,71924.6,7322.0,33276.0,14.6
12181,38,M,9897,M,4,,950922,36168,12,3014,1,95,9,Hl.m. Praha,Prague,1204953,0,0,0,1,1,100.0,12541,0.29,0.43,167,85677,99107,Hl.m. Praha,Prague,1204953,0,0,0,1,1,100.0,12541,0.29,0.43,167,85677,99107,36,39063.8,300.0,63738.0,6932.0,27122.0,14.6
12220,28,F,9928,M,4,,960802,89340,60,1489,1,96,8,Prostejov,south Moravia,110643,49,41,4,1,4,51.9,8441,3.45,4.48,115,1879,2252,Prostejov,south Moravia,110643,49,41,4,1,4,51.9,8441,3.45,4.48,115,1879,2252,44,40005.5,500.0,54628.1,4647.0,17313.0,14.6
12303,25,F,10001,M,4,,960711,19044,36,529,1,96,7,Karlovy Vary,west Bohemia,122603,25,21,6,2,8,80.0,8991,1.39,2.01,128,5198,5273,Karlovy Vary,west Bohemia,122603,25,21,6,2,8,80.0,8991,1.39,2.01,128,5198,5273,69,43121.8,600.0,64981.1,6600.0,24126.0,14.2
12325,35,M,10019,M,4,,960925,194940,36,5415,1,96,9,Mlada Boleslav,central Bohemia,112065,95,19,7,1,8,69.4,11277,1.25,1.44,127,5179,4987,Mlada Boleslav,central Bohemia,112065,95,19,7,1,8,69.4,11277,1.25,1.44,127,5179,4987,91,56669.8,600.0,138172.6,12668.0,58700.0,1.3
12396,29,F,10079,M,6,,940406,167100,60,2785,1,94,4,Uherske Hradiste,south Moravia,145688,22,41,13,2,5,40.7,8544,1.29,1.86,109,2719,2906,Uherske Hradiste,south Moravia,145688,22,41,13,2,5,40.7,8544,1.29,1.86,109,2719,2906,79,63707.6,1100.0,143605.7,14332.0,49980.0,14.6
12416,26,M,10093,W,5,,951020,231696,36,6436,1,95,10,Hl.m. Praha,Prague,1204953,0,0,0,1,1,100.0,12541,0.29,0.43,167,85677,99107,Hl.m. Praha,Prague,1204953,0,0,0,1,1,100.0,12541,0.29,0.43,167,85677,99107,126,45873.6,800.0,108575.3,10683.0,60566.0,30.0
12432,34,M,10105,M,6,,940827,121896,24,5079,1,94,8,Brno - venkov,south Moravia,157042,49,70,18,0,9,33.9,8743,1.88,2.43,111,3659,3894,Brno - venkov,south Moravia,157042,49,70,18,0,9,33.9,8743,1.88,2.43,111,3659,3894,93,54422.6,600.0,133454.9,13230.0,64900.0,14.6
12464,40,M,10131,M,6,,940502,215388,36,5983,-1,94,5,Most,north Bohemia,119895,17,4,3,2,4,89.9,10446,7.34,9.4,90,4947,4743,Hl.m. Praha,Prague,1204953,0,0,0,1,1,100.0,12541,0.29,0.43,167,85677,99107,15,32702.7,1000.0,50757.0,6111.0,49757.0,18.0
12625,41,M,10266,M,6,,931223,75624,24,3151,-1,93,12,Brno - mesto,south Moravia,387570,0,0,0,1,1,100.0,9897,1.6,1.96,140,18721,18696,Brno - mesto,south Moravia,387570,0,0,0,1,1,100.0,9897,1.6,1.96,140,18721,18696,23,50009.9,400.0,89754.8,13407.0,49887.0,50.5
12662,46,M,10297,M,3,,961118,421008,48,8771,1,96,11,Ceske Budejovice,south Bohemia,177686,69,27,10,1,9,74.8,10045,1.42,1.71,135,6604,6295,Ceske Budejovice,south Bohemia,177686,69,27,10,1,9,74.8,10045,1.42,1.71,135,6604,6295,50,37436.4,600.0,72330.4,8522.0,31540.0,14.6
12695,20,M,10320,M,6,,931213,259740,60,4329,1,93,12,Frydek - Mistek,north Moravia,228848,15,40,18,2,6,57.2,9893,4.09,4.72,96,5623,5887,Frydek - Mistek,north Moravia,228848,15,40,18,2,6,57.2,9893,4.09,4.72,96,5623,5887,17,45198.2,800.0,79633.5,13038.0,38960.0,75.3
12754,39,M,10364,M,6,,931110,21924,36,609,1,93,11,Brno - venkov,south Moravia,157042,49,70,18,0,9,33.9,8743,1.88,2.43,111,3659,3894,Brno - venkov,south Moravia,157042,49,70,18,0,9,33.9,8743,1.88,2.43,111,3659,3894,45,34272.2,1100.0,60432.4,5958.0,21739.5,14.6
12810,35,M,10411,AT,4,gold,961211,123408,24,5142,1,96,12,Most,north Bohemia,119895,17,4,3,2,4,89.9,10446,7.34,9.4,90,4947,4743,Most,north Bohemia,119895,17,4,3,2,4,89.9,10446,7.34,9.4,90,4947,4743,65,28359.3,700.0,85626.9,5790.0,46000.0,67.5
12840,60,M,10436,M,3,,960928,54396,36,1511,1,96,9,Prostejov,south Moravia,110643,49,41,4,1,4,51.9,8441,3.45,4.48,115,1879,2252,Prostejov,south Moravia,110643,49,41,4,1,4,51.9,8441,3.45,4.48,115,1879,2252,23,30293.7,800.0,42308.8,3854.0,11244.0,14.6
12843,46,M,10439,M,6,,940603,151560,24,6315,1,94,6,Zdar nad Sazavou,south Moravia,125832,151,41,2,3,5,48.3,8512,3.51,4.12,102,2247,2103,Zdar nad Sazavou,south Moravia,125832,151,41,2,3,5,48.3,8512,3.51,4.12,102,2247,2103,28,53976.3,300.0,97912.7,16936.0,56835.0,14.6
12844,53,M,10440,M,6,,950703,60000,60,1000,1,95,7,Jicin,east Bohemia,77917,85,19,6,1,5,53.5,8390,2.28,2.89,132,2080,2122,Olomouc,north Moravia,226122,32,50,7,4,4,62.6,8994,3.8,4.79,110,9672,9208,137,24643.3,400.0,39393.9,2568.0,11049.0,14.6
12859,23,F,10451,M,6,,941219,482940,60,8049,-1,94,12,Hl.m. Praha,Prague,1204953,0,0,0,1,1,100.0,12541,0.29,0.43,167,85677,99107,Hl.m. Praha,Prague,1204953,0,0,0,1,1,100.0,12541,0.29,0.43,167,85677,99107,130,26358.8,900.0,57707.2,4061.0,21056.0,7.8
12943,29,M,10520,AT,4,gold,961205,417600,60,6960,1,96,12,Brno - venkov,south Moravia,157042,49,70,18,0,9,33.9,8743,1.88,2.43,111,3659,3894,Brno - venkov,south Moravia,157042,49,70,18,0,9,33.9,8743,1.88,2.43,111,3659,3894,34,43196.7,200.0,87052.1,8160.0,36305.0,100.0
13071,43,M,10630,M,4,,950624,198240,24,8260,1,95,6,Usti nad Labem,north Bohemia,118650,8,8,5,1,3,85.6,9832,3.32,4.48,114,6445,5471,Usti nad Labem,north Bohemia,118650,8,8,5,1,3,85.6,9832,3.32,4.48,114,6445,5471,16,30953.1,300.0,51947.2,7547.0,19455.0,43.0
13113,23,M,10663,M,6,,951028,260028,36,7223,1,95,10,Praha - zapad,central Bohemia,75637,35,36,9,0,7,36.5,9622,0.45,0.59,154,3475,3529,Praha - zapad,central Bohemia,75637,35,36,9,0,7,36.5,9622,0.45,0.59,154,3475,3529,161,50676.8,200.0,124900.7,12514.0,65008.0,14.6
13190,43,M,10728,M,5,,960321,154656,48,3222,1,96,3,Novy Jicin,north Moravia,161227,5,35,11,4,10,69.7,8678,5.93,5.57,102,4980,4595,Novy Jicin,north Moravia,161227,5,35,11,4,10,69.7,8678,5.93,5.57,102,4980,4595,89,31791.3,1000.0,61782.0,6654.0,28994.0,14.6
13201,62,M,10738,W,6,,941221,115992,36,3222,1,94,12,Tachov,west Bohemia,51313,34,12,3,1,4,59.2,8930,3.52,4.2,108,1328,1452,Jicin,east Bohemia,77917,85,19,6,1,5,53.5,8390,2.28,2.89,132,2080,2122,127,25666.4,200.0,107692.0,6214.0,60600.0,5.4
13231,40,M,10762,M,4,,960917,68832,36,1912,1,96,9,Hl.m. Praha,Prague,1204953,0,0,0,1,1,100.0,12541,0.29,0.43,167,85677,99107,Hl.m. Praha,Prague,1204953,0,0,0,1,1,100.0,12541,0.29,0.43,167,85677,99107,53,37557.1,700.0,61939.6,7829.0,28353.0,14.6
13260,22,F,10788,W,6,,940823,45768,12,3814,1,94,8,Olomouc,north Moravia,226122,32,50,7,4,4,62.6,8994,3.8,4.79,110,9672,9208,Bruntal,north Moravia,106054,38,25,6,2,6,63.1,8110,5.77,6.55,109,3244,3079,27,32555.8,800.0,78327.5,5645.0,36574.0,24.2
13380,57,M,10884,M,4,,960213,113544,36,3154,1,96,2,Znojmo,south Moravia,114200,101,41,4,1,4,43.7,8403,5.74,5.72,105,2157,2718,Znojmo,south Moravia,114200,101,41,4,1,4,43.7,8403,5.74,5.72,105,2157,2718,71,33990.4,700.0,68048.1,6453.0,28386.0,14.6
13412,45,M,10911,W,6,,940728,131292,36,3647,1,94,7,Hl.m. Praha,Prague,1204953,0,0,0,1,1,100.0,12541,0.29,0.43,167,85677,99107,Hl.m. Praha,Prague,1204953,0,0,0,1,1,100.0,12541,0.29,0.43,167,85677,99107,83,36635.1,1000.0,70288.4,7916.0,32823.0,12.1
13447,29,F,10940,M,6,,940223,197748,36,5493,1,94,2,Rakovnik,central Bohemia,53921,61,22,1,1,2,41.3,8598,2.77,3.26,123,1597,1875,Svitavy,east Bohemia,102609,75,33,2,3,6,52.0,8187,4.83,5.45,94,2123,2134,16,44735.4,300.0,74413.6,14293.0,36216.0,68.3
13451,44,F,10942,W,5,,951002,314520,60,5242,1,95,10,Chrudim,east Bohemia,105606,77,26,7,2,7,53.0,8254,2.79,3.76,97,2166,2325,Chrudim,east Bohemia,105606,77,26,7,2,7,53.0,8254,2.79,3.76,97,2166,2325,130,63527.4,500.0,128119.4,15168.0,56700.0,30.0
13480,46,M,10963,M,4,,961225,115812,36,3217,1,96,12,Jindrichuv Hradec,south Bohemia,93931,74,21,10,1,8,56.9,8427,1.12,1.54,107,1874,1913,Jindrichuv Hradec,south Bohemia,93931,74,21,10,1,8,56.9,8427,1.12,1.54,107,1874,1913,124,56646.5,1100.0,119527.2,13280.0,50800.0,14.6
13490,30,F,10973,W,6,,931013,154416,48,3217,1,93,10,Pisek,south Bohemia,70699,60,13,2,1,4,65.3,8968,2.83,3.35,131,1740,1910,Pisek,south Bohemia,70699,60,13,2,1,4,65.3,8968,2.83,3.35,131,1740,1910,32,46715.8,8897.0,81723.5,9740.0,39098.0,13.6
13539,21,M,11013,W,6,,930906,274740,60,4579,1,93,9,Vyskov,south Moravia,86513,38,36,5,1,5,50.5,8288,3.79,4.52,110,1562,1460,Hl.m. Praha,Prague,1204953,0,0,0,1,1,100.0,12541,0.29,0.43,167,85677,99107,27,57188.2,600.0,122893.1,18946.0,63366.0,30.0
13548,23,M,11021,M,6,,950304,168984,24,7041,-1,95,3,Hl.m. Praha,Prague,1204953,0,0,0,1,1,100.0,12541,0.29,0.43,167,85677,99107,Hl.m. Praha,Prague,1204953,0,0,0,1,1,100.0,12541,0.29,0.43,167,85677,99107,160,56054.0,-517.7,120806.4,11357.0,55200.0,2.5
13576,25,M,11042,M,4,classic,951204,217152,36,6032,1,95,12,Olomouc,north Moravia,226122,32,50,7,4,4,62.6,8994,3.8,4.79,110,9672,9208,Olomouc,north Moravia,226122,32,50,7,4,4,62.6,8994,3.8,4.79,110,9672,9208,57,49107.1,400.0,109774.3,12667.0,54286.0,4.4
13590,22,M,11054,W,3,,960820,148920,60,2482,1,96,8,Kromeriz,south Moravia,108871,41,29,7,2,6,62.1,8444,3.24,3.47,106,2595,2305,Kromeriz,south Moravia,108871,41,29,7,2,6,62.1,8444,3.24,3.47,106,2595,2305,31,32435.3,400.0,63289.9,7832.0,22780.0,30.0
13603,58,M,11065,M,6,,940612,69360,48,1445,1,94,6,Nachod,east Bohemia,112709,48,20,7,3,10,73.5,8369,1.79,2.31,117,2854,2618,Praha - zapad,central Bohemia,75637,35,36,9,0,7,36.5,9622,0.45,0.59,154,3475,3529,78,33857.1,1100.0,52365.0,4748.0,17782.0,14.6
13657,36,F,11111,M,6,,940131,108144,36,3004,1,94,1,Kromeriz,south Moravia,108871,41,29,7,2,6,62.1,8444,3.24,3.47,106,2595,2305,Hl.m. Praha,Prague,1204953,0,0,0,1,1,100.0,12541,0.29,0.43,167,85677,99107,55,54652.9,900.0,123863.4,13671.0,60600.0,14.6
13687,40,M,11135,M,6,,940301,182628,36,5073,1,94,3,Prerov,north Moravia,138032,67,30,4,2,5,64.6,8819,5.38,5.66,99,4063,4505,Prerov,north Moravia,138032,67,30,4,2,5,64.6,8819,5.38,5.66,99,4063,4505,13,33229.1,500.0,52246.0,8282.0,23204.0,67.1
13690,36,M,11138,W,4,,960119,89880,24,3745,1,96,1,Karvina,north Moravia,285387,0,2,8,5,7,89.9,10177,6.63,7.75,81,9878,10108,Karvina,north Moravia,285387,0,2,8,5,7,89.9,10177,6.63,7.75,81,9878,10108,29,62571.3,800.0,116004.2,13517.0,47100.0,26.2
13750,19,F,11186,M,5,,961002,392460,60,6541,1,96,10,Pribram,central Bohemia,107870,84,29,6,1,6,58.0,8754,3.83,4.31,137,3804,3868,Pribram,central Bohemia,107870,84,29,6,1,6,58.0,8754,3.83,4.31,137,3804,3868,143,57131.7,900.0,115913.4,12883.0,58870.0,14.6
13845,26,M,11265,M,6,,930915,52788,12,4399,1,93,9,Cesky Krumlov,south Bohemia,58796,22,16,7,1,5,51.9,9045,3.13,3.6,124,1845,1879,Cesky Krumlov,south Bohemia,58796,22,16,7,1,5,51.9,9045,3.13,3.6,124,1845,1879,43,22198.2,1000.0,41469.1,3715.0,17920.0,14.6
13955,54,F,11349,W,4,,951029,419880,60,6998,1,95,10,Hl.m. Praha,Prague,1204953,0,0,0,1,1,100.0,12541,0.29,0.43,167,85677,99107,Hl.m. Praha,Prague,1204953,0,0,0,1,1,100.0,12541,0.29,0.43,167,85677,99107,18,59352.8,200.0,104039.9,24426.0,64800.0,39.0
13968,31,M,11359,M,5,classic,960806,54024,12,4502,1,96,8,Trebic,south Moravia,117897,139,28,5,1,6,53.8,8814,4.76,5.74,107,2112,2059,Trebic,south Moravia,117897,139,28,5,1,6,53.8,8814,4.76,5.74,107,2112,2059,147,36480.2,1000.0,81705.8,8709.0,40521.0,14.6
13971,37,F,11362,M,4,,961227,129408,24,5392,1,96,12,Bruntal,north Moravia,106054,38,25,6,2,6,63.1,8110,5.77,6.55,109,3244,3079,Bruntal,north Moravia,106054,38,25,6,2,6,63.1,8110,5.77,6.55,109,3244,3079,107,30869.8,1000.0,56055.6,4550.0,24212.0,14.6
