account_id,district_id,frequency,date
576,55,M,6
3818,74,M,6
704,55,M,6
2378,16,M,6
2632,24,M,6
1972,77,M,6
1539,1,AT,6
793,47,M,6
2484,74,M,6
1695,76,M,6
1726,48,M,6
2881,70,M,6
2357,19,M,6
2177,62,M,6
485,6,AT,6
652,21,M,6
9635,70,M,6
1844,44,M,6
1926,37,M,6
2393,10,M,6
3510,41,M,6
1276,36,M,6
1637,1,M,6
3871,26,M,6
192,55,M,6
764,1,M,6
2087,7,W,6
2122,68,M,6
3592,54,M,6
3487,41,M,6
435,38,M,6
1730,1,M,6
1493,41,M,6
374,38,M,6
2925,1,M,6
866,9,M,6
1628,60,M,6
2379,44,M,6
1979,26,M,6
346,37,M,6
1338,74,M,6
1909,14,M,6
2099,3,W,6
3760,44,M,6
5270,44,M,6
1699,53,M,6
3909,1,M,6
2926,50,M,6
1731,33,M,6
11265,15,M,6
2519,4,M,6
10364,55,M,6
1481,15,M,6
401,32,M,6
4034,1,M,6
2330,54,M,6
1806,40,M,6
3834,54,M,6
1222,66,M,6
212,27,W,6
456,49,M,6
459,47,M,6
772,45,M,6
1019,52,M,6
11295,74,M,6
2970,60,M,6
2676,73,M,6
1536,41,W,6
1179,74,M,6
280,25,M,6
2425,41,M,6
9307,68,M,6
4055,23,M,6
5065,66,M,6
3704,75,M,6
477,1,M,6
5891,54,M,6
1000,77,M,6
1750,1,M,6
2023,68,M,6
6473,12,M,6
1649,46,M,6
2670,13,M,6
1127,27,M,6
163,30,M,6
2566,48,M,6
9,70,M,6
1144,59,M,6
2902,32,M,6
4296,63,M,6
443,64,M,6
3693,61,M,6
2070,72,M,6
1843,12,M,6
2714,1,M,6
4078,40,M,6
1675,36,M,6
5868,44,M,6
1805,1,M,6
2434,17,M,6
3007,16,M,6
2574,68,M,6
862,64,W,6
1132,1,W,6
4484,54,M,6
943,1,M,6
3514,7,M,6
3983,67,M,6
9265,1,M,6
465,32,M,6
982,54,M,6
411,70,M,6
890,14,M,6
627,63,M,6
2429,61,M,6
3960,64,M,6
2256,48,M,6
8051,1,W,6
2647,73,M,6
2241,6,M,6
5622,70,M,6
2884,1,M,6
1830,10,M,6
7753,74,M,6
244,24,M,6
1477,1,M,6
4240,50,M,6
1006,6,M,6
830,74,M,6
9188,45,M,6
1965,57,AT,6
1134,6,M,6
1601,10,M,6
2861,38,M,6
813,16,M,6
2585,75,M,6
2220,16,M,6
2763,64,M,6
2342,51,M,6
1944,72,M,6
1966,27,M,6
1801,46,M,6
2543,68,M,6
2293,31,M,6
11013,1,W,6
2423,30,M,6
142,51,M,6
3424,74,M,6
539,13,AT,6
979,21,M,6
3554,66,M,6
3545,51,M,6
3047,16,M,6
3374,21,M,6
96,68,M,6
461,30,M,6
3593,1,M,6
3026,24,M,6
1054,10,M,6
2433,71,M,6
3691,50,M,6
3787,70,M,6
128,2,M,6
3168,39,M,6
4937,12,M,6
2124,69,M,6
322,1,M,6
4355,31,M,6
1678,1,M,6
2396,2,M,6
1005,54,W,6
697,28,M,6
925,59,M,6
2110,64,M,6
1366,60,M,6
1050,57,AT,6
3117,33,M,6
562,50,M,6
5369,54,M,6
2242,7,W,6
197,1,M,6
496,69,M,6
2,1,M,6
7401,1,M,6
2486,1,M,6
428,1,M,6
3651,23,M,6
1775,17,M,6
1688,70,M,6
361,51,M,6
1829,43,M,6
1575,1,M,6
9203,70,M,6
3008,72,M,6
239,69,W,6
3302,21,M,6
415,25,M,6
3513,20,M,6
4134,7,M,6
1077,14,M,6
1713,43,M,6
1378,59,M,6
2503,1,M,6
559,46,M,6
6555,38,W,6
744,42,M,6
882,9,M,6
86,54,M,6
1126,56,M,6
2666,49,M,6
944,70,M,6
1545,1,M,6
2453,1,M,6
3734,43,M,6
3935,23,M,6
396,21,M,6
2694,7,M,6
4596,74,M,6
2489,72,M,6
2895,19,M,6
317,76,M,6
2555,53,M,6
494,60,M,6
2219,60,M,6
2581,72,M,6
112,6,M,6
3674,38,M,6
2039,44,M,6
2712,9,M,6
395,1,M,6
2974,9,M,6
123,21,M,6
9640,1,M,6
3108,53,M,6
2508,34,M,6
2458,40,W,6
588,66,M,6
7231,10,M,6
6701,49,W,6
3883,72,M,6
222,37,M,6
2497,65,M,6
1372,1,M,6
3835,50,M,6
7445,64,M,6
2527,38,M,6
425,9,M,6
860,1,M,6
6034,6,W,6
11065,11,M,6
9883,1,M,6
115,68,M,6
1189,59,M,6
3675,64,M,6
3069,66,M,6
2762,19,M,6
892,70,M,6
1535,46,M,6
2618,60,M,6
2651,2,M,6
5442,34,M,6
1787,30,W,6
1397,17,M,6
3785,10,M,6
623,1,M,6
8260,31,M,6
3678,1,M,6
3001,1,M,6
655,53,M,6
4093,1,M,6
3260,68,M,6
2528,65,M,6
2011,75,M,6
1721,68,M,6
1332,59,M,6
1402,74,M,6
3283,68,M,6
3781,31,M,6
7203,71,M,6
1065,72,M,6
3076,54,M,6
4347,1,M,6
1157,7,M,6
9403,1,W,6
1874,9,M,6
1115,34,M,6
3586,59,M,6
62,47,M,6
1771,69,M,6
5483,13,M,6
8330,48,M,6
187,5,M,6
423,12,M,6
6425,31,M,6
2493,62,M,6
2896,29,M,6
2245,29,M,6
3923,52,M,6
1898,70,M,6
3367,1,M,6
3391,74,M,6
8519,23,M,6
1780,1,M,6
3915,65,M,6
3980,75,M,6
4350,63,M,6
686,41,M,6
362,15,M,6
299,77,M,6
2488,5,M,6
2985,71,M,6
385,5,M,6
2817,56,M,6
2056,58,M,6
2002,1,M,6
748,10,M,6
220,72,M,6
1422,68,M,6
1147,44,M,6
3788,70,M,6
1891,32,M,6
1239,1,M,6
8321,77,M,6
3213,51,M,6
2838,3,W,6
3644,38,M,6
4318,33,W,6
2648,51,M,6
2313,26,W,6
5428,24,M,6
7123,64,AT,6
279,39,M,6
104,37,M,6
497,55,M,6
1152,45,M,6
83,26,M,6
2008,52,M,6
3327,45,M,6
5740,43,M,6
8132,5,W,6
10738,45,W,6
2216,74,M,6
1815,66,M,6
2823,57,M,6
4321,47,M,6
1773,33,M,6
7454,4,M,6
188,54,M,6
10973,18,W,6
2599,48,M,6
1166,11,M,6
504,73,M,6
1518,67,M,6
2189,75,M,6
6040,1,M,6
2876,52,M,6
1505,69,M,6
6897,48,M,6
4377,28,M,6
717,75,M,6
9707,70,M,6
2814,72,M,6
3068,59,M,6
1476,61,M,6
897,38,M,6
977,1,M,6
2639,17,M,6
1032,11,M,6
928,20,M,6
168,31,M,6
2175,1,M,6
10105,55,M,6
1392,60,M,6
3697,45,M,6
5313,40,M,6
2222,47,M,6
2641,7,M,6
5423,15,M,6
2609,73,M,6
5472,1,M,6
2932,72,M,6
4254,70,M,6
3965,31,M,6
10656,8,M,6
887,1,M,6
4743,64,M,6
1048,35,M,6
1671,6,M,6
1236,19,M,6
1822,30,M,6
3316,28,M,6
2037,20,M,6
10079,62,M,6
3999,35,M,6
551,77,M,6
1200,33,M,6
1161,66,M,6
5372,48,M,6
3050,60,M,6
1784,59,M,6
1603,1,M,6
1887,68,M,6
1644,1,M,6
1658,73,M,6
44,32,M,6
1039,70,W,6
1071,68,W,6
2410,54,M,6
2523,10,M,6
790,54,M,6
2583,62,M,6
1782,8,M,6
751,3,M,6
2061,24,M,6
8261,13,M,6
2321,35,M,6
1334,74,M,6
3649,54,M,6
555,24,M,6
3173,39,M,6
863,71,M,6
3181,42,M,6
3210,1,M,6
489,16,M,6
947,59,M,6
3284,64,M,6
1610,52,M,6
4225,55,M,6
1412,64,M,6
1937,36,M,6
991,39,M,6
1180,20,M,6
2758,70,M,6
2711,58,M,6
1652,74,M,6
3099,70,M,6
11111,1,M,6
9591,74,M,6
9828,11,M,6
5385,44,W,6
23,30,M,6
2645,54,M,6
2991,19,M,6
3469,76,M,6
1851,55,M,6
3844,67,M,6
1442,23,M,6
3064,40,M,6
3558,4,M,6
1534,1,M,6
334,1,M,6
1786,1,M,6
1272,40,W,6
2436,67,M,6
3796,53,M,6
119,27,M,6
3063,72,M,6
18,43,W,6
11320,44,M,6
3888,39,M,6
1584,30,M,6
5546,43,M,6
2029,55,M,6
10911,1,W,6
2467,33,M,6
2962,1,M,6
165,25,M,6
1617,45,M,6
327,54,M,6
2068,21,M,6
4448,60,M,6
640,32,M,6
510,1,W,6
2534,61,M,6
1018,7,M,6
1285,65,M,6
3670,27,M,6
1743,51,M,6
3072,8,M,6
2146,31,M,6
4576,27,M,6
3258,53,M,6
2176,67,M,6
8934,51,M,6
1999,70,M,6
2741,15,M,6
4427,32,M,6
3682,70,M,6
2862,33,M,6
3032,5,M,6
701,69,M,6
6281,56,M,6
306,16,M,6
1207,67,M,6
1247,25,M,6
5343,64,M,6
5129,68,M,6
3713,14,W,6
2327,19,M,6
774,1,M,6
1990,1,M,6
2388,30,M,6
3566,21,M,6
10266,54,M,6
3771,22,M,6
1978,57,W,6
2022,72,M,6
3542,49,M,6
1515,11,M,6
4171,28,M,6
433,20,M,6
1373,47,M,6
3246,54,M,6
1475,1,W,6
3133,66,M,6
2779,73,M,6
135,75,M,6
446,50,M,6
9093,47,M,6
432,46,M,6
2880,71,M,6
5767,72,M,6
1998,1,M,6
2554,36,M,6
2933,10,M,6
773,15,M,6
4894,14,M,6
3969,39,M,6
1277,31,M,6
5120,1,M,6
738,34,M,6
1299,1,M,6
148,8,M,6
899,72,M,6
3521,75,M,6
3786,21,M,6
886,1,M,6
5228,77,AT,6
702,12,M,6
300,1,M,6
1451,64,M,6
2940,54,M,6
1837,23,M,6
3954,22,M,6
885,1,M,6
2697,8,M,6
8129,45,M,6
1930,3,M,6
2411,69,M,6
3775,19,M,6
9034,1,M,6
902,74,M,6
630,71,M,6
3096,68,M,6
2552,52,M,6
3435,59,M,6
5215,55,M,6
36,1,M,6
2687,76,M,6
1861,54,M,6
2464,33,AT,6
2736,72,M,6
1145,31,M,6
2298,31,M,6
929,54,M,6
381,68,M,6
3778,52,M,6
1118,48,M,6
4352,2,M,6
1322,17,M,6
1852,35,M,6
8173,11,M,6
2705,63,AT,6
9472,1,W,6
368,77,M,6
1425,76,M,6
8027,44,W,6
3261,1,M,6
35,75,M,6
2186,63,M,6
1566,73,M,6
78,74,M,6
3939,70,M,6
2584,50,M,6
2336,39,M,6
2078,62,M,6
3882,10,M,6
4159,74,M,6
907,41,M,6
1411,54,M,6
1684,32,W,6
3748,1,M,6
2213,68,M,6
1062,6,M,6
273,24,AT,6
10320,68,M,6
1416,66,W,6
3277,36,M,6
1892,28,M,6
3413,70,M,6
3654,47,M,6
3000,28,M,6
3955,64,M,6
1544,69,M,6
9703,68,M,6
234,73,M,6
3241,44,M,6
3465,1,M,6
3152,1,M,6
1497,1,M,6
3078,1,M,6
400,28,M,6
1902,50,W,6
757,50,M,6
1116,1,M,6
5700,42,M,6
3267,64,M,6
3222,4,M,6
408,41,M,6
2818,40,M,6
6273,38,M,6
2513,70,M,6
3493,63,M,6
1201,61,M,6
4478,70,M,6
2915,57,M,6
9833,20,M,6
2253,74,M,6
1069,70,M,6
207,2,M,6
3212,70,M,6
4035,1,M,6
1268,74,M,6
3287,18,M,6
6226,74,W,6
2123,64,M,6
3982,26,M,6
2701,71,M,6
3629,48,M,6
2841,71,M,6
563,53,M,6
2732,5,M,6
1297,70,M,6
7485,39,M,6
2088,4,M,6
225,1,M,6
1630,72,M,6
403,1,M,6
445,63,W,6
186,1,W,6
3720,36,M,6
574,70,M,6
1429,57,M,6
3580,43,M,6
7819,38,M,6
759,23,M,6
6363,74,M,6
3738,51,M,6
4000,7,M,6
9041,1,M,6
2620,22,M,6
3609,28,M,6
1382,48,M,6
930,41,M,6
1925,12,M,6
1834,62,M,6
1507,35,M,6
7857,75,M,6
6636,72,W,6
601,29,M,6
3298,29,M,6
2938,1,M,6
2199,1,M,6
3745,5,M,6
3699,50,M,6
816,52,M,6
3656,53,M,6
2038,42,M,6
2542,21,M,6
1136,12,M,6
1589,37,M,6
3136,69,M,6
3547,54,M,6
26,52,M,6
657,47,M,6
3538,58,M,6
2167,16,M,6
3127,66,M,6
47,45,M,6
3850,8,M,6
5366,70,M,6
747,39,M,6
3166,71,M,6
11021,1,M,6
1701,1,M,6
3613,43,M,6
3600,27,M,6
3792,10,M,6
523,1,M,6
3808,38,M,6
1401,1,M,6
541,61,M,6
1023,21,M,6
3683,33,M,6
3220,29,M,6
1779,33,M,6
1912,64,M,6
238,6,M,6
3113,67,M,6
5481,52,M,6
3035,15,W,6
942,9,M,6
3221,5,M,6
2616,1,M,6
2137,4,AT,6
978,73,M,6
2771,37,M,6
3891,1,M,6
9236,11,M,6
274,76,M,6
552,14,M,6
2417,44,M,6
3868,43,M,6
9869,12,M,6
1875,44,M,6
8212,52,AT,6
3477,71,M,6
1513,30,M,6
3053,11,M,6
1057,13,M,6
6030,47,M,6
3407,28,M,6
1761,24,M,6
3306,75,M,6
162,60,M,6
5011,31,M,6
965,20,M,6
1305,57,M,6
815,56,M,6
1449,35,M,6
950,49,M,6
3361,45,M,6
3837,48,AT,6
33,22,M,6
2894,17,M,6
2510,61,M,6
389,30,M,6
6051,56,M,6
730,4,M,6
1694,6,W,6
721,76,M,6
1106,20,W,6
3319,56,M,6
10451,1,M,6
172,13,M,6
3920,74,M,6
3011,64,M,6
1337,23,M,6
2592,69,M,6
146,4,M,6
2576,1,M,6
3195,40,M,6
8073,24,AT,6
4463,67,M,6
2082,36,M,6
2020,13,M,6
160,23,M,6
7607,1,M,6
117,31,M,6
3509,2,M,6
151,76,M,6
1719,1,M,6
3456,32,M,6
2951,44,M,6
7190,49,M,6
1827,10,M,6
1689,55,M,6
1197,68,M,6
5952,50,M,6
6930,41,M,6
1107,42,M,6
8475,4,M,6
3575,7,M,6
2691,69,M,6
3323,13,M,6
2428,72,M,6
2649,2,M,6
2907,70,M,6
1091,16,M,6
1487,66,M,6
3157,77,M,6
4414,24,M,6
2302,24,M,6
1410,74,M,6
1146,67,M,6
8564,68,M,6
750,73,M,6
2150,37,M,6
10940,50,M,6
9337,30,M,6
861,22,M,6
10440,72,M,6
10036,1,M,6
1234,6,M,6
7774,74,AT,6
1547,72,M,6
1079,74,M,6
3863,15,M,6
3480,58,M,6
2671,1,M,6
1705,70,M,6
3028,27,M,6
3310,25,M,6
6715,48,W,6
3255,1,M,6
3751,9,M,6
2987,18,M,6
857,77,M,6
3042,10,M,6
2695,16,M,6
2849,1,M,6
2802,1,M,6
34,67,W,6
7133,1,M,6
699,1,M,6
2282,29,W,6
8489,19,M,6
837,46,M,6
8759,1,M,6
1602,33,M,6
2958,48,M,6
3408,62,M,6
153,77,M,6
3268,21,M,6
854,62,M,6
1831,1,M,6
39,36,M,6
1811,40,M,6
3822,8,M,6
1404,7,W,6
517,76,M,6
1440,55,M,6
3505,46,M,6
1804,20,W,6
2617,1,M,6
467,74,M,6
4437,40,M,6
1453,61,W,6
3977,7,M,6
8982,64,M,6
27,73,M,6
4511,33,M,6
1052,61,M,6
10227,62,AT,6
3171,61,M,6
228,5,M,6
3618,29,M,6
1016,40,M,6
15,70,M,6
3237,20,M,6
1485,36,M,6
7769,23,M,6
2613,26,M,6
2201,8,M,6
1896,74,M,6
5387,1,M,6
3535,1,M,6
1120,1,M,6
235,41,M,6
3701,76,M,6
1516,67,M,6
4543,33,M,6
2427,70,W,6
1981,64,M,6
8566,74,M,6
678,17,M,6
4659,56,M,6
4059,34,M,6
4013,73,AT,6
7011,75,M,6
2132,76,M,6
1816,44,M,6
2623,58,M,6
2793,47,M,6
2479,18,M,6
11135,75,M,6
8041,1,M,6
492,5,M,6
799,56,M,6
3972,51,M,6
1468,54,M,6
624,70,M,6
3483,40,M,6
4260,56,M,6
616,43,M,6
931,59,M,6
102,11,M,6
540,75,M,6
2660,1,W,6
4287,1,M,6
3551,6,M,6
2072,41,M,6
4119,77,M,6
1345,28,M,6
1565,36,M,6
2824,11,M,6
2052,61,M,6
1767,21,M,6
2140,75,M,6
1051,35,M,6
3927,56,M,6
2050,1,M,6
2276,31,M,6
126,5,M,6
2859,11,M,6
2667,23,M,6
1789,46,M,6
838,47,M,6
3264,70,M,6
198,70,M,6
2345,5,M,6
5256,72,AT,6
40,64,M,6
419,13,M,6
3892,43,M,6
1217,69,M,6
397,11,M,6
3146,68,M,6
287,16,M,6
2180,45,M,6
354,59,M,6
259,2,M,6
1666,67,M,6
1495,36,M,6
2582,28,M,6
4470,16,M,6
1381,57,M,6
2435,38,M,6
542,1,M,6
1123,13,M,6
3225,1,M,6
1133,1,M,6
3086,1,M,6
2250,35,M,6
340,1,M,6
4079,52,M,6
841,1,M,6
2269,6,M,6
2867,30,M,6
3371,68,M,6
520,60,M,6
743,10,M,6
3640,10,M,6
3354,63,M,6
107,64,M,6
243,55,W,6
3687,71,M,6
1984,73,M,6
4173,1,M,6
2700,74,M,6
2318,73,M,6
7965,55,M,6
3352,42,M,6
4255,70,W,6
73,72,M,6
3948,1,M,6
648,13,M,6
3688,70,M,6
462,29,M,6
3243,1,M,6
8625,64,M,6
321,47,M,6
3548,23,M,6
5984,11,M,6
3091,3,M,6
626,72,M,6
998,47,M,6
3326,5,M,6
2457,76,M,6
2549,74,M,6
1947,35,M,6
2738,41,M,6
1809,1,W,6
519,24,M,6
2665,61,M,6
1114,6,W,6
8957,1,M,6
2271,68,M,6
196,4,M,6
3218,41,M,6
3660,74,M,6
787,10,M,6
3820,1,M,6
10906,76,M,6
914,73,M,6
9656,61,M,6
1941,60,M,6
3617,22,M,6
3370,49,M,6
1664,56,M,6
4337,29,M,6
2557,40,M,6
1527,31,AT,6
3938,57,M,6
1686,11,M,6
10670,60,M,6
3309,66,M,6
3107,5,M,6
8377,29,M,6
345,5,M,6
498,1,M,6
3571,39,M,6
5991,1,M,6
1128,74,M,6
10439,66,M,6
1302,55,M,6
10788,67,W,6
4343,31,M,6
2460,1,M,6
1931,20,M,6
2972,12,M,6
1286,66,AT,6
1235,76,M,6
4385,23,M,6
7449,1,M,6
545,54,M,6
245,65,M,6
688,74,M,6
173,66,M,6
10904,48,M,6
7844,1,M,6
6353,26,M,6
604,12,M,6
6806,1,M,6
5927,15,M,6
2419,24,M,6
1288,11,M,6
3003,18,M,6
10131,1,M,6
1952,70,M,6
651,72,M,6
2989,4,M,6
1499,47,M,6
426,1,M,6
3570,44,M,6
4237,18,M,6
2739,59,M,6
4526,63,M,6
1621,75,M,6
344,54,M,6
1359,8,M,6
290,56,M,6
66,48,AT,6
1314,48,M,6
3145,4,M,6
1204,29,M,6
437,43,M,6
2063,1,M,6
3087,15,M,6
2588,5,M,6
956,74,M,6
597,41,M,6
3129,5,M,6
884,2,M,6
4264,28,M,6
3223,1,M,6
737,34,M,6
2306,38,M,6
1673,53,M,6
10663,11,M,6
3345,22,M,6
1970,8,M,6
2504,16,M,6
358,12,M,6
2980,66,M,6
3918,53,M,6
1680,59,M,6
3039,1,M,6
3380,64,M,6
2128,22,M,6
903,47,M,6
1762,28,M,6
61,70,M,6
391,36,M,6
2305,1,M,6
1588,67,M,6
183,43,M,6
365,74,M,6
2476,32,M,6
347,65,M,6
1877,76,M,6
3196,1,M,6
2928,55,M,6
1225,4,M,6
3825,7,M,6
180,55,W,6
2813,24,M,6
1605,72,M,6
1792,7,M,6
1604,54,M,6
883,1,M,6
441,27,W,6
3429,73,M,6
4514,69,M,6
1088,32,M,6
3094,56,M,6
1768,15,M,6
2768,73,M,6
2257,57,M,6
1882,1,M,6
719,30,M,6
5092,74,M,6
3292,1,M,6
3604,75,M,6
2733,76,M,6
3669,76,M,6
1940,52,M,6
3056,55,M,6
1419,33,M,6
2971,76,W,6
1959,62,M,6
3164,33,M,6
3197,1,M,6
2770,42,M,6
7944,59,M,6
1080,55,M,6
6148,74,M,6
2010,1,M,6
3135,72,M,6
1098,47,M,6
100,41,M,6
2913,8,M,6
1153,35,M,6
1635,19,M,6
2842,14,M,6
3759,1,M,6
3594,29,M,6
2778,38,M,6
2161,15,W,6
2789,14,M,5
1552,18,M,5
628,72,M,5
1458,29,M,5
2673,34,M,5
1788,1,M,5
1193,29,M,5
969,19,M,5
1512,1,M,5
3997,62,M,5
2179,1,W,5
1164,35,M,5
4774,66,M,5
4413,74,W,5
1824,52,M,5
1231,7,M,5
2664,58,M,5
1627,1,M,5
9104,10,M,5
2326,70,M,5
4356,47,M,5
3667,55,M,5
742,77,M,5
2538,42,M,5
127,29,M,5
726,76,M,5
4907,42,M,5
2628,64,AT,5
3898,70,M,5
6472,61,M,5
1770,65,M,5
2472,60,M,5
1159,49,M,5
4418,66,M,5
1470,19,M,5
1813,47,M,5
4416,14,M,5
2315,75,M,5
3876,69,M,5
4329,1,M,5
3184,1,M,5
370,25,M,5
1317,56,M,5
2675,1,M,5
3840,76,M,5
4009,56,M,5
3886,1,M,5
3445,1,M,5
2482,1,M,5
2361,28,M,5
974,29,M,5
2959,8,M,5
1880,76,M,5
3355,70,M,5
2501,30,M,5
1073,73,M,5
8558,1,AT,5
3101,1,M,5
2568,17,M,5
1169,49,AT,5
3684,23,M,5
1406,50,M,5
71,1,M,5
3528,10,M,5
3405,36,M,5
6118,1,W,5
2382,59,M,5
1570,1,M,5
1511,51,AT,5
1237,9,M,5
3307,30,M,5
3378,55,M,5
989,19,M,5
3253,71,AT,5
1626,3,M,5
289,1,M,5
1987,54,M,5
817,5,M,5
2228,34,M,5
904,1,M,5
3824,41,M,5
3599,63,M,5
22,1,M,5
470,64,M,5
1273,37,M,5
237,50,M,5
59,43,M,5
572,32,M,5
1269,52,M,5
855,1,M,5
3183,45,M,5
1969,5,M,5
2799,54,W,5
1042,43,M,5
1158,50,M,5
2713,26,M,5
740,28,M,5
493,26,M,5
2067,76,M,5
3804,7,M,5
4259,66,M,5
2886,1,M,5
761,43,M,5
1918,24,M,5
3036,10,M,5
3259,1,M,5
4408,71,W,5
2009,17,M,5
1194,1,M,5
3718,63,M,5
3201,4,M,5
460,1,M,5
784,59,M,5
3714,2,W,5
2154,63,M,5
1256,38,M,5
1353,51,M,5
1820,10,M,5
2494,74,M,5
2399,1,M,5
343,18,M,5
575,38,M,5
900,48,M,5
1467,37,M,5
31,68,M,5
1375,19,M,5
1371,1,M,5
844,53,M,5
908,62,M,5
3134,48,M,5
2092,1,M,5
3747,1,M,5
277,32,AT,5
3595,30,M,5
2511,40,M,5
1388,29,M,5
4245,52,M,5
3838,3,M,5
543,64,M,5
3653,31,M,5
524,61,M,5
82,26,M,5
3912,2,M,5
1949,41,M,5
1865,1,M,5
451,11,M,5
50,1,M,5
1184,14,M,5
363,1,M,5
2454,8,M,5
2847,75,M,5
2740,14,M,5
1871,48,M,5
8405,20,M,5
266,47,M,5
1879,10,M,5
2259,64,M,5
609,63,M,5
9750,74,M,5
2375,29,M,5
216,38,M,5
56,50,M,5
7824,60,M,5
649,69,W,5
2996,54,M,5
1509,51,M,5
2170,1,AT,5
2001,75,M,5
2903,38,M,5
3717,56,M,5
4195,67,M,5
2496,51,M,5
9583,31,W,5
3636,21,M,5
1826,5,M,5
2227,31,W,5
2749,1,M,5
535,35,M,5
4066,72,M,5
2662,71,M,5
1053,57,M,5
11333,8,M,5
1838,68,M,5
3037,44,M,5
3372,23,M,5
985,32,M,5
6924,74,M,5
3484,22,M,5
700,20,M,5
3289,1,M,5
2638,5,M,5
8316,70,M,5
1634,77,M,5
4825,15,M,5
3650,8,M,5
10942,44,W,5
2922,16,M,5
693,2,M,5
2260,1,M,5
538,70,M,5
548,16,M,5
941,8,M,5
2155,58,M,5
4519,8,M,5
3539,42,M,5
6511,72,M,5
2569,2,M,5
43,36,M,5
1047,46,M,5
3479,22,M,5
2868,1,M,5
4328,72,M,5
5628,61,M,5
3160,22,M,5
1856,26,M,5
154,46,M,5
3030,65,M,5
1938,1,M,5
1870,10,M,5
3275,74,M,5
8492,2,M,5
10093,1,W,5
3805,9,M,5
200,17,M,5
2471,6,M,5
352,39,M,5
1291,1,M,5
161,28,M,5
711,70,M,5
964,26,M,5
1012,65,M,5
4276,43,M,5
901,60,M,5
7765,52,W,5
90,1,M,5
5574,13,W,5
741,54,M,5
2819,35,M,5
478,58,M,5
2615,68,M,5
3503,1,M,5
3921,18,M,5
662,21,M,5
2654,56,M,5
9627,65,AT,5
2470,16,M,5
427,8,M,5
709,19,M,5
629,31,M,5
2606,1,M,5
6738,62,M,5
2912,74,M,5
4995,20,W,5
1022,33,W,5
1797,24,M,5
3497,76,M,5
1848,1,M,5
582,12,M,5
3167,18,M,5
1579,57,M,5
610,74,M,5
3536,24,M,5
1017,14,M,5
3017,75,M,5
3112,38,M,5
1360,71,M,5
2747,1,M,5
9192,1,M,5
1398,62,M,5
1246,58,M,5
1592,38,M,5
3728,10,M,5
4131,5,M,5
377,70,M,5
1911,68,M,5
635,21,M,5
3625,3,M,5
3425,70,M,5
1327,65,M,5
8776,64,M,5
2798,70,M,5
2401,16,M,5
3612,70,M,5
4580,9,M,5
3226,65,M,5
7523,63,M,5
3533,74,M,5
422,53,W,5
3608,72,W,5
1105,55,M,5
2596,1,M,5
9006,40,W,5
3579,53,M,5
710,25,M,5
7546,43,M,5
1766,28,M,5
1292,3,M,5
3797,64,M,5
3478,30,M,5
8899,1,W,5
1975,19,M,5
3049,61,M,5
3730,17,M,5
1714,72,M,5
518,74,M,5
6321,1,M,5
3926,72,M,5
1878,52,W,5
3712,3,M,5
2030,51,M,5
3869,72,M,5
1908,20,M,5
3142,2,M,5
1301,18,M,5
3288,54,M,5
318,36,M,5
3336,51,M,5
1653,1,M,5
577,29,M,5
2960,19,M,5
2267,54,W,5
1989,48,M,5
1352,1,M,5
851,15,M,5
716,47,M,5
3555,32,M,5
6,51,M,5
1828,1,M,5
1333,21,M,5
11359,61,M,5
3457,54,M,5
2627,76,M,5
2025,19,M,5
3975,20,M,5
2905,74,M,5
3827,1,M,5
939,55,M,5
1421,71,M,5
1934,46,M,5
3878,23,M,5
2363,47,M,5
1559,14,M,5
2195,73,M,5
1205,73,M,5
2059,37,M,5
2333,45,M,5
3074,74,W,5
2840,15,M,5
2430,3,M,5
2463,56,M,5
3860,4,M,5
2788,54,M,5
8127,37,M,5
596,31,M,5
3622,53,M,5
1312,23,M,5
2742,23,M,5
654,63,M,5
4283,39,M,5
2924,56,M,5
3756,39,W,5
2790,1,M,5
67,16,M,5
2949,1,M,5
3849,75,M,5
5422,66,M,5
988,10,M,5
3058,44,M,5
1958,40,M,5
1441,50,M,5
1109,66,M,5
2536,41,M,5
1295,15,M,5
3419,1,M,5
1993,68,M,5
1076,1,M,5
960,4,AT,5
201,63,M,5
1168,29,M,5
2365,42,M,5
973,54,M,5
3663,67,M,5
3576,58,M,5
4082,49,M,5
2541,57,M,5
4476,24,M,5
2572,64,AT,5
2377,77,M,5
1554,47,M,5
5632,5,W,5
940,37,M,5
1583,69,AT,5
2218,19,M,5
1708,22,M,5
449,19,M,5
2044,6,M,5
11186,12,M,5
29,7,M,5
3752,1,M,5
2028,7,W,5
1294,71,M,5
106,63,M,5
2707,61,M,5
2027,19,M,5
3369,8,M,5
9731,54,AT,5
1578,48,M,5
8411,20,M,5
1919,18,M,5
1307,56,M,5
2121,64,M,5
1436,3,M,5
3489,9,M,5
3348,4,M,5
2809,73,M,5
3364,21,W,5
2546,1,M,5
2343,68,M,5
594,54,M,5
4434,41,M,5
359,11,M,5
3279,46,W,5
1011,45,M,5
8856,15,M,5
2808,1,M,5
5357,70,M,5
775,1,M,5
2524,1,M,5
3903,58,M,5
802,15,M,5
3567,5,M,5
68,37,AT,5
1417,75,M,5
3643,1,M,5
10728,71,M,5
2384,40,M,5
1835,74,M,5
3621,32,M,5
1394,32,M,5
3006,64,M,4
2322,33,M,4
1331,59,M,4
2355,1,M,4
3482,70,M,4
4503,50,M,4
2077,29,M,4
685,37,W,4
2163,17,M,4
2239,25,M,4
1706,1,M,4
7795,64,M,4
3128,1,M,4
2978,74,M,4
3141,1,W,4
3250,1,M,4
1955,49,M,4
5650,10,AT,4
3641,7,M,4
2923,43,M,4
8092,54,M,4
2421,18,M,4
1437,50,M,4
756,65,M,4
3244,56,M,4
10630,41,M,4
3981,23,M,4
3812,72,M,4
4368,1,M,4
2729,40,M,4
2446,3,M,4
839,16,M,4
1625,1,M,4
2563,48,M,4
1414,58,M,4
7562,72,W,4
2185,67,M,4
1446,57,M,4
915,72,M,4
3777,70,M,4
2414,1,M,4
9814,64,W,4
2681,28,M,4
484,1,M,4
217,77,M,4
9030,72,M,4
2352,70,M,4
1526,52,M,4
3841,8,M,4
270,27,M,4
1914,27,M,4
2054,1,M,4
2111,42,W,4
1769,39,M,4
2663,64,M,4
4103,38,M,4
5735,52,M,4
3362,73,M,4
2755,20,M,4
3235,8,M,4
795,25,M,4
1548,47,M,4
650,3,M,4
11042,72,M,4
3421,31,M,4
1112,48,M,4
3583,40,M,4
4001,54,M,4
393,46,M,4
2718,29,M,4
1496,57,M,4
2968,15,M,4
1889,59,M,4
789,39,M,4
7614,62,M,4
8159,26,M,4
2151,38,M,4
3865,50,M,4
4109,54,M,4
515,57,M,4
3817,70,M,4
2268,1,M,4
388,59,M,4
3623,59,M,4
1967,26,W,4
4727,2,M,4
3466,64,M,4
3297,53,M,4
607,16,M,4
1858,72,M,4
3978,59,M,4
70,8,M,4
781,33,M,4
10884,65,M,4
2688,72,M,4
1772,31,W,4
2490,22,M,4
2047,20,M,4
3839,1,M,4
1633,51,M,4
763,1,M,4
4161,1,M,4
2431,74,M,4
3753,28,M,4
1778,15,M,4
2911,33,M,4
3710,1,M,4
1702,56,M,4
3737,34,M,4
190,74,M,4
2865,1,M,4
3014,75,W,4
2680,46,M,4
1129,35,M,4
3233,31,M,4
1287,35,M,4
9897,1,M,4
30,36,M,4
2367,28,M,4
3826,34,M,4
376,25,M,4
1108,26,M,4
108,53,M,4
1802,75,M,4
3230,1,M,4
3989,19,M,4
2723,75,M,4
7859,52,M,4
7606,21,M,4
158,37,M,4
6397,48,M,4
150,73,M,4
3402,76,W,4
2810,66,M,4
586,54,M,4
1261,52,M,4
2856,25,M,4
288,25,M,4
3750,77,M,4
1174,70,M,4
1306,1,M,4
5541,43,M,4
1,18,M,4
981,66,M,4
767,25,M,4
608,32,M,4
1757,75,M,4
6609,16,M,4
870,70,M,4
227,27,M,4
568,18,M,4
1254,74,M,4
1540,1,M,4
1692,56,M,4
1249,67,M,4
95,1,M,4
1561,66,M,4
2540,54,M,4
248,1,M,4
9493,64,M,4
5126,58,M,4
231,22,M,4
2203,47,M,4
6910,76,M,4
1986,46,M,4
2839,70,M,4
1479,54,M,4
3147,54,M,4
6289,64,M,4
1590,77,M,4
7418,21,M,4
19,21,M,4
842,62,M,4
1821,70,M,4
206,61,M,4
3109,18,M,4
7815,19,W,4
7136,12,W,4
1228,62,M,4
893,53,M,4
3702,53,M,4
4852,47,M,4
2750,13,M,4
1046,1,M,4
3729,31,M,4
1862,19,W,4
1309,1,M,4
1315,13,M,4
3321,17,M,4
3231,73,M,4
5724,14,AT,4
3823,74,M,4
2726,18,M,4
1038,64,M,4
7861,34,M,4
819,20,M,4
455,54,M,4
3930,37,M,4
4423,39,M,4
267,38,M,4
922,61,M,4
3735,1,M,4
3449,1,M,4
2751,31,M,4
404,41,M,4
2547,74,M,4
1248,22,M,4
2331,8,M,4
1010,61,M,4
54,4,M,4
2364,33,M,4
1280,70,M,4
2931,36,M,4
10351,23,M,4
3936,39,M,4
5194,1,AT,4
3464,25,M,4
533,40,M,4
3940,35,W,4
4538,70,M,4
454,7,M,4
1183,12,M,4
2323,72,M,4
463,51,M,4
285,17,M,4
4105,58,M,4
2525,45,M,4
6434,1,M,4
2919,77,M,4
1741,21,M,4
746,75,M,4
256,37,M,4
3845,48,M,4
4014,56,AT,4
2178,64,M,4
2935,68,M,4
544,32,M,4
1720,35,M,4
875,63,M,4
733,49,W,4
3251,59,M,4
5358,4,M,4
2521,63,M,4
10963,16,M,4
57,1,M,4
4589,4,M,4
490,45,M,4
3386,2,M,4
8998,61,M,4
11349,1,W,4
2969,29,M,4
1530,70,M,4
1642,64,M,4
6358,3,M,4
10001,24,M,4
3186,10,M,4
1059,8,M,4
3624,32,W,4
1974,42,M,4
2559,32,M,4
11069,37,M,4
3874,51,M,4
3520,72,M,4
2018,42,M,4
2877,37,M,4
2642,68,M,4
553,26,M,4
1092,41,M,4
471,47,M,4
53,77,M,4
1413,65,M,4
5774,1,M,4
3392,1,M,4
1465,30,M,4
1420,68,M,4
1620,17,M,4
4121,54,M,4
754,1,M,4
3045,1,M,4
3453,13,M,4
1696,43,M,4
2139,8,M,4
1793,56,M,4
3725,33,M,4
896,3,M,4
3252,12,M,4
808,69,M,4
3601,54,M,4
131,52,M,4
3124,6,M,4
7618,72,W,4
807,76,W,4
3847,33,M,4
223,39,M,4
2328,35,M,4
1519,9,M,4
10019,8,M,4
458,7,M,4
120,65,W,4
1846,6,M,4
2096,32,M,4
2297,46,M,4
7184,5,M,4
2781,16,M,4
1031,74,M,4
3810,43,M,4
1151,40,M,4
1728,74,M,4
9235,37,M,4
3363,30,M,4
3436,5,M,4
2533,49,M,4
99,1,M,4
638,65,M,4
2292,41,M,4
1725,72,AT,4
3410,39,M,4
1597,68,M,4
2041,48,M,4
5742,74,AT,4
4415,73,M,4
4330,47,M,4
3458,63,M,4
3330,76,M,4
6649,1,M,4
3779,74,M,4
1103,66,M,4
731,5,M,4
2307,60,M,4
3474,23,M,4
625,70,M,4
1075,35,M,4
2281,1,M,4
3895,27,M,4
5263,64,M,4
5794,70,M,4
1220,1,M,4
1568,23,M,4
1344,12,AT,4
8547,14,W,4
1135,1,M,4
4263,5,M,4
3532,73,M,4
1251,34,W,4
1936,70,M,4
2244,46,M,4
2310,15,M,4
1994,42,M,4
720,54,M,4
1472,2,M,4
2144,55,AT,4
953,14,M,4
4081,11,M,4
10018,8,M,4
2553,41,M,4
2520,18,M,4
1252,13,W,4
3357,54,M,4
6985,38,M,4
2957,25,M,4
4948,43,M,4
1803,24,M,4
2577,7,M,4
1009,1,W,4
2265,65,M,4
675,58,M,4
5033,54,M,4
1971,41,M,4
2830,20,M,4
1927,42,M,4
5118,72,M,4
3203,23,M,4
3270,30,M,4
1520,48,M,4
4681,70,M,4
3902,1,M,4
8327,1,W,4
1203,72,M,4
2608,19,M,4
2206,45,M,4
3216,3,M,4
1122,13,M,4
786,53,M,4
3631,1,M,4
2514,16,M,4
75,1,M,4
3679,64,M,4
2562,35,M,4
2280,68,M,4
3896,45,M,4
11138,70,W,4
5213,1,M,4
531,31,M,4
6856,43,M,4
5024,70,M,4
560,36,M,4
11382,74,M,4
2855,27,M,4
2858,56,M,4
3763,55,M,4
995,64,M,4
3315,23,M,4
3582,19,M,4
420,75,M,4
937,43,M,4
4258,51,M,4
5066,13,W,4
2236,73,M,4
3995,12,M,4
894,46,M,4
418,36,M,4
3254,36,M,4
32,5,M,4
213,73,M,4
2833,64,M,4
3553,70,M,4
9052,43,AT,4
3139,12,M,4
1562,1,M,4
1961,13,M,4
353,24,M,4
1640,13,M,4
6872,15,M,4
532,26,M,4
674,49,M,4
10365,22,M,4
430,54,M,4
429,63,M,4
3269,37,M,4
1810,50,M,4
665,8,M,4
3855,33,M,4
3866,60,M,4
3914,33,M,4
3807,53,M,4
3925,1,M,4
219,28,M,4
3552,62,M,4
7957,51,M,4
1149,18,M,4
1423,76,M,4
2853,54,M,4
803,19,M,4
2456,65,M,4
619,1,W,4
301,60,M,4
372,55,M,4
3492,33,M,4
6463,16,M,4
3628,70,M,4
2358,7,M,4
1613,1,M,4
2866,43,M,4
3010,46,M,4
3368,24,M,4
5125,1,M,4
994,72,M,4
1674,1,M,4
3234,1,M,4
1452,45,M,4
9377,1,M,4
3758,38,M,4
138,22,M,4
1376,64,M,4
3770,23,M,4
11271,5,M,4
2353,51,M,4
1335,54,M,4
2119,74,M,4
8,57,M,4
1704,70,M,4
1660,1,M,4
5429,71,M,4
3440,22,M,4
2148,1,M,4
676,39,M,4
2731,1,M,4
80,43,M,4
3417,48,M,4
169,4,M,4
4047,45,W,4
7487,4,M,4
992,22,M,4
331,65,M,4
2835,73,M,4
3677,1,M,4
2565,74,M,4
4190,62,M,4
3317,4,M,4
1690,16,M,4
1448,1,M,4
521,9,M,4
3132,56,M,4
3944,22,M,4
1427,17,M,4
1742,68,M,4
6400,31,AT,4
3486,64,M,4
4473,45,M,4
2965,6,M,4
2301,22,M,4
2674,50,M,4
11,76,M,4
8533,47,M,4
1089,74,M,4
5063,43,M,4
1257,66,M,4
990,17,M,4
1581,39,M,4
2424,1,M,4
917,56,M,4
2255,52,M,4
11362,67,M,4
1796,18,M,4
2834,70,M,4
8114,59,M,4
260,24,M,4
1749,64,M,4
4650,4,M,4
336,62,M,4
308,61,M,4
319,47,W,4
762,76,M,4
1142,74,M,4
3200,17,AT,4
3646,63,W,4
1206,70,M,4
501,13,M,4
2235,45,M,4
2487,42,M,4
10762,1,M,4
3131,21,M,4
10520,55,AT,4
2515,64,M,4
2727,1,M,4
1756,38,M,4
2500,61,M,4
1426,40,M,4
602,43,M,4
3637,53,M,4
2481,1,M,4
3080,57,M,4
2621,55,M,4
1238,1,M,4
10710,19,M,4
2871,52,M,4
1403,17,M,4
1629,10,M,4
9353,59,M,4
820,74,M,4
3384,14,M,4
257,11,M,4
479,1,M,4
3764,69,M,4
155,58,M,4
3945,50,M,4
2157,77,M,4
2051,64,W,4
3061,76,M,4
3111,60,M,4
1691,48,M,4
1044,14,M,4
1945,56,M,4
9790,52,M,4
9928,60,M,4
2580,60,M,4
1599,57,M,4
11079,16,M,4
968,74,M,4
810,46,M,4
1760,53,M,4
2550,67,M,4
3572,65,M,4
1030,57,M,4
487,40,M,4
3767,1,M,4
348,25,M,4
1867,52,M,4
2516,6,M,4
3303,1,M,4
933,21,M,4
3229,64,M,4
1700,64,M,4
2836,42,M,4
338,49,M,4
3148,33,M,4
1357,56,M,4
3772,7,M,4
486,33,M,4
1395,1,M,4
1341,36,M,4
9017,70,M,4
10411,39,AT,4
2783,43,M,4
2015,68,M,4
2341,33,M,4
565,39,M,4
337,17,M,4
3780,44,M,4
557,1,M,4
3490,48,M,4
3973,20,M,4
2043,46,M,4
2003,32,M,4
728,60,M,4
3970,24,M,4
8169,29,M,4
452,63,M,4
3783,40,M,4
3189,29,M,4
3689,8,M,4
2803,58,M,4
1901,15,M,4
3525,70,M,4
3320,1,M,4
2851,17,M,4
2309,18,M,4
2437,1,M,4
1825,3,M,4
253,46,M,4
474,61,M,4
633,57,M,4
2374,1,M,4
1104,39,M,4
2692,28,M,4
6927,74,W,4
924,11,M,4
3305,13,M,4
2237,26,M,4
1917,73,M,4
1685,28,M,4
791,49,M,4
3858,2,M,4
5001,53,M,4
1469,67,M,4
3476,3,M,4
8039,9,M,4
3205,1,M,4
5477,57,M,4
1212,70,M,4
2095,56,M,4
1137,60,M,4
2570,1,M,4
3092,46,M,4
5661,53,M,4
809,36,M,4
522,17,M,4
2630,64,M,4
957,70,M,4
1682,49,M,4
3587,64,M,4
4269,26,M,4
3338,25,M,4
3655,1,M,4
84,44,AT,4
4439,30,M,4
4462,73,W,4
3814,74,M,4
2780,63,M,4
3273,74,M,4
3559,18,M,4
3968,36,M,3
2159,1,M,3
849,1,M,3
2288,69,M,3
3051,9,M,3
946,21,M,3
2075,33,M,3
8931,63,W,3
9225,11,M,3
3278,4,M,3
2811,4,M,3
1670,12,M,3
275,29,M,3
1455,66,M,3
1311,60,M,3
6678,54,M,3
145,31,M,3
312,41,M,3
2233,43,M,3
3530,34,M,3
7828,36,M,3
9024,1,M,3
1711,63,M,3
2223,44,M,3
646,51,M,3
2548,57,M,3
2567,17,M,3
2153,31,W,3
1243,1,M,3
3238,47,M,3
954,74,M,3
9633,70,M,3
2716,66,M,3
1580,69,M,3
1483,10,M,3
1263,30,W,3
3966,42,M,3
3937,76,M,3
1591,65,M,3
658,4,M,3
3638,52,AT,3
2605,21,M,3
3661,50,M,3
2686,26,M,3
2944,22,M,3
4994,1,W,3
3949,54,M,3
332,36,M,3
69,64,M,3
3673,30,M,3
5267,4,M,3
3170,1,M,3
1632,18,W,3
2143,1,M,3
1227,69,M,3
204,67,M,3
1093,54,M,3
1486,63,M,3
4253,43,M,3
1196,29,M,3
3442,4,M,3
9051,5,W,3
3373,27,M,3
1036,11,M,3
3727,66,M,3
2844,43,M,3
10297,14,M,3
3755,64,M,3
1298,7,M,3
1139,34,AT,3
660,68,M,3
335,74,M,3
412,74,M,3
2863,14,M,3
2274,66,M,3
2522,36,M,3
4981,54,M,3
771,22,M,3
3832,45,M,3
1508,69,M,3
3784,25,M,3
9645,38,M,3
3947,76,M,3
2416,5,M,3
2243,25,M,3
3993,54,M,3
2225,15,M,3
1759,39,M,3
2207,35,M,3
3803,61,M,3
2754,57,W,3
3009,1,M,3
314,15,AT,3
554,26,M,3
2217,73,M,3
262,75,M,3
2214,45,M,3
976,77,M,3
1439,11,M,3
417,73,M,3
3084,59,W,3
4204,21,M,3
9504,9,M,3
414,1,M,3
4424,48,M,3
3389,13,M,3
2106,1,M,3
355,62,W,3
2702,74,M,3
11054,59,W,3
10558,40,M,3
1859,50,M,3
2109,34,M,3
6512,34,W,3
1963,42,M,3
1977,41,M,3
5181,75,M,3
1791,1,M,3
2635,27,M,3
1623,1,M,3
4293,64,AT,3
4851,52,M,3
2774,42,M,3
2469,11,M,3
3931,28,M,3
2348,65,M,3
218,68,M,3
804,64,M,3
923,13,M,3
1744,76,M,3
2890,69,M,3
1233,31,M,3
2719,10,M,3
516,6,M,3
2551,5,M,3
2499,2,M,3
2893,39,M,3
1922,60,M,3
264,15,M,3
3890,50,M,3
6686,61,M,3
3519,52,M,3
3597,1,AT,3
1611,69,M,3
2230,7,M,3
3933,61,M,3
2212,33,M,3
1964,25,M,3
4999,1,M,3
8680,17,M,3
1612,66,M,3
2390,1,M,3
2600,1,M,3
1737,77,M,3
2993,1,W,3
2753,26,M,3
2409,76,M,3
949,58,M,3
3468,32,M,3
3979,37,M,3
296,49,M,3
1836,42,M,3
1111,5,M,3
3680,27,M,3
1916,72,M,3
2473,14,M,3
390,44,M,3
3439,16,M,3
7594,16,M,3
3578,1,M,3
2226,2,M,3
466,71,M,3
3335,35,M,3
620,26,M,3
2074,12,M,3
1380,53,M,3
2304,49,M,3
3754,37,W,3
1102,70,M,3
55,20,M,3
2403,25,M,3
1732,51,M,3
3721,22,M,3
184,77,M,3
691,24,M,3
10233,27,M,3
3358,44,M,3
4,12,M,3
3151,6,M,3
2017,54,M,3
2804,53,M,3
1310,1,M,3
3016,26,M,3
827,36,M,3
959,1,M,3
1585,42,M,3
590,50,M,3
3924,70,M,3
2772,11,M,3
1962,77,M,3
10478,70,W,3
5692,66,M,3
1265,49,M,3
167,29,W,3
2187,9,W,3
3079,18,M,3
3286,8,M,3
230,1,M,3
3193,74,M,3
5593,15,M,3
4088,45,M,3
3409,23,M,3
1216,77,M,3
2491,76,M,3
2498,40,M,3
3366,68,M,3
936,7,M,3
856,2,M,3
718,1,M,3
3698,1,M,3
3462,51,M,3
3881,21,M,3
3709,74,M,3
1349,75,M,3
1886,32,M,3
1897,61,AT,3
1564,48,M,3
2062,70,M,3
141,38,M,3
1763,73,M,3
2611,1,M,3
825,19,M,3
3943,71,M,3
9422,70,M,3
1606,23,M,3
3263,44,M,3
2289,1,M,3
3121,46,M,3
3088,18,M,3
3952,26,M,3
3974,55,M,3
3502,74,M,3
3351,70,M,3
2105,70,M,3
3144,67,M,3
846,72,M,3
357,20,M,3
103,44,M,3
3118,48,M,3
4361,69,M,3
1722,32,M,3
4273,15,M,3
1510,33,M,3
895,24,M,3
840,70,M,3
2263,36,M,3
356,70,M,3
4863,5,M,3
3455,34,M,3
4092,74,M,3
10807,34,M,3
2598,1,M,3
2633,25,M,3
1800,51,M,3
1698,68,M,3
3994,15,M,3
1365,42,M,3
666,27,M,3
9242,57,M,3
4346,25,M,3
3296,67,M,3
2864,54,M,3
1980,49,M,3
1445,60,M,3
821,60,M,3
5591,9,M,3
236,72,M,3
210,48,M,3
3795,36,M,3
865,17,M,3
739,66,M,3
3672,26,M,3
2334,50,M,3
1028,23,M,3
468,49,M,3
853,1,M,3
525,70,M,3
3322,65,W,3
2033,71,M,3
3130,13,M,3
2904,13,M,3
1014,74,M,3
116,8,M,3
10436,60,M,3
4214,1,M,3
824,32,M,3
3743,1,M,3
2192,59,M,3
2406,5,M,3
2889,8,M,3
1369,32,M,3
2767,54,M,3
4008,27,M,3
874,56,W,3
3815,1,M,3
3605,3,M,3
3138,37,M,3
2578,54,M,3
2708,1,M,3
631,68,M,3
1170,25,M,3
2650,72,M,3
7890,23,M,3
3219,1,M,3
3115,14,M,3
208,54,M,3
286,71,M,3
898,71,M,3
2936,3,M,3
3422,21,M,3
10049,17,M,3
1250,62,M,3
1384,74,W,3
2624,31,M,3
3349,47,M,3
1351,40,M,3
2631,1,M,3
7520,9,M,3
10065,76,M,3
708,26,M,3
3917,1,M,3
514,70,M,3
2659,14,M,3
3265,52,AT,3
1832,70,M,3
7565,59,M,3
3308,40,M,3
1932,35,M,3
1521,74,M,3
2909,58,M,3
3706,8,M,3
1847,47,M,3
2335,70,M,3
3041,70,M,3
3116,54,M,3
251,74,M,3
3632,56,W,3
2929,51,M,3
10345,36,M,3
1450,63,M,3
1461,73,M,3
1920,40,M,3
734,5,M,3
8085,73,M,3
1948,64,M,3
3534,59,M,3
278,73,M,3
2012,4,M,3
1020,56,M,3
2986,63,M,3
615,72,M,3
7894,27,M,3
3294,75,M,3
2450,48,M,3
1503,71,M,3
3247,61,M,3
3568,40,M,3
152,1,M,3
5072,6,M,3
1456,9,M,3
1622,19,M,3
10215,38,M,3
2247,24,M,3
2205,51,M,3
1543,1,M,3
1655,41,M,3
3976,74,M,3
1383,11,M,3
439,69,M,3
1550,1,M,3
101,35,M,3
1473,39,M,3
1121,32,M,3
2254,1,M,3
3806,36,M,3
283,44,M,3
2432,8,M,3
3802,44,M,3
3821,18,M,3
3907,37,M,3
3854,8,M,3
3606,1,M,3
1939,6,W,3
5726,17,AT,3
3998,2,M,3
3021,10,M,3
1607,71,M,3
1733,18,M,3
2474,33,M,3
3816,25,M,3
766,3,M,3
695,5,M,3
2287,1,M,3
1358,39,M,3
3019,33,M,3
1641,50,M,3
1624,53,M,3
798,1,M,3
7240,17,M,3
4458,60,M,3
3596,59,M,3
1709,24,M,3
3859,53,M,3
481,72,M,3
1070,62,M,3
3280,1,M,3
689,1,M,3
4488,33,M,3
2246,1,M,3
3301,14,M,3
7997,10,M,3
1542,1,M,3
5395,47,M,3
780,3,M,3
5505,1,M,3
3178,4,M,3
500,56,M,3
3451,52,M,3
1304,40,M,3
3664,1,M,3
3038,10,M,3
951,3,M,3
1529,1,M,3
3027,62,M,3
4342,74,M,3
1582,28,M,3
2730,23,M,3
8896,28,AT,3
1716,46,M,3
986,74,M,3
1192,29,M,3
2116,70,M,3
4127,50,M,3
3791,1,W,3
3531,59,M,3
2994,77,M,3
1328,8,M,3
97,74,M,3
3648,61,M,3
2591,1,M,3
1614,63,M,3
706,49,M,3
2232,1,M,3
2946,54,M,3
2346,27,M,3
3736,54,M,3
3887,62,M,3
1672,5,M,3
1752,68,M,3
1996,6,W,3
1244,68,M,3
1213,36,M,3
3928,24,M,3
1045,3,M,3
302,7,M,3
444,26,M,3
2035,53,M,3
3942,27,W,3
9494,21,M,3
913,59,M,3
3248,77,M,3
51,67,M,3
132,40,AT,3
3512,46,M,3
6792,1,M,3
491,44,M,3
9513,59,M,3
684,49,M,3
3285,43,M,3
3434,32,M,3
2619,20,M,3
6158,67,M,3
1013,59,M,3
3523,65,M,3
136,74,M,3
632,29,M,3
3769,3,M,3
2757,54,M,3
360,32,M,3
9199,72,M,3
2752,74,M,3
10694,73,W,3
76,52,M,3
1924,66,M,3
8772,1,M,3
2505,60,M,3
7542,54,M,3
1074,59,M,3
3495,54,M,3
1904,70,M,3
1040,19,M,3
776,66,M,3
3162,63,W,3
379,32,M,3
3731,70,M,3
1323,43,M,3
580,75,M,3
2805,39,M,3
1399,45,M,3
1210,28,M,3
8972,70,M,3
891,34,M,3
2888,19,M,3
832,42,M,3
1905,34,M,3
7713,50,W,3
4099,54,M,3
3055,15,M,3
1715,60,M,3
1646,1,W,3
612,1,M,3
450,59,M,3
10445,72,M,3
268,3,M,3
3240,35,W,3
877,1,M,3
621,52,M,3
1124,26,M,3
687,27,M,3
3590,57,M,3
3459,76,M,3
2389,40,M,3
2837,46,M,3
2190,41,W,3
3746,70,M,3
2982,19,M,3
9263,68,M,3
1405,53,M,3
1954,72,M,3
1973,71,M,3
3448,58,W,3
1913,48,M,3
958,72,M,3
3199,66,M,3
375,68,M,3
1270,55,AT,3
9548,62,M,3
3522,16,M,3
669,35,M,3
732,38,M,3
4585,27,M,3
171,46,M,3
3676,58,M,3
1082,2,M,3
6699,35,M,3
1219,1,M,3
4803,26,M,3
1528,50,M,3
9510,1,M,3
7926,69,W,3
3591,1,AT,3
1058,47,M,3
1431,41,M,3
181,21,M,3
603,62,M,3
409,1,M,3
3584,55,M,3
93,2,M,3
2104,48,M,3
2710,12,M,3
3957,33,W,3
1869,1,M,3
2397,70,M,3
2603,9,M,3
3723,2,M,3
3668,1,M,3
2400,40,M,3
3015,19,M,3
558,10,M,3
3114,1,M,3
4626,9,M,3
1444,70,M,3
4447,62,M,3
3515,68,M,3
8158,48,W,3
848,31,M,3
1086,37,M,3
2602,46,M,3
4768,39,M,3
507,52,M,3
3647,77,M,3
3180,1,M,3
1271,17,M,3
2870,1,M,3
3645,36,M,3
3239,5,M,3
3485,53,M,3
567,15,M,3
373,67,M,3
2977,28,M,3
488,25,M,3
3120,1,M,3
3801,1,M,3
72,1,W,3
10361,21,M,3
587,19,M,3
1097,67,M,3
3206,38,M,3
3696,1,M,3
2387,70,M,3
3585,1,M,3
2706,47,M,3
2773,38,M,3
1781,10,M,3
962,64,M,3
2395,3,M,3
3227,1,M,3
2295,57,M,3
9631,11,M,3
140,24,M,3
788,12,M,3
2040,75,M,3
1029,26,M,3
3318,62,M,3
2420,35,M,3
3432,1,M,3
6688,16,M,3
3899,22,M,3
1275,32,M,3
1087,55,M,3
1396,46,M,3
3573,59,M,3
3149,57,M,3
1007,1,M,3
4379,44,M,3
2950,62,M,3
3793,5,M,3
3588,33,M,3
878,52,M,3
3864,33,M,3
1266,57,M,3
3089,12,W,3
7181,77,AT,3
1241,53,M,3
1004,70,M,3
2344,13,M,3
2530,74,M,3
170,59,M,3
2319,58,M,3
7033,75,M,3
88,31,M,3
1480,41,W,3
2526,16,M,3
2604,68,M,3
5269,49,M,3
3563,1,M,3
3550,68,M,3
1903,11,M,3
3153,2,M,3
265,19,M,3
2812,18,M,3
1609,41,M,3
2737,69,M,3
7101,54,M,3
313,73,M,3
2593,5,M,3
1232,48,M,3
2108,74,M,3
3694,70,M,3
1289,72,M,3
2445,52,M,3
7733,19,W,3
1758,21,M,3
9859,27,M,3
10711,36,M,3
725,70,M,3
1739,3,M,3
10202,70,M,3
506,67,M,3
955,59,M,3
932,20,M,3
413,18,M,3
3334,67,M,3
2625,48,W,3
2147,28,M,3
984,2,M,3
3848,20,M,3
2825,54,M,3
5602,19,AT,3
1094,35,M,3
690,10,M,3
2945,6,M,3
573,1,W,3
2131,70,M,3
2821,54,M,3
2112,44,M,3
2506,22,AT,3
1078,1,M,3
1895,35,M,3
2961,9,M,3
3426,9,W,3
3204,61,M,3
2887,76,M,3
2468,4,M,3
3350,74,M,3
858,52,M,3
2359,54,M,3
3726,54,M,3
584,31,M,3
392,1,M,3
869,16,M,3
526,67,M,3
571,72,M,3
3946,70,M,3
2573,4,M,3
593,48,M,3
4086,66,M,3
6461,50,M,3
110,36,M,3
9138,26,M,3
5837,5,M,3
971,12,M,3
81,74,M,3
4537,53,W,3
2266,50,M,3
137,70,M,3
3562,50,M,3
1893,48,M,3
2882,44,M,3
5250,8,W,3
7674,1,M,3
11123,39,M,3
1765,18,M,3
847,2,M,3
4618,3,M,3
3543,74,M,3
1471,1,M,3
3472,55,M,3
2407,1,M,3
378,68,M,3
1188,16,M,3
2652,1,M,3
3526,1,M,3
113,55,M,3
3733,33,M,3
683,74,M,3
3494,60,M,3
3518,9,M,3
4320,61,M,3
6495,6,M,3
3511,70,M,3
303,71,M,3
3932,74,M,3
2717,74,M,3
2983,42,M,3
1490,5,M,3
3443,45,M,3
11027,32,W,3
3491,51,M,3
6453,34,M,3
7907,70,M,3
2291,49,M,3
1900,27,M,3
4389,77,M,3
3192,18,M,3
836,46,M,3
3880,3,M,3
7424,68,M,3
1187,55,M,3
25,68,M,3
10954,25,M,3
1571,66,M,3
1160,39,W,3
1985,20,M,3
3359,8,M,3
9646,1,W,3
1906,1,M,3
194,44,M,3
371,12,M,3
9159,64,M,3
3040,17,M,3
4071,64,M,3
2278,1,M,3
2350,18,M,3
4438,48,M,3
2004,42,M,3
2101,9,M,3
3397,49,M,3
1267,43,M,3
2102,41,M,3
1654,30,M,3
2383,68,M,3
2134,52,M,3
1738,15,M,3
1576,35,W,3
3614,19,M,3
2066,25,M,3
2117,48,M,3
436,30,M,3
2329,1,M,3
4442,54,M,3
1325,26,M,3
715,32,M,3
9491,7,W,3
2917,68,M,3
503,1,M,3
2794,74,M,3
2191,1,M,3
2947,57,M,3
2086,70,W,3
3020,3,M,3
1211,49,M,3
2724,11,M,3
963,7,M,3
3749,68,M,3
1223,70,M,3
613,74,AT,3
2149,7,M,3
416,6,M,3
1501,50,M,3
2114,30,M,3
176,71,W,3
3066,74,M,3
911,60,M,3
779,16,M,3
916,1,M,3
271,1,M,3
2439,74,M,3
2210,31,M,3
1885,47,M,3
447,5,M,3
3549,27,M,3
1563,47,M,3
753,31,M,3
2764,53,M,3
2973,23,M,3
2209,65,M,3
2013,54,M,3
1935,38,M,3
382,14,M,3
42,39,M,3
945,18,M,3
8038,47,M,3
967,15,M,3
3741,65,M,3
3311,8,M,3
656,3,M,3
1667,56,M,3
3789,6,M,3
7637,46,M,3
4010,30,M,3
4144,1,M,3
3347,4,M,3
2976,13,M,3
4480,58,M,3
4969,60,W,3
1274,54,W,3
7099,1,M,3
166,17,M,3
1367,74,M,3
2795,11,M,3
2034,54,M,3
2622,1,M,3
10562,51,M,3
1593,16,M,3
3004,11,M,3
617,74,M,3
2746,24,M,3
3427,36,M,3
58,29,M,3
918,60,M,3
324,1,M,3
9826,68,M,3
2094,73,M,3
20,74,M,3
2930,1,M,3
182,47,M,3
1517,5,M,3
4186,1,M,3
3467,17,M,3
1350,21,W,3
10220,44,M,3
2792,1,M,3
1504,1,M,3
3161,48,M,3
987,15,M,3
2360,26,M,3
399,1,M,3
637,49,M,3
3353,74,M,3
4588,12,M,3
10,54,M,3
2113,7,M,3
2677,5,M,3
6062,24,M,3
2065,61,M,3
1894,6,M,3
1117,68,M,3
833,31,M,3
3155,28,M,3
242,69,M,3
812,1,M,3
3774,72,M,3
3272,53,M,3
7990,9,M,3
7262,70,M,3
3504,70,M,3
2347,38,M,3
269,3,M,3
1258,3,M,3
3418,42,AT,3
871,1,M,3
2953,1,M,3
3126,17,M,3
1293,40,M,3
406,63,M,3
4456,14,M,3
174,52,M,3
694,67,M,3
2885,1,M,3
2872,1,M,3
920,58,M,3
1525,57,M,3
1997,74,M,3
1679,68,M,3
7082,57,M,3
1910,60,M,3
5362,76,W,3
1408,10,M,3
125,2,AT,3
2655,1,M,3
2314,2,M,3
297,74,M,3
2914,4,M,3
4405,41,M,3
2084,44,M,3
2045,34,M,3
2058,34,M,3
1190,52,M,3
1067,34,M,3
2629,66,M,3
1774,61,M,3
2156,1,M,3
2349,72,M,3
2614,44,M,3
339,46,W,3
2164,63,M,3
3508,42,M,3
164,60,M,3
1799,9,M,3
1600,1,M,3
3044,72,M,3
3499,51,M,3
1474,63,M,3
2026,64,M,3
1556,54,M,3
6075,19,M,3
1066,16,W,3
2275,1,M,3
5305,47,M,3
1329,53,M,3
3098,1,M,3
4349,74,M,3
2990,30,M,3
3800,30,M,3
3191,72,M,3
2076,18,M,3
1002,50,M,3
8381,14,M,3
1957,33,M,3
3569,1,M,3
10789,75,M,3
831,44,M,3
6083,6,W,3
1669,39,M,3
8268,59,M,3
1063,68,M,3
1532,54,M,3
3179,71,M,3
2906,49,M,3
1538,22,M,3
2640,1,M,3
2921,54,M,3
3431,64,M,3
3967,54,M,3
1173,11,M,3
7632,68,M,3
2339,63,M,3
1100,35,M,3
1484,70,M,3
2801,11,M,3
1113,8,M,3
770,7,M,3
2332,77,M,3
1463,32,M,3
3894,52,M,3
2091,1,M,3
1377,1,M,3
9241,74,M,3
1308,54,M,3
1370,52,M,3
3399,63,M,3
1374,53,M,3
2955,67,M,3
3446,6,AT,3
3339,1,M,3
1631,10,M,3
2869,68,M,3
2083,1,M,3
1823,3,M,3
2561,59,M,3
972,46,M,3
698,71,M,3
2294,46,M,3
2373,14,M,3
241,15,M,3
2483,1,M,3
569,76,M,3
1500,43,M,3
3232,37,M,3
618,1,M,3
1502,1,M,3
10857,50,M,3
692,69,M,3
3843,62,M,3
3158,71,M,3
3071,41,M,3
1586,1,M,3
3913,23,M,3
822,40,M,3
1155,43,M,3
2807,42,M,3
1751,53,M,3
3904,18,M,3
2252,1,M,3
826,44,M,3
1008,13,M,3
1558,32,M,3
2465,57,M,3
814,76,M,3
325,75,M,3
261,54,M,3
2240,36,M,3
2657,55,M,3
7636,40,M,3
3175,50,M,3
1812,31,M,3
10607,52,M,3
2999,66,M,3
921,10,M,3
2934,1,M,3
3394,23,M,3
1777,60,M,3
1003,28,M,3
4090,72,M,3
3249,74,M,3
472,8,M,3
6950,36,M,3
3271,8,M,3
3329,3,M,3
9677,8,M,3
342,64,M,3
536,14,M,3
350,47,M,3
2475,17,M,3
10063,4,W,3
581,26,M,3
2988,66,AT,3
3314,25,M,3
4949,33,M,3
713,58,M,3
11325,62,M,3
8628,2,AT,3
4493,61,AT,3
410,49,M,3
3776,1,M,3
1577,67,M,3
8784,1,M,3
1645,50,M,3
3454,32,M,3
2046,68,M,3
1492,24,M,3
3143,38,M,3
2709,2,M,3
1541,60,M,3
305,34,M,3
3690,67,AT,3
3766,29,AT,3
1745,53,M,3
1090,69,M,3
329,3,M,3
975,1,M,3
5317,28,M,3
6592,1,M,3
1060,6,M,3
473,73,M,3
1464,73,M,3
1819,55,W,3
2502,32,M,3
1888,6,M,3
6902,60,M,3
3877,59,M,3
2290,37,M,3
1330,68,M,3
9037,1,M,3
272,11,M,3
366,1,M,3
1226,1,M,3
2759,46,M,3
1176,19,M,3
1785,52,M,3
5912,45,M,3
199,70,M,3
778,68,M,3
3811,1,M,3
1855,34,M,3
224,15,M,3
281,1,M,3
9201,69,M,3
888,54,M,3
4715,8,M,3
3956,6,M,3
4375,39,M,3
2418,64,M,3
806,13,M,3
65,36,M,3
2279,2,W,3
1478,5,M,3
3228,29,M,3
221,19,M,3
3022,64,M,3
122,31,M,3
6265,5,M,3
1683,77,M,3
6440,1,M,3
926,36,M,3
2685,67,M,3
3557,72,M,3
1663,55,M,3
255,68,M,3
2193,44,M,3
9455,73,M,3
2130,46,M,3
714,23,M,3
3615,46,M,3
1324,42,M,3
431,18,M,3
11328,54,M,3
3626,51,M,3
1899,26,M,3
91,17,M,3
4753,1,M,3
9528,19,M,3
9333,36,M,3
2107,70,M,3
3224,55,M,3
829,59,M,3
511,14,M,3
3560,57,M,3
1555,34,M,3
2160,72,M,3
4383,73,M,3
2517,55,AT,3
3819,69,M,3
6157,34,M,3
1326,52,M,3
4286,43,M,3
3498,31,M,3
2258,3,M,3
3177,74,M,3
1638,6,W,3
3589,5,M,3
2967,38,M,3
3437,1,M,3
4102,60,M,3
2032,36,M,3
570,3,M,3
993,6,M,3
3884,1,M,3
3765,32,M,3
2385,60,M,3
63,22,M,3
1991,1,M,3
3291,45,M,3
3376,58,M,3
1260,5,M,3
1021,42,M,3
48,21,M,3
4069,38,M,3
3564,14,M,3
1320,58,M,3
530,54,M,3
508,74,M,3
341,28,M,3
3256,40,M,3
4033,57,M,3
5878,76,M,3
77,63,M,3
1546,15,M,3
2826,35,M,3
797,57,M,3
513,58,M,3
1549,21,M,3
3093,16,M,3
10905,32,M,3
2234,3,M,3
2285,36,M,3
3809,1,M,3
3517,26,M,3
2264,41,M,3
8688,66,M,3
546,8,M,3
3862,1,M,3
2898,54,M,3
3282,1,M,3
330,42,M,3
1242,74,AT,3
1393,1,M,3
2303,41,M,3
3708,64,M,3
209,37,M,3
8094,67,M,3
2601,70,M,3
7,60,M,3
1347,8,M,3
8523,54,M,3
2398,70,M,3
1712,44,M,3
1943,9,M,3
2090,40,M,3
2636,18,M,3
14,47,M,3
549,5,M,3
143,21,M,3
79,3,M,3
3799,74,M,3
1460,54,M,3
7745,2,M,3
1435,1,M,3
3507,9,M,3
712,72,M,3
10280,69,M,3
1754,52,M,3
805,10,M,3
3377,74,M,3
1296,50,M,3
2916,6,M,3
3018,34,M,3
249,28,M,3
3602,18,M,3
3856,45,M,3
2544,38,M,3
599,54,M,3
2590,47,M,3
2589,10,M,3
2545,1,M,3
1735,42,M,3
3312,30,M,3
2060,13,M,3
2115,8,M,3
24,74,M,3
1083,45,M,3
2286,70,M,3
7176,1,M,3
8225,50,M,3
664,1,M,3
5133,68,W,3
880,26,M,3
1482,38,M,3
3290,19,M,3
2963,31,M,3
1361,46,M,3
3430,9,M,3
11096,28,M,3
3090,1,M,3
5817,77,AT,3
1587,1,M,3
905,35,M,3
980,1,M,3
1218,1,M,3
561,11,M,3
4631,77,AT,3
1055,29,M,3
9153,9,M,3
1368,22,M,3
3452,63,M,3
3450,1,M,3
1557,66,M,3
1316,42,M,3
3893,42,M,3
2873,70,M,3
3962,54,M,3
2376,71,M,3
2995,51,M,3
3984,51,M,3
659,63,M,3
3137,39,M,3
505,64,M,3
1817,10,M,3
3125,37,M,3
2734,53,M,3
2386,12,M,3
3411,19,M,3
4794,72,M,3
2827,70,M,3
3024,1,M,3
1618,6,M,3
6510,74,M,3
7465,1,W,3
1362,1,M,3
3182,6,M,3
765,12,M,3
3412,31,M,3
2610,54,M,3
4454,63,M,3
595,20,M,3
1391,15,M,3
3438,35,M,3
1553,59,M,3
10645,2,M,3
2531,51,M,3
1081,64,M,3
2441,47,M,3
193,69,M,3
3390,12,W,3
3393,4,M,3
440,29,M,3
2356,34,W,3
333,73,M,3
1884,54,M,3
434,1,M,3
2875,19,M,3
2532,38,M,3
3029,42,M,3
2699,73,M,3
935,23,M,3
2777,62,M,3
1659,46,M,3
252,19,M,3
7045,51,M,3
3941,7,M,3
2761,1,M,3
7966,54,M,3
2408,26,M,3
592,23,M,3
1195,42,M,3
2261,1,W,3
8341,64,M,3
6706,38,M,3
2507,62,M,3
3387,25,W,3
3991,1,M,3
1056,1,W,3
2852,70,M,3
3043,1,M,3
10404,1,M,3
528,17,M,3
9424,54,M,3
3190,1,M,3
1390,69,M,3
1988,72,M,3
2362,16,M,3
2064,54,M,3
2689,70,M,2
9730,54,M,2
1387,67,M,2
2637,70,M,2
1221,45,M,2
1860,70,M,2
3540,18,M,2
263,64,W,2
4660,63,M,2
294,7,M,2
4354,38,M,2
3639,4,M,2
1677,69,M,2
2653,66,M,2
3870,38,M,2
17,1,M,2
537,34,M,2
10493,12,M,2
2964,72,M,2
752,23,M,2
6064,49,M,2
2981,46,M,2
3527,44,M,2
3005,42,AT,2
11244,33,M,2
3470,8,M,2
3110,48,M,2
2300,36,M,2
10148,34,M,2
1707,75,M,2
512,68,M,2
9031,47,M,2
3375,9,M,2
2571,61,M,2
3304,36,M,2
3908,13,M,2
9549,4,M,2
4534,63,M,2
872,27,M,2
2854,1,M,2
2696,1,M,2
1214,39,M,2
1262,29,M,2
8320,51,M,2
3910,10,M,2
364,1,M,2
480,23,M,2
2535,61,M,2
9179,28,M,2
2299,1,M,2
6138,54,M,2
1840,21,M,2
3471,63,M,2
1651,34,M,2
320,47,M,2
3961,52,M,2
3379,63,M,2
4052,36,W,2
3964,25,M,2
3681,70,M,2
2229,1,M,2
8742,70,M,2
52,16,M,2
1853,7,M,2
3861,2,M,2
3067,46,M,2
3659,54,M,2
1356,39,M,2
1656,47,M,2
2103,48,M,2
1854,32,M,2
910,1,M,2
3794,20,M,2
3546,55,M,2
605,65,M,2
3990,77,M,2
2021,69,M,2
11231,1,M,2
4266,54,M,2
2455,30,M,2
3633,18,M,2
4026,58,M,2
3620,14,M,2
4550,56,M,2
1616,22,M,2
1498,62,W,2
598,1,M,2
2262,13,M,2
2126,1,M,2
1418,35,M,2
2537,27,M,2
159,70,M,2
11141,1,W,2
2477,11,M,2
1182,8,M,2
130,54,M,2
828,1,M,2
2042,31,M,2
4358,5,M,2
3565,30,M,2
796,1,M,2
2381,1,M,2
1430,26,M,2
2085,25,M,2
3059,1,M,2
3959,1,W,2
1068,52,M,2
10915,25,W,2
729,14,M,2
1141,28,M,2
1264,1,M,2
351,50,M,2
424,12,M,2
1037,1,M,2
2656,1,M,2
5445,72,M,2
3188,24,M,2
3236,52,M,2
2766,31,M,2
1447,65,M,2
3331,16,M,2
4268,77,M,2
1524,6,M,2
4746,54,M,2
3337,58,AT,2
323,52,M,2
2016,1,M,2
226,70,M,2
5180,54,M,2
1619,38,M,2
2661,1,M,2
1818,54,M,2
2937,1,M,2
2194,54,M,2
1336,5,M,2
2325,55,M,2
292,49,M,2
2797,74,M,2
1736,74,M,2
2405,64,M,2
2415,16,M,2
3851,1,M,2
2782,1,M,2
195,70,M,2
2380,46,M,2
1928,70,M,2
3242,28,M,2
3541,70,M,2
3652,36,M,2
2024,20,M,2
919,62,M,2
1096,34,M,2
1215,65,M,2
6306,64,M,2
2089,29,W,2
850,25,M,2
1668,62,M,2
2224,46,AT,2
3574,72,M,2
6061,1,M,2
2270,14,M,2
214,22,M,2
3031,51,M,2
1746,1,M,2
64,64,M,2
3842,1,M,2
3971,75,M,2
405,55,M,2
600,46,M,2
1740,57,M,2
2672,59,M,2
114,60,M,2
2760,10,M,2
2597,31,M,2
2908,61,M,2
191,41,M,2
2354,7,M,2
3782,9,W,2
3328,1,M,2
3083,66,M,2
1199,50,M,2
10652,1,M,2
2690,66,M,2
2495,70,M,2
8505,70,M,2
304,4,M,2
8926,1,M,2
578,28,W,2
1363,11,M,2
1165,44,M,2
85,68,M,2
749,38,M,2
8026,36,M,2
3332,17,M,2
3739,1,M,2
1907,1,M,2
1976,26,M,2
3658,24,M,2
3581,66,M,2
1466,69,W,2
3176,26,M,2
1459,12,M,2
1321,60,M,2
2966,33,M,2
157,11,M,2
2158,38,M,2
2843,30,M,2
3266,14,M,2
2048,76,M,2
442,54,M,2
3885,51,M,2
1863,62,M,2
9167,56,M,2
2874,32,M,2
3695,30,M,2
10068,1,M,2
2725,52,M,2
2899,40,M,2
144,10,W,2
1933,35,M,2
1034,73,M,2
49,1,M,2
1594,15,M,2
1138,41,M,2
3544,33,M,2
1636,53,M,2
10812,16,M,2
2165,51,M,2
3460,16,M,2
4208,1,M,2
2954,1,M,2
843,6,M,2
2901,1,M,2
1734,37,M,2
2466,39,M,2
476,69,M,2
1407,19,AT,2
1598,15,M,2
2166,71,M,2
1259,72,M,2
927,69,M,2
2575,72,M,2
4467,17,W,2
1253,5,M,2
1281,8,M,2
1915,2,M,2
3716,1,M,2
1560,62,M,2
4725,73,M,2
1665,73,M,2
12,21,M,2
3398,43,M,2
4475,72,M,2
2586,57,M,2
189,76,M,2
3077,64,M,2
3634,21,M,2
3897,13,M,2
2055,37,M,2
3012,49,M,2
1035,73,M,2
1687,23,M,2
407,72,W,2
2744,70,W,2
3194,11,M,2
109,53,M,2
1198,70,M,2
3830,56,M,2
3692,70,M,2
3217,75,AT,2
453,75,M,2
2539,24,M,2
794,63,M,2
636,75,M,2
309,14,M,2
873,73,M,2
589,1,M,2
9484,5,M,2
3052,44,M,2
10134,22,M,2
3846,61,M,2
912,65,M,2
2080,74,M,2
2857,19,M,2
647,1,M,2
2952,65,M,2
240,72,M,2
1693,1,AT,2
2612,1,M,2
3104,1,M,2
1488,25,M,2
2451,54,M,2
10257,27,M,2
1024,19,M,2
2173,64,M,2
98,55,M,2
3119,33,M,2
1230,1,M,2
2594,19,AT,2
3773,10,M,2
3635,10,M,2
293,1,M,2
1178,41,M,2
3988,23,M,2
2816,74,M,2
722,38,AT,2
2184,6,M,2
10022,1,M,2
1385,53,M,2
3506,70,M,2
316,62,M,2
3711,3,M,2
1982,6,M,2
2071,35,M,2
2800,41,M,2
997,54,M,2
367,23,M,2
2141,21,M,2
2127,1,M,2
3214,67,M,2
250,56,M,2
3742,59,M,2
3577,74,M,2
2448,23,M,2
1130,1,M,2
2118,42,M,2
2005,16,M,2
475,3,M,2
6922,3,W,2
3122,74,M,2
282,69,M,2
3140,3,M,2
3790,1,W,2
5164,5,M,2
8149,64,AT,2
2900,20,M,2
383,38,M,2
1953,9,W,2
3344,70,M,2
139,38,W,2
1808,28,M,2
3299,11,W,2
1697,63,M,2
2392,1,M,2
8713,53,M,2
3403,63,M,2
1424,32,M,2
2366,68,M,2
2668,21,M,2
2698,49,M,2
3872,25,M,2
10343,8,M,2
2743,51,M,2
834,3,M,2
1956,63,M,2
4729,66,M,2
760,1,M,2
2324,1,M,2
7559,56,M,2
9208,29,M,2
3163,41,M,2
3732,21,M,2
1710,74,M,2
868,1,M,2
534,1,M,2
3662,4,M,2
11053,46,M,2
3172,77,M,2
3905,54,AT,2
464,43,M,2
1574,75,M,2
2891,42,M,2
2860,54,W,2
10679,1,M,2
5,15,M,2
4130,70,M,2
4527,9,M,2
3951,22,M,2
3700,1,M,2
2564,36,M,2
3202,8,M,2
879,9,M,2
2404,8,M,2
1537,54,M,2
3768,52,M,2
5944,27,M,2
9673,76,M,2
229,1,M,2
614,25,M,2
1724,48,M,2
1185,12,M,2
349,72,M,2
682,54,M,2
291,7,M,2
3211,72,M,2
3060,73,M,2
4471,4,W,2
2956,15,M,2
2019,64,M,2
1491,47,M,2
3496,42,M,2
1841,36,M,2
7180,7,W,2
5648,59,M,2
2509,43,M,2
2878,1,M,2
1015,1,M,2
1753,71,M,2
2372,1,M,2
6097,29,M,2
2720,2,W,2
2006,25,M,2
3953,1,M,2
2135,51,M,2
1551,72,M,2
1095,54,M,2
3703,74,M,2
3719,37,M,2
2057,1,M,2
2560,15,M,2
3986,19,M,2
4858,67,M,2
1354,31,M,2
3262,23,M,2
3100,65,M,2
1839,5,M,2
3996,1,M,2
622,24,M,2
2340,14,M,2
641,40,M,2
3461,8,M,2
672,53,M,2
8645,60,M,2
438,37,M,2
2443,46,M,2
4309,74,W,2
3075,71,M,2
2200,1,M,2
3245,45,M,2
2806,53,M,2
556,12,M,2
4301,1,M,2
4156,42,M,2
1921,42,M,2
2939,5,M,2
3665,28,M,2
3524,66,M,2
5196,13,W,2
2883,77,M,2
1346,74,M,2
1514,7,M,2
3154,1,M,2
2081,36,M,2
1255,68,M,2
2208,7,M,2
1284,55,M,2
8153,9,M,2
7721,13,M,2
3889,16,M,2
3085,66,M,2
768,26,M,2
8919,62,M,2
185,32,M,2
4150,65,M,2
10774,46,M,2
2728,52,W,2
1339,76,M,2
1929,1,M,2
3433,73,M,2
2337,65,M,2
3,5,M,2
2093,64,M,2
3906,52,M,2
3529,12,M,2
864,72,M,2
4336,2,M,2
1647,1,M,2
2169,57,M,2
258,64,M,2
1110,54,M,2
105,21,M,2
2992,43,M,2
11317,50,M,2
1681,68,M,2
3428,27,M,2
679,22,M,2
10644,16,M,2
2182,22,M,2
9560,1,M,2
3985,1,M,2
3833,77,M,2
705,35,M,2
2447,38,M,2
2452,1,M,2
469,72,M,2
483,70,M,2
2678,1,M,2
2183,54,M,2
7052,55,AT,2
680,17,M,2
284,54,M,2
1027,68,M,2
1995,54,M,2
211,28,M,2
1432,27,M,2
2369,49,M,2
3867,1,M,2
1890,1,W,2
2204,9,M,2
970,18,M,2
5290,34,M,2
2316,1,M,2
611,46,M,2
1794,74,M,2
801,16,M,2
3057,9,M,2
2196,11,M,2
2646,6,M,2
2722,69,M,2
2679,67,M,2
2587,1,M,2
3346,1,M,2
1454,46,M,2
2197,46,M,2
1776,36,M,2
547,24,M,2
5758,44,M,2
3185,45,M,2
1950,70,M,2
811,14,W,2
3381,68,M,2
1522,48,M,2
41,72,M,2
4533,68,M,2
3343,1,M,2
3686,77,M,2
2927,37,M,2
4091,9,M,2
6602,74,M,2
2558,46,M,2
3208,29,M,2
1389,34,M,2
1033,32,M,2
2449,23,M,2
2000,5,M,2
3724,16,M,2
3281,1,M,2
326,61,M,2
307,26,M,2
1951,23,M,2
4445,47,M,2
2338,59,M,2
1319,56,AT,2
311,50,M,2
3293,1,M,2
1648,40,M,2
38,19,W,2
1434,70,M,2
7437,19,W,2
4784,46,M,2
2644,1,M,2
785,21,W,2
2776,23,M,2
5572,15,M,2
3046,74,M,2
2138,75,M,2
1662,1,M,2
386,1,M,2
591,1,M,2
792,3,M,2
1043,1,M,2
9433,59,M,2
509,36,M,2
1747,30,M,2
2073,59,M,2
3097,66,M,2
3062,17,M,2
1355,1,M,2
1881,60,M,2
2595,1,M,2
13,76,M,2
996,47,M,2
37,20,M,2
2829,66,M,2
529,39,M,2
1857,37,M,2
9140,32,M,2
2485,41,M,2
2607,1,M,2
653,27,M,2
10799,76,M,2
1567,10,M,2
1845,47,M,2
1181,69,M,2
3070,56,M,2
645,70,M,2
1795,53,M,2
2442,14,M,2
2845,62,M,2
8639,46,M,2
4003,25,M,2
3537,45,M,2
2394,62,M,2
859,13,M,2
3798,15,M,2
2317,68,M,2
3828,44,M,2
2422,27,M,2
3556,58,M,2
1154,5,W,2
3901,12,M,2
3950,48,M,2
2142,42,M,2
2492,73,M,2
45,64,M,2
2172,1,M,2
909,30,M,2
10243,44,M,2
1026,20,M,2
3444,53,W,2
1764,68,M,2
4158,27,M,2
585,4,M,2
5698,1,M,2
178,59,M,2
2079,55,M,2
2480,35,M,2
2444,76,M,2
3516,36,W,2
1303,23,M,2
783,1,M,2
1729,53,M,2
1790,70,M,2
2351,74,M,2
2997,40,M,2
10650,76,M,2
2684,7,M,2
2459,55,M,2
1240,1,M,2
1783,70,M,2
7156,71,M,2
1085,42,M,2
677,70,M,2
6505,7,M,2
402,68,M,2
9156,18,M,2
3987,25,M,2
3852,20,M,2
384,24,W,2
1946,46,M,2
3603,3,M,2
1872,61,M,2
3671,21,M,2
735,70,M,2
3274,76,M,2
5870,75,M,2
5283,15,M,2
1438,23,W,2
328,1,M,2
118,68,M,2
387,72,M,2
3300,71,M,2
3657,62,M,2
823,71,M,2
1876,1,M,2
2765,69,M,2
3463,38,M,2
3103,1,AT,2
1101,4,M,2
179,1,W,2
3610,1,M,2
1814,17,M,2
1718,71,M,2
16,12,M,2
4616,1,M,2
3757,64,M,2
2942,44,M,2
89,68,M,2
3106,12,W,2
2312,65,M,2
177,1,M,2
4128,64,M,2
2846,1,M,2
1443,54,M,2
1992,48,M,2
755,38,M,2
7274,11,M,2
3383,29,M,2
2461,1,M,2
3916,8,M,2
2745,60,M,2
10152,34,M,2
2007,45,M,2
1064,70,M,2
2370,51,M,2
1379,47,M,2
1313,45,M,2
129,74,M,2
6866,14,M,2
4132,36,M,2
2136,75,M,2
2036,70,M,2
3401,38,W,2
1596,70,M,2
4116,6,M,2
3342,59,M,2
2715,42,M,2
4143,55,M,2
2133,11,M,2
2069,72,M,2
205,1,M,2
1150,29,M,2
1608,26,M,2
1494,1,M,2
2272,48,M,2
2634,45,M,2
745,43,M,2
3813,1,M,2
1342,9,M,2
121,55,M,2
1727,9,M,2
2097,46,M,2
133,64,W,2
2897,51,M,2
5708,64,W,2
7049,69,M,2
1279,28,M,2
502,1,M,2
1506,51,M,2
2231,2,M,2
966,15,M,2
1968,16,W,2
2879,15,M,2
3023,35,M,2
3561,33,M,2
1807,21,M,2
11327,7,M,2
2053,5,M,2
550,24,M,2
3324,3,M,2
1061,44,M,2
2215,48,M,2
961,1,M,2
2579,24,M,2
3919,34,M,2
3875,44,M,2
2311,28,M,2
2556,46,M,2
1615,1,M,2
2910,68,M,2
2756,24,M,2
1572,72,M,2
3857,54,M,2
156,64,M,2
3922,68,M,2
1209,23,M,2
2371,15,W,2
852,57,M,2
2152,22,M,2
398,69,M,2
2174,18,M,2
3705,20,M,2
1172,6,M,2
876,4,M,2
2413,33,M,2
3963,9,M,2
643,64,M,2
1340,52,M,2
2703,61,M,2
671,60,M,2
782,42,M,2
2784,40,M,2
1703,72,M,2
3598,76,M,2
639,1,M,2
3325,11,M,2
10613,55,M,2
606,75,M,2
9227,51,M,2
1723,70,M,2
3404,33,M,2
1657,12,M,2
3395,16,M,2
2296,29,M,2
644,4,M,2
2402,18,M,2
2391,2,M,2
1140,49,M,2
952,41,M,2
696,54,M,2
2998,21,M,2
867,60,M,2
1208,4,M,2
3423,11,M,2
2831,1,M,2
2211,61,AT,2
3360,71,M,2
1245,68,M,2
1348,55,M,2
2920,73,M,2
566,8,M,2
2658,27,M,2
2721,74,M,2
1833,54,M,2
2221,58,M,2
149,43,M,2
3082,33,M,2
3156,1,AT,2
2438,71,M,2
2693,17,M,2
1866,4,M,2
3365,11,M,2
3382,23,W,2
2125,43,W,2
3396,1,M,2
3105,37,M,2
2162,50,M,2
1125,1,W,2
2979,10,M,2
2850,57,M,2
2832,12,M,2
3102,33,M,2
295,66,M,2
1523,52,AT,2
215,31,M,2
421,75,M,2
3715,74,M,2
934,9,M,2
3333,44,M,2
1798,46,M,2
10005,64,M,2
4386,51,W,2
1868,16,W,2
232,45,M,2
298,35,M,2
1717,67,M,2
1960,31,M,2
1049,18,M,2
2918,15,AT,2
4140,28,M,2
21,54,M,2
1650,39,M,2
800,11,M,2
3415,75,M,2
3722,76,M,2
736,75,M,2
2787,1,M,2
673,31,M,2
3406,53,M,2
2796,5,W,2
2775,30,M,2
276,38,M,2
315,45,M,2
1072,65,M,2
1156,59,M,2
3836,68,M,2
3013,73,M,2
3033,69,M,2
3174,65,M,2
134,34,M,2
1229,46,M,2
3209,45,M,2
2820,36,M,2
938,70,M,2
3501,36,M,2
3616,50,M,2
3911,32,M,2
3992,43,M,2
579,1,M,2
2892,64,M,2
1186,64,M,2
2440,19,M,2
2791,25,M,2
3169,19,M,2
2049,67,M,2
758,51,M,2
1177,27,M,2
246,65,M,2
1171,18,M,2
3187,59,M,2
3385,1,M,2
703,54,M,2
1318,56,M,2
889,43,M,2
4332,74,M,2
564,5,M,2
3934,6,M,2
1983,54,M,2
727,35,M,2
3048,74,W,2
3025,25,M,2
906,59,M,2
845,14,M,2
124,55,M,2
3958,59,M,2
777,30,M,2
1573,63,M,2
3276,1,M,2
