client_id,district_id,age,gender
1,18,29,F
2,1,54,M
3,1,59,F
4,5,43,M
5,5,39,F
6,12,80,M
7,15,70,M
8,51,61,F
9,60,64,M
10,57,56,M
11,57,49,F
12,40,18,M
13,54,25,F
14,76,57,F
15,21,81,F
16,21,80,M
17,76,65,M
18,76,68,F
19,47,57,M
20,46,20,M
21,12,47,F
22,1,30,F
23,1,26,M
24,43,60,F
25,21,60,F
26,74,30,F
27,54,33,F
28,1,54,M
29,30,48,F
30,74,42,F
31,68,37,M
32,52,19,M
33,73,51,F
36,7,21,F
37,7,29,M
38,36,26,F
39,68,31,M
40,5,42,F
41,22,31,M
42,68,64,M
43,75,79,M
44,38,22,F
45,20,47,M
46,19,59,F
47,76,65,M
48,16,59,M
49,72,40,F
50,39,21,F
51,36,20,F
52,32,75,M
53,64,22,M
55,45,51,F
56,21,39,M
57,21,38,F
58,1,72,F
59,1,42,M
60,67,19,M
61,16,51,F
62,77,67,M
63,4,40,M
64,20,73,M
65,50,56,F
66,1,48,F
67,29,67,F
68,43,53,M
70,70,74,M
71,70,72,F
72,47,76,M
73,22,75,M
74,22,74,F
75,64,22,F
76,36,32,F
77,1,43,F
78,16,55,F
79,37,30,F
80,64,20,F
81,8,23,M
82,8,20,F
83,1,21,F
84,1,20,M
85,1,38,M
86,1,30,F
87,72,53,F
89,1,48,F
90,52,24,M
91,63,59,M
92,74,33,F
93,3,74,M
94,43,52,M
95,43,47,F
96,74,27,M
97,26,34,M
98,33,26,F
99,33,26,M
100,44,57,F
101,68,56,M
102,74,41,F
103,74,44,M
105,31,19,M
106,68,31,F
107,1,27,M
108,17,36,M
110,2,32,F
112,1,64,M
113,1,59,F
114,74,30,F
115,74,30,M
116,74,57,M
117,74,63,F
118,55,77,M
119,55,77,F
120,1,23,M
121,41,21,F
122,35,36,F
123,11,30,M
124,44,32,M
125,37,63,M
126,37,70,F
127,21,49,F
128,63,26,F
129,64,52,F
130,53,57,M
131,53,22,F
132,36,46,M
134,6,67,M
135,6,61,F
136,55,78,F
137,60,76,M
138,54,27,F
139,8,40,F
140,8,38,M
141,31,74,M
142,68,62,M
143,27,21,M
144,65,41,M
145,55,21,M
146,31,38,F
147,21,66,F
148,21,59,M
149,55,51,M
150,2,19,F
151,51,28,F
152,29,54,F
153,13,18,F
154,74,66,M
155,74,60,F
156,54,69,F
157,52,56,F
158,40,54,F
159,40,61,M
160,64,57,F
161,34,56,F
162,65,58,M
163,74,66,M
164,70,37,F
165,22,31,M
166,22,38,F
167,38,21,F
168,24,23,F
169,38,46,M
170,38,53,F
171,51,70,M
172,51,64,F
173,21,81,F
174,10,21,M
175,31,39,M
176,4,70,M
178,8,39,M
179,43,19,M
180,73,17,M
181,76,32,M
182,76,40,F
183,1,21,F
184,1,27,M
185,77,45,M
186,46,38,F
187,58,57,M
188,64,39,M
189,11,80,M
190,37,52,F
191,37,45,M
192,70,28,M
193,1,37,M
194,28,75,F
195,74,80,M
196,74,72,F
197,30,66,M
198,60,23,M
199,29,76,M
200,29,71,F
201,17,69,F
202,29,23,F
203,31,37,M
204,31,32,F
205,4,57,F
206,59,36,F
207,46,67,M
208,13,59,F
209,13,64,M
210,66,60,M
211,66,54,F
212,52,24,M
215,71,32,M
216,1,39,M
217,59,25,F
218,1,19,F
219,60,35,F
221,21,22,F
222,47,27,F
223,43,47,F
224,77,44,M
225,32,63,M
226,1,57,M
227,52,73,F
228,48,43,F
229,76,30,M
230,74,32,F
231,41,58,M
232,55,78,F
233,69,41,F
234,69,44,M
235,44,56,F
236,70,38,M
237,70,30,F
238,6,38,F
239,1,25,F
240,34,70,F
241,70,40,M
242,17,38,F
243,63,45,M
246,67,29,F
247,1,42,M
248,61,30,F
249,61,29,M
250,8,20,F
251,54,23,F
252,37,30,F
253,48,52,F
254,28,36,M
255,27,48,F
256,73,36,F
257,22,57,F
258,22,62,M
259,31,33,M
260,31,37,F
261,38,62,F
262,77,54,M
263,68,37,M
264,28,21,M
265,72,66,F
266,19,32,F
267,37,32,M
268,39,17,F
269,15,76,F
270,46,52,M
271,46,54,F
272,70,55,F
273,27,27,F
274,17,29,F
275,1,81,F
276,1,42,M
277,1,38,F
278,22,27,F
279,22,29,M
280,45,30,F
282,73,61,F
283,73,66,M
284,10,25,M
285,72,45,M
286,72,47,F
287,50,19,M
288,6,37,M
289,54,41,M
290,72,40,M
291,72,44,F
292,15,41,F
293,69,56,M
294,58,31,M
295,12,60,M
296,65,25,M
297,65,75,F
298,65,78,M
300,1,42,F
301,28,57,M
302,56,28,M
303,74,53,M
304,19,65,F
305,46,61,M
308,68,23,F
309,37,30,F
310,11,49,M
311,64,69,F
312,2,75,M
313,24,57,F
314,24,54,M
315,54,32,M
316,75,44,M
317,64,42,F
318,15,56,F
319,19,70,F
320,19,65,M
321,47,56,F
322,38,66,M
323,38,61,F
324,3,39,M
325,3,39,M
326,27,32,F
327,27,31,M
328,1,81,F
329,11,35,M
330,65,55,F
331,1,57,M
332,29,21,M
333,38,28,M
334,32,30,M
335,73,32,F
336,39,35,F
337,39,42,M
338,8,48,F
339,1,33,M
340,1,29,F
341,69,22,M
342,69,27,F
343,44,80,M
344,54,36,F
345,17,46,M
346,17,39,F
347,71,40,M
348,71,46,F
349,39,72,F
350,25,74,F
351,1,26,M
352,56,59,M
353,7,34,M
354,49,77,F
355,49,69,M
356,1,20,F
357,1,20,M
358,7,40,F
359,66,29,M
360,49,56,M
361,74,22,F
362,35,49,F
363,35,57,M
364,54,57,F
365,1,69,M
366,1,63,F
367,60,36,F
368,60,31,M
369,7,69,F
370,71,43,F
371,4,57,M
372,34,67,M
373,16,63,M
374,26,32,M
375,61,30,F
376,14,26,F
378,50,21,M
379,50,16,F
380,41,26,M
381,73,22,F
382,73,21,M
383,15,60,F
384,15,64,M
385,45,51,M
386,62,19,M
387,76,72,M
388,36,49,F
389,47,25,F
390,47,22,F
391,47,66,F
392,74,49,F
393,74,43,M
394,52,75,F
395,52,80,M
396,1,79,M
397,75,69,M
398,61,74,F
399,45,47,M
400,1,66,M
401,1,71,F
402,3,56,M
403,42,26,F
404,42,32,M
405,65,65,F
406,36,22,M
407,73,24,F
408,35,21,F
409,74,74,M
410,62,37,M
411,17,58,F
412,17,55,M
413,49,27,F
414,46,52,F
415,46,54,M
416,1,67,F
417,1,69,M
418,28,33,M
419,64,29,F
420,18,21,M
421,54,34,M
422,69,53,M
423,37,42,M
424,1,52,M
425,25,51,M
426,72,62,M
427,72,58,F
428,47,80,F
429,50,18,F
430,39,79,M
431,24,72,F
432,59,47,F
433,62,44,M
434,70,56,F
435,20,32,M
436,2,44,M
437,11,79,F
438,32,61,M
439,51,31,F
440,15,29,F
441,1,40,M
442,1,28,F
443,1,28,M
444,74,39,F
445,1,52,F
446,1,47,M
447,23,53,M
448,77,29,F
450,25,46,M
451,12,20,M
452,55,46,F
453,67,30,M
454,38,50,F
455,68,79,M
456,25,59,M
457,70,49,M
458,68,38,M
459,32,32,F
461,68,29,F
462,14,29,M
463,38,55,M
464,24,40,F
465,5,47,M
466,1,52,F
467,1,49,M
468,72,40,M
469,59,29,F
470,30,45,F
471,44,22,M
472,36,18,M
473,1,60,F
474,46,50,M
476,1,52,F
477,1,45,M
478,21,21,M
479,11,52,M
480,11,53,F
481,69,72,M
482,69,65,F
483,1,55,M
484,28,40,F
485,32,21,M
486,68,55,M
487,1,77,F
488,1,82,M
489,41,59,M
490,55,49,M
491,63,33,M
492,72,64,M
493,41,57,F
494,1,19,M
495,49,62,F
496,70,48,F
497,74,46,M
498,74,51,F
499,18,64,F
500,1,28,M
501,62,62,M
502,6,80,M
503,73,40,M
504,36,20,M
505,13,22,M
506,75,53,M
507,75,45,M
508,53,28,M
509,73,19,M
510,12,23,M
511,9,40,M
512,60,34,F
513,8,25,F
514,8,31,M
515,1,67,M
516,1,69,F
517,63,34,M
518,54,20,F
519,18,19,M
520,46,52,F
521,69,24,M
522,1,43,F
523,38,77,M
524,30,36,F
525,30,30,M
526,43,35,M
527,43,33,F
528,37,22,M
529,69,21,M
530,29,42,F
531,27,23,M
532,27,19,F
533,54,58,F
534,74,42,M
535,26,62,M
536,47,60,M
537,1,64,M
538,5,51,F
540,19,78,M
541,19,72,F
542,59,78,F
543,11,41,F
544,63,51,M
545,75,26,F
546,7,46,M
547,54,50,M
548,49,62,M
550,7,38,M
551,47,23,F
552,1,65,F
553,1,58,M
554,30,74,F
555,30,73,M
556,29,53,M
557,51,60,M
558,43,79,F
559,32,27,F
560,71,32,F
561,74,37,F
562,49,24,F
563,72,38,F
564,72,44,M
565,64,40,F
566,47,53,F
567,47,49,M
568,8,39,F
569,73,37,M
570,61,58,F
571,3,75,M
572,3,79,F
573,69,32,M
574,1,27,M
575,58,29,M
576,58,25,F
577,1,36,F
578,23,22,F
579,72,66,F
581,70,50,F
582,1,49,M
583,75,34,F
584,33,23,F
585,40,57,F
586,40,52,M
587,25,54,F
588,61,39,F
589,45,38,M
590,44,50,M
591,65,25,F
592,26,34,M
593,60,45,F
596,69,51,M
597,55,56,M
598,1,29,M
599,1,22,F
601,56,33,M
602,56,34,F
603,13,33,F
604,1,34,F
605,1,29,F
606,10,50,F
607,64,35,M
608,67,27,M
609,52,37,M
610,74,20,F
611,36,47,M
612,36,39,F
613,1,22,F
614,14,52,F
615,68,50,F
616,58,24,M
617,70,25,M
618,57,67,F
619,6,79,M
620,6,81,F
621,54,60,M
622,74,68,F
623,24,74,M
624,24,67,F
625,60,21,F
626,9,19,M
627,17,27,M
628,17,29,F
629,16,23,M
630,61,47,M
631,70,43,F
632,67,53,M
633,67,61,F
635,17,72,F
636,17,64,M
637,39,29,F
638,54,38,F
639,31,21,M
640,26,20,M
641,40,37,F
642,40,36,M
643,1,50,F
644,35,38,F
645,14,74,M
646,34,77,F
647,34,70,M
648,70,64,F
649,13,21,F
651,54,23,F
652,61,61,M
653,1,69,F
654,64,57,F
655,32,57,M
656,1,43,M
657,8,73,F
658,8,73,M
659,24,34,M
660,16,76,M
661,16,80,F
662,5,54,M
663,24,76,M
664,77,19,F
665,62,67,F
666,26,17,M
667,26,18,F
668,1,57,F
669,12,43,F
670,1,40,M
671,10,28,F
672,46,70,F
673,36,60,M
674,11,72,F
675,50,24,M
676,70,46,M
677,5,36,M
678,39,66,F
679,8,59,M
680,8,59,F
681,15,22,M
682,18,20,M
683,76,54,F
684,3,23,F
685,72,69,F
686,32,28,F
687,32,24,M
688,1,45,M
689,70,35,M
690,38,57,M
691,38,55,F
692,74,63,F
693,74,64,M
694,29,63,M
695,28,44,M
696,28,47,F
697,1,25,M
698,75,45,M
699,26,77,F
700,12,70,M
702,31,31,F
703,4,40,M
704,54,24,M
705,19,61,M
706,1,51,M
707,1,58,M
708,50,22,F
709,1,65,M
710,23,74,M
711,48,36,F
712,54,37,M
713,20,19,F
714,31,29,M
715,1,47,F
716,1,45,F
717,54,31,M
718,54,39,F
719,46,25,M
720,29,45,M
721,43,59,M
722,62,29,F
723,12,42,F
724,65,46,F
725,75,43,M
726,16,64,M
727,32,69,F
728,32,67,M
729,63,30,F
730,63,26,M
731,74,20,F
732,74,21,M
733,46,21,M
734,46,14,F
735,1,26,M
736,1,22,F
737,74,47,M
738,25,79,M
739,72,57,M
740,55,76,M
741,74,58,M
742,1,48,F
743,1,58,M
744,26,59,M
745,52,33,F
746,52,37,M
747,24,46,F
748,25,63,M
749,25,66,F
750,70,43,F
751,70,40,M
752,72,55,M
753,72,59,F
754,63,52,F
755,72,52,M
756,31,79,M
757,71,29,F
758,68,38,F
759,29,44,M
760,57,63,F
762,21,62,M
763,75,72,F
764,49,44,F
765,65,30,M
766,1,73,F
767,1,76,M
768,32,68,F
769,40,22,M
772,64,55,M
773,4,64,M
774,70,26,M
775,51,59,F
776,1,46,F
777,1,38,M
778,13,59,M
779,69,55,F
780,3,75,M
781,72,54,M
782,5,36,F
783,27,28,F
784,27,35,M
785,63,65,M
786,53,21,M
787,3,52,M
788,47,25,M
789,4,68,M
790,63,32,F
791,68,49,F
793,21,21,M
794,21,20,F
796,1,80,M
797,8,51,M
798,27,59,F
799,27,63,M
803,35,48,M
804,35,43,F
806,60,19,M
807,53,30,F
808,31,36,M
809,49,80,M
810,58,54,F
811,58,59,M
812,39,59,M
813,70,35,M
814,19,40,M
815,22,35,F
816,17,41,F
818,54,33,M
819,74,41,M
820,74,39,F
821,49,51,M
822,37,40,F
823,41,43,M
824,27,47,M
825,74,22,M
826,1,21,M
827,10,34,F
828,10,41,M
829,24,42,M
830,69,51,M
831,2,51,M
832,67,76,F
833,5,39,M
834,54,77,M
835,28,56,F
836,28,51,M
837,71,25,M
838,71,31,F
839,47,44,F
840,20,62,M
841,69,18,M
842,12,66,F
843,54,42,F
844,22,54,M
845,22,46,F
846,35,50,M
847,49,20,M
849,26,60,F
850,19,30,M
851,25,80,M
852,25,83,F
853,70,50,M
854,72,58,F
855,58,69,M
856,23,80,M
857,32,51,M
858,47,40,F
859,1,31,F
860,1,32,M
861,1,43,F
862,30,47,M
863,54,31,F
864,11,46,M
865,11,53,F
866,38,24,F
870,70,42,M
871,76,25,M
872,35,36,M
873,60,55,M
874,14,47,F
875,14,43,M
876,1,39,M
877,5,72,F
878,5,79,M
879,38,56,F
880,49,39,M
881,5,24,F
882,70,66,F
883,75,79,F
884,75,81,M
885,34,76,M
886,34,51,M
887,66,26,F
888,28,26,M
889,54,18,F
890,77,80,M
891,33,68,M
892,42,77,F
893,43,64,F
894,75,65,M
895,39,29,M
896,36,26,F
897,36,18,M
898,38,56,F
899,38,55,M
900,73,22,M
901,39,80,M
902,23,49,M
903,31,65,M
904,1,67,M
905,38,59,M
906,65,21,M
907,51,51,M
908,51,38,F
909,23,24,M
910,1,38,M
911,43,60,M
912,76,79,M
913,1,61,M
914,1,78,F
915,12,24,M
916,3,41,M
917,25,26,F
918,26,35,M
921,7,45,F
922,22,27,F
923,22,21,M
924,1,46,M
925,54,40,M
926,1,18,M
927,1,25,M
928,66,48,F
929,30,64,M
930,68,40,F
931,16,31,M
932,3,52,M
933,33,21,F
934,33,17,M
935,42,53,F
936,42,56,M
937,1,68,M
938,59,55,F
939,21,47,M
940,53,39,M
941,10,64,M
942,12,68,F
943,12,63,M
944,39,29,M
945,39,22,F
946,54,48,M
948,49,75,M
949,3,23,M
950,76,34,F
951,76,39,M
952,63,48,F
953,25,62,M
954,1,57,F
955,57,29,M
956,1,33,M
957,56,58,F
958,56,57,M
959,11,37,F
960,16,42,F
961,15,68,F
962,19,33,M
963,64,33,F
964,10,46,F
965,13,27,F
966,13,21,M
967,76,20,M
968,69,42,M
970,36,42,M
971,46,80,F
972,46,82,M
973,14,29,F
974,14,36,M
975,1,40,F
976,16,44,F
977,76,73,F
978,56,31,F
979,56,33,M
980,40,38,M
981,5,39,M
984,20,50,M
985,20,52,F
986,74,44,M
987,60,47,M
988,40,60,F
989,40,66,M
990,71,38,M
991,32,58,M
992,19,51,M
993,44,30,F
994,36,28,M
995,36,26,F
996,1,19,F
997,59,49,M
998,59,46,F
999,74,33,F
1000,74,38,M
1001,44,52,M
1002,42,55,F
1003,31,62,F
1004,3,42,M
1006,46,57,F
1007,46,61,M
1008,6,43,M
1009,33,37,F
1010,33,44,M
1011,16,60,M
1012,70,33,F
1013,70,26,M
1014,1,68,M
1015,62,65,M
1016,62,59,F
1017,6,56,F
1018,53,54,M
1019,14,53,F
1020,72,22,F
1021,2,22,M
1022,31,59,M
1023,1,61,M
1024,25,43,M
1025,15,35,M
1026,57,20,M
1027,1,59,F
1028,1,65,M
1029,1,45,F
1030,1,52,M
1031,2,31,F
1032,1,61,F
1033,1,62,M
1034,52,25,F
1035,13,28,F
1036,13,23,M
1037,1,34,F
1038,69,38,F
1039,70,19,F
1040,1,39,M
1041,72,38,M
1042,17,33,F
1043,17,36,M
1044,9,28,F
1045,60,52,F
1046,1,24,M
1047,16,36,F
1048,70,25,F
1049,1,57,M
1050,27,28,F
1051,73,28,F
1052,56,35,M
1053,56,41,F
1054,63,75,M
1055,4,80,M
1056,1,36,M
1057,52,60,M
1058,9,24,F
1059,26,39,M
1060,26,42,F
1062,16,24,M
1063,16,23,F
1064,1,48,F
1065,2,42,M
1066,1,59,M
1067,1,47,M
1068,13,73,F
1069,54,61,F
1070,54,61,M
1071,43,74,M
1072,60,33,F
1073,34,75,M
1074,34,71,F
1075,65,65,F
1076,53,20,F
1077,46,79,M
1078,24,21,F
1079,3,38,M
1080,54,49,F
1081,71,29,M
1082,9,32,M
1083,48,62,M
1084,48,55,F
1085,60,67,F
1086,74,26,M
1087,74,21,F
1088,47,30,F
1089,1,60,M
1090,35,60,F
1091,59,59,F
1092,41,37,F
1093,62,23,F
1094,30,39,F
1095,30,45,M
1096,1,73,F
1097,1,69,M
1098,60,51,F
1099,65,20,F
1100,59,48,M
1101,74,53,M
1102,72,64,M
1103,1,48,M
1104,1,44,F
1105,56,57,M
1106,56,59,F
1107,60,38,M
1108,62,44,F
1109,58,68,F
1110,10,71,F
1111,61,20,M
1112,13,69,F
1113,11,23,M
1114,59,19,M
1115,36,79,F
1116,69,26,F
1117,20,23,F
1118,20,30,M
1119,54,19,F
1120,41,26,F
1121,59,60,M
1122,20,78,M
1123,20,77,F
1124,21,71,M
1125,9,65,F
1126,9,64,M
1127,23,25,M
1128,7,69,M
1129,43,68,M
1130,70,59,F
1131,55,52,F
1132,55,51,M
1133,37,41,F
1134,37,40,M
1135,8,47,M
1136,9,23,F
1137,1,22,F
1138,70,29,F
1139,70,26,M
1140,18,53,M
1141,21,58,F
1142,59,53,F
1143,59,53,M
1145,58,31,F
1146,54,34,M
1147,3,69,M
1148,41,58,M
1149,14,23,F
1150,74,54,F
1151,59,26,M
1152,74,18,M
1153,70,19,F
1154,72,75,M
1155,72,77,F
1156,1,66,F
1157,4,41,F
1158,1,45,F
1159,64,55,M
1160,64,61,F
1161,7,26,M
1162,26,24,F
1163,20,35,M
1164,15,40,F
1165,15,57,F
1166,74,40,M
1167,74,45,F
1168,19,21,M
1169,18,58,F
1170,12,22,M
1171,46,25,F
1172,54,76,F
1173,54,77,M
1174,29,29,F
1175,1,74,M
1176,1,81,F
1177,77,60,F
1178,1,28,F
1179,1,69,F
1180,21,55,M
1181,1,60,M
1182,66,53,F
1183,54,57,M
1186,2,52,F
1187,32,38,F
1188,32,31,M
1189,74,67,F
1190,15,23,F
1191,15,22,M
1192,10,74,F
1193,19,73,M
1194,17,60,F
1195,39,60,F
1196,22,56,M
1197,6,33,F
1198,72,24,F
1199,64,23,F
1200,47,68,F
1201,54,54,M
1202,47,19,F
1204,77,25,F
1206,50,42,M
1207,28,60,F
1208,70,24,F
1209,36,42,F
1210,6,38,M
1211,1,21,M
1212,13,72,F
1213,1,33,M
1214,61,59,M
1215,45,55,M
1216,65,54,F
1217,59,62,M
1218,74,19,M
1219,1,55,M
1220,40,46,F
1221,14,26,F
1222,7,60,F
1223,14,44,F
1224,56,61,M
1225,42,53,M
1226,33,48,F
1227,33,44,M
1228,21,50,F
1229,19,28,M
1231,20,34,F
1232,20,40,M
1233,68,57,M
1234,23,24,M
1235,23,20,F
1236,26,32,F
1237,57,76,M
1238,74,64,M
1239,11,23,F
1240,32,23,F
1241,73,57,F
1242,73,55,F
1243,11,25,F
1244,1,35,M
1245,64,20,M
1246,70,37,M
1247,70,30,F
1248,19,28,M
1250,43,47,F
1251,1,40,M
1252,1,46,F
1253,14,32,F
1254,3,60,F
1255,1,33,F
1256,46,44,F
1257,35,71,F
1258,35,75,M
1259,18,33,M
1260,57,54,F
1261,57,48,M
1262,35,47,M
1263,35,40,F
1264,61,23,F
1265,57,41,F
1266,71,47,F
1267,29,45,F
1268,29,50,M
1269,1,51,F
1270,13,69,M
1271,47,64,M
1272,8,55,M
1273,6,21,M
1274,44,23,M
1275,1,48,F
1276,68,57,F
1277,70,68,M
1278,72,21,M
1279,16,43,M
1280,34,47,M
1281,34,50,F
1282,52,63,M
1283,66,60,F
1284,66,56,M
1285,62,60,M
1286,52,49,F
1287,65,55,F
1288,73,27,M
1289,59,53,M
1290,35,23,M
1291,1,35,F
1292,14,22,M
1293,1,72,M
1294,1,69,F
1295,74,55,F
1296,55,40,F
1297,64,81,F
1298,64,78,M
1299,2,79,F
1300,45,20,M
1303,42,59,F
1304,37,63,M
1305,55,54,F
1306,32,77,F
1307,74,46,M
1308,69,45,M
1309,1,24,M
1310,41,22,F
1311,54,43,F
1312,35,64,F
1313,54,29,M
1314,54,24,F
1315,34,76,M
1316,67,53,F
1317,67,54,M
1318,47,68,M
1321,35,22,F
1322,4,54,F
1323,70,55,M
1324,66,43,F
1325,39,54,M
1326,55,43,F
1327,20,36,F
1328,42,62,F
1329,26,81,M
1330,66,31,M
1331,54,36,M
1332,5,42,F
1333,48,50,M
1334,8,21,M
1335,1,38,F
1336,1,37,M
1337,56,20,F
1338,56,16,M
1339,22,40,M
1340,68,60,F
1341,69,37,F
1343,1,60,F
1344,1,64,M
1345,32,31,M
1346,13,45,M
1347,13,29,M
1348,13,24,F
1349,26,31,F
1350,1,40,M
1351,1,48,F
1352,54,28,F
1353,27,40,M
1354,64,78,M
1355,35,23,F
1356,1,67,M
1359,1,48,F
1360,1,53,M
1361,1,77,F
1362,1,70,M
1363,6,20,F
1364,1,66,M
1365,1,61,F
1366,12,19,F
1367,60,34,F
1368,60,42,M
1369,41,21,M
1370,34,34,F
1371,49,51,F
1372,28,23,F
1373,74,24,F
1375,69,22,M
1376,18,41,M
1377,18,48,F
1378,74,58,F
1379,74,62,M
1380,44,46,F
1382,18,20,F
1383,29,17,M
1384,40,46,F
1385,22,46,M
1386,22,43,F
1387,1,22,F
1388,5,37,F
1389,43,72,F
1390,59,20,F
1391,41,34,M
1392,50,67,M
1393,50,65,F
1394,49,57,F
1395,49,58,M
1396,39,53,F
1397,66,78,F
1401,35,18,M
1402,44,63,M
1403,44,55,F
1404,11,31,F
1406,29,51,F
1407,29,58,M
1408,49,30,M
1409,25,48,M
1410,18,55,M
1411,18,60,F
1412,6,20,M
1413,11,30,F
1414,70,25,F
1416,19,72,M
1417,27,33,F
1418,41,25,F
1419,74,81,F
1420,74,83,M
1421,20,43,F
1422,69,23,F
1423,69,17,M
1424,8,47,M
1425,12,31,M
1426,12,35,F
1427,14,34,F
1428,12,79,M
1429,12,72,F
1430,64,17,F
1431,55,69,F
1432,16,38,F
1433,72,40,F
1434,72,32,M
1435,52,46,M
1438,29,36,F
1439,29,25,M
1440,1,21,M
1441,42,68,F
1442,42,66,M
1443,29,64,M
1444,29,57,F
1445,68,58,M
1446,70,45,M
1447,70,47,F
1448,50,42,F
1449,41,50,M
1450,61,30,F
1452,72,59,F
1453,29,33,F
1454,73,74,M
1455,73,72,F
1456,70,71,M
1457,70,65,F
1458,67,61,M
1459,4,23,M
1460,23,66,F
1461,28,30,M
1462,49,58,M
1463,70,63,F
1464,36,71,F
1465,36,68,M
1466,39,46,M
1467,65,75,M
1468,77,59,F
1469,54,33,F
1470,1,57,M
1471,1,61,F
1472,1,32,F
1473,1,68,F
1474,45,28,F
1475,19,67,M
1476,70,29,M
1478,4,30,M
1479,1,43,M
1480,69,56,M
1481,62,66,F
1482,46,49,F
1483,1,48,F
1484,1,47,M
1485,7,21,M
1486,7,25,F
1487,48,23,F
1488,31,38,M
1489,6,71,M
1490,42,71,M
1491,19,17,M
1492,9,31,F
1493,1,77,M
1494,1,84,F
1495,1,68,F
1496,1,57,F
1497,53,51,F
1498,53,58,M
1499,74,48,F
1500,1,18,M
1501,68,53,M
1502,68,26,M
1503,58,77,M
1504,58,81,F
1505,65,28,F
1506,22,68,M
1507,22,70,F
1508,67,45,F
1509,62,57,F
1510,34,51,F
1511,13,37,F
1512,5,57,F
1513,74,40,M
1514,68,42,M
1516,38,53,F
1517,66,43,M
1518,3,39,F
1519,3,40,M
1520,72,43,M
1521,5,20,M
1522,52,31,F
1523,29,68,F
1524,30,37,F
1525,1,56,M
1526,1,64,F
1527,49,65,M
1528,57,35,M
1529,43,27,F
1530,74,54,F
1531,52,39,F
1532,52,37,M
1533,55,39,M
1534,17,47,F
1535,40,63,M
1536,37,32,F
1537,54,20,M
1539,32,76,M
1540,36,62,M
1541,36,66,F
1542,31,80,M
1543,31,72,F
1546,28,69,M
1547,28,72,F
1548,70,76,M
1549,70,71,F
1550,8,53,F
1554,55,55,M
1555,30,49,M
1556,66,49,M
1557,35,40,F
1558,11,72,F
1559,72,59,M
1561,1,76,F
1562,1,80,M
1563,3,21,M
1564,40,52,F
1565,71,39,M
1566,15,33,F
1567,50,69,M
1568,50,72,F
1569,54,43,F
1570,54,41,M
1571,7,32,F
1572,1,36,F
1574,18,20,M
1575,55,76,F
1576,55,80,M
1577,23,55,M
1578,40,28,F
1579,27,36,M
1580,1,31,F
1581,56,36,F
1582,54,65,M
1583,1,27,F
1584,1,37,F
1585,60,64,M
1586,60,65,F
1587,23,71,M
1588,45,49,M
1589,48,48,F
1590,13,59,F
1591,42,46,F
1592,56,71,M
1593,56,74,F
1594,56,60,M
1595,56,45,F
1596,58,21,F
1597,60,43,M
1598,67,74,M
1599,43,35,M
1600,43,34,F
1601,42,30,F
1602,42,31,M
1603,26,31,M
1604,26,30,F
1605,52,19,F
1606,65,17,M
1607,8,58,F
1608,53,58,M
1609,53,55,F
1610,68,57,F
1611,59,36,F
1612,59,40,M
1613,50,38,M
1614,21,61,M
1615,74,47,F
1616,54,61,M
1617,5,49,F
1618,17,20,F
1619,74,57,F
1620,74,63,M
1621,76,47,F
1622,52,49,M
1623,36,36,M
1624,9,34,M
1625,9,26,F
1628,12,42,F
1629,28,33,M
1630,28,35,F
1631,74,23,M
1632,8,56,F
1633,55,27,F
1634,55,30,M
1635,75,69,F
1636,75,67,M
1637,21,56,M
1638,40,45,F
1639,1,40,F
1640,51,46,F
1641,31,76,F
1642,1,40,F
1643,39,23,F
1644,56,23,M
1645,39,38,F
1646,8,33,M
1647,71,21,F
1648,46,47,M
1649,46,49,F
1650,1,46,M
1651,11,33,F
1653,42,55,M
1654,60,36,M
1655,74,27,M
1656,22,31,F
1657,32,64,M
1658,52,70,F
1659,1,62,F
1660,1,17,F
1661,47,46,F
1662,53,32,M
1663,19,42,M
1664,64,81,F
1665,64,87,M
1666,1,58,M
1667,1,59,F
1668,20,50,F
1669,47,47,M
1670,53,38,M
1671,57,68,F
1672,57,71,M
1673,48,27,M
1674,11,79,F
1675,74,59,M
1676,53,46,M
1677,53,53,F
1679,67,57,F
1680,29,24,F
1681,34,59,M
1682,69,43,M
1683,15,48,F
1684,15,53,M
1685,61,55,F
1686,1,52,F
1687,1,52,M
1688,32,76,M
1689,1,63,M
1690,46,52,F
1691,21,21,F
1692,62,27,M
1693,45,19,F
1694,45,20,M
1696,1,76,F
1697,55,35,F
1698,55,32,M
1699,17,44,M
1700,7,50,M
1701,7,54,F
1702,53,26,F
1703,50,81,M
1704,50,85,F
1705,19,53,F
1706,19,55,M
1707,10,48,M
1709,74,47,F
1710,54,55,M
1711,64,37,F
1712,64,35,M
1713,65,64,M
1714,58,54,M
1717,73,20,F
1718,75,61,M
1719,35,29,M
1720,33,65,F
1721,33,65,M
1722,68,66,M
1723,71,18,F
1724,68,65,F
1725,76,40,F
1726,76,47,M
1727,32,48,M
1728,32,53,F
1729,76,52,M
1730,40,67,M
1731,17,31,F
1733,57,25,F
1734,26,24,M
1735,26,23,F
1736,41,20,F
1737,27,44,M
1738,27,36,F
1741,70,67,M
1742,1,45,M
1743,3,40,M
1744,50,30,F
1745,23,40,F
1746,11,40,F
1747,11,43,M
1748,64,23,M
1749,50,71,F
1750,23,35,M
1751,54,40,M
1752,70,21,M
1753,60,20,F
1754,57,20,M
1755,65,34,F
1756,1,63,M
1757,1,62,F
1758,35,52,M
1759,63,76,F
1760,77,76,M
1761,45,51,M
1762,61,43,M
1763,46,32,M
1764,66,28,M
1765,9,24,M
1768,29,48,M
1769,12,50,M
1770,12,48,F
1771,54,72,F
1772,73,20,F
1774,32,28,F
1775,73,56,M
1776,30,45,F
1777,69,36,F
1778,69,31,M
1779,37,64,M
1780,54,45,F
1781,67,75,M
1782,19,51,M
1783,1,53,F
1784,2,19,F
1785,39,24,M
1786,63,65,F
1787,63,68,M
1788,1,49,M
1789,61,66,F
1790,1,46,M
1791,5,33,F
1792,54,24,M
1793,41,54,F
1794,54,59,F
1795,38,39,F
1796,10,61,M
1797,10,58,F
1798,70,66,M
1799,36,40,M
1800,63,56,F
1801,66,29,M
1802,66,35,F
1803,25,53,F
1806,5,47,M
1807,47,64,M
1808,47,66,F
1809,24,68,M
1810,41,80,M
1811,1,60,M
1812,36,52,F
1813,36,50,M
1814,57,59,M
1815,16,22,F
1816,62,48,M
1817,47,46,F
1818,47,43,M
1819,43,20,F
1820,50,71,F
1821,1,58,M
1822,71,77,F
1823,1,21,F
1824,69,39,M
1825,51,25,F
1826,13,62,M
1827,13,58,F
1828,69,37,M
1829,51,57,F
1830,33,47,M
1831,51,23,M
1832,1,33,F
1833,30,33,M
1834,7,72,M
1835,7,71,F
1836,36,55,F
1837,67,42,M
1838,67,40,F
1839,5,63,F
1840,5,64,M
1841,67,46,F
1842,9,56,M
1843,48,60,F
1844,74,77,F
1845,74,81,M
1846,48,19,M
1847,52,20,F
1848,6,75,F
1849,57,77,F
1850,52,57,F
1851,31,24,F
1852,50,37,M
1853,1,34,M
1854,70,67,F
1856,54,31,F
1857,54,35,M
1860,1,35,F
1861,29,42,M
1862,50,22,F
1863,54,47,M
1864,22,51,M
1865,22,50,F
1866,64,57,F
1867,1,55,F
1868,60,19,M
1869,1,66,F
1870,1,64,M
1871,1,19,F
1872,52,36,F
1873,52,31,M
1874,1,53,M
1875,15,23,M
1876,1,48,M
1877,47,42,F
1878,47,36,M
1879,21,55,F
1880,1,25,M
1881,72,65,M
1882,72,67,F
1883,18,38,F
1884,59,23,F
1885,47,29,F
1886,34,79,M
1887,54,73,M
1888,66,81,F
1889,32,42,F
1890,14,44,F
1891,62,40,F
1892,66,71,M
1893,66,65,F
1894,1,52,F
1895,47,34,F
1896,48,17,M
1897,36,30,F
1898,73,38,M
1899,10,58,M
1900,23,34,M
1901,23,37,F
1903,1,60,F
1904,66,58,M
1905,72,50,F
1906,63,77,M
1907,75,71,F
1908,33,79,M
1909,35,55,F
1910,67,53,M
1911,48,61,F
1912,57,27,M
1913,69,31,M
1914,39,57,F
1915,39,60,M
1916,28,73,M
1917,69,30,F
1919,30,50,M
1920,42,24,M
1921,1,53,F
1922,1,50,M
1923,1,41,F
1924,67,61,M
1925,37,61,M
1926,37,64,F
1927,77,47,M
1928,77,47,F
1929,65,44,F
1930,38,65,F
1931,16,57,F
1932,15,59,F
1934,70,66,F
1935,68,70,F
1936,15,44,F
1937,15,39,M
1938,57,60,F
1939,1,74,M
1940,1,76,F
1941,10,78,F
1942,10,84,M
1943,39,73,M
1944,31,42,F
1945,54,45,M
1946,72,64,M
1947,23,18,M
1948,71,60,F
1949,71,57,M
1950,26,70,M
1951,41,28,M
1952,52,28,F
1953,52,34,M
1954,69,47,M
1955,66,28,F
1956,1,74,F
1957,63,27,M
1958,63,22,F
1959,1,79,M
1960,22,53,M
1961,31,79,F
1962,6,49,M
1963,38,54,M
1964,17,68,M
1965,75,60,M
1966,19,51,F
1967,1,36,F
1968,1,39,M
1969,53,73,F
1970,1,52,F
1971,3,30,F
1972,1,53,F
1973,60,68,F
1974,10,81,M
1975,10,84,F
1976,72,81,M
1977,10,64,F
1978,18,47,F
1979,51,73,F
1980,77,40,M
1981,19,29,F
1982,53,22,M
1983,53,17,F
1984,1,73,M
1985,6,62,M
1986,6,57,F
1988,13,47,M
1989,50,60,F
1990,50,56,M
1991,64,81,M
1993,1,24,M
1994,1,32,F
1995,50,58,F
1996,1,62,M
1997,1,22,F
1998,40,21,F
1999,74,17,F
2000,39,57,F
2001,34,22,F
2002,70,81,F
2003,70,78,M
2004,1,25,F
2005,30,20,M
2006,41,37,F
2007,41,41,M
2008,47,59,M
2009,12,63,M
2010,37,47,M
2011,46,74,F
2012,46,76,M
2013,1,59,F
2015,1,31,F
2016,55,65,M
2017,55,68,F
2018,56,54,F
2019,73,67,M
2020,73,74,F
2021,67,80,M
2022,56,60,M
2023,56,68,F
2024,62,65,M
2025,39,58,M
2026,39,65,F
2027,12,69,M
2028,12,75,F
2029,5,76,F
2030,5,19,F
2031,54,73,M
2032,1,56,M
2033,1,62,F
2034,13,73,M
2035,13,71,F
2037,69,51,F
2038,1,19,F
2039,68,30,F
2040,59,55,M
2041,68,43,M
2042,49,17,M
2043,77,45,F
2044,32,38,F
2045,28,43,M
2046,28,47,F
2047,11,56,F
2048,23,71,F
2049,70,72,M
2050,70,67,F
2051,74,81,F
2052,74,85,M
2053,16,81,M
2054,48,51,M
2055,56,23,F
2056,1,21,M
2057,6,23,F
2058,76,28,M
2059,43,27,M
2060,43,28,F
2061,63,46,M
2062,63,45,F
2063,68,49,F
2064,53,73,M
2065,64,21,M
2066,1,27,M
2067,56,20,M
2068,72,69,F
2069,70,76,F
2070,70,27,F
2071,1,26,M
2072,75,55,F
2073,22,43,M
2074,24,38,F
2075,74,77,M
2076,63,42,F
2077,44,69,F
2078,10,21,F
2079,72,74,F
2080,60,36,M
2081,46,27,F
2082,67,66,M
2083,71,56,M
2084,1,70,F
2085,1,71,M
2086,35,45,F
2087,68,22,M
2088,32,51,F
2089,70,32,F
2090,70,29,M
2091,48,71,F
2092,72,54,M
2093,48,29,M
2094,48,24,F
2095,9,25,M
2096,74,25,F
2097,53,63,M
2098,53,60,F
2099,1,81,M
2100,33,68,F
2101,33,64,M
2102,51,58,M
2103,18,55,F
2104,37,51,M
2105,42,52,F
2106,74,78,F
2107,74,76,M
2108,77,54,F
2109,15,49,F
2110,3,32,F
2111,57,75,F
2112,21,72,M
2113,68,62,M
2114,51,81,M
2115,51,85,F
2116,76,69,M
2117,53,54,M
2118,1,29,M
2119,30,39,F
2121,64,20,M
2122,1,29,F
2123,53,17,M
2124,68,50,F
2125,71,24,M
2126,52,24,F
2128,38,44,F
2129,75,37,M
2130,21,54,F
2131,39,24,F
2132,39,30,M
2133,53,78,F
2134,53,82,M
2135,24,59,F
2136,28,59,F
2137,73,37,F
2138,68,19,M
2139,18,67,F
2140,18,73,M
2141,28,48,M
2142,21,58,F
2143,21,51,M
2144,15,39,F
2145,39,31,F
2146,65,26,M
2147,69,36,F
2148,31,46,F
2149,33,76,F
2150,61,58,M
2151,61,54,F
2152,17,70,F
2153,36,50,F
2154,60,42,F
2155,15,41,M
2156,33,33,F
2157,11,54,M
2158,10,18,M
2159,74,69,F
2160,70,54,M
2161,1,79,F
2162,1,86,M
2163,52,81,M
2164,47,58,M
2165,47,54,F
2166,30,52,F
2167,1,18,M
2168,46,36,F
2169,46,28,M
2170,70,57,M
2171,1,41,M
2172,7,70,F
2173,56,48,F
2174,74,47,F
2175,53,57,F
2176,18,53,M
2177,24,57,F
2178,46,60,M
2179,9,60,F
2180,51,27,F
2181,46,31,M
2182,75,70,F
2183,75,68,M
2184,24,29,M
2185,20,42,F
2186,48,57,F
2187,40,66,M
2188,40,74,F
2189,21,37,F
2190,28,25,M
2191,28,20,F
2192,1,43,F
2193,1,47,M
2194,50,38,F
2195,68,57,F
2196,31,44,F
2197,47,37,F
2198,17,79,F
2199,17,88,M
2200,66,46,M
2201,44,70,M
2202,44,71,F
2203,10,60,M
2204,54,53,F
2205,55,47,M
2206,10,35,F
2207,70,38,F
2208,70,40,M
2209,30,72,F
2210,30,66,M
2211,3,79,F
2212,52,27,M
2213,3,31,M
2214,5,53,M
2215,10,74,M
2216,1,27,F
2217,1,25,M
2218,43,31,M
2219,43,35,F
2220,20,47,F
2221,20,54,M
2222,1,65,F
2223,70,56,F
2224,54,67,M
2225,4,39,F
2226,74,35,F
2227,42,24,M
2228,43,59,F
2229,68,55,M
2230,5,30,M
2231,21,28,F
2232,36,32,M
2233,36,35,F
2235,14,59,F
2236,44,21,F
2237,47,41,M
2238,47,45,F
2239,6,23,F
2240,47,67,F
2241,47,73,M
2242,1,23,F
2243,1,19,M
2246,55,46,F
2247,35,21,F
2248,7,24,M
2249,32,54,F
2250,34,61,F
2251,26,28,F
2252,37,34,M
2253,37,42,F
2254,72,72,F
2255,50,76,F
2256,70,25,M
2257,62,20,F
2258,62,20,M
2259,19,49,F
2260,62,37,F
2261,62,43,M
2263,1,65,M
2264,4,56,M
2265,52,22,M
2266,16,60,M
2267,1,33,F
2268,10,61,M
2269,48,36,F
2270,61,39,F
2271,61,35,M
2274,9,35,M
2275,9,34,F
2276,44,67,F
2277,1,20,M
2278,76,78,M
2279,52,46,M
2280,10,25,F
2281,76,21,F
2282,60,26,M
2283,1,38,M
2286,54,33,F
2287,47,20,M
2288,32,42,F
2289,32,45,M
2290,31,45,F
2291,6,42,M
2292,59,78,M
2293,1,30,M
2294,32,47,F
2295,22,60,F
2296,22,57,M
2297,48,34,M
2298,48,30,F
2299,6,59,F
2300,35,38,F
2301,35,39,M
2302,74,42,M
2303,61,60,F
2304,61,60,M
2305,70,50,F
2306,70,56,M
2307,26,76,M
2308,27,25,F
2309,15,23,F
2310,40,60,M
2311,40,64,F
2312,11,24,F
2313,70,19,M
2314,34,40,F
2315,34,36,M
2316,1,29,M
2317,1,23,M
2318,20,76,F
2319,40,29,F
2320,60,48,M
2321,68,31,F
2322,15,71,M
2323,48,57,F
2324,27,21,M
2325,2,44,F
2326,72,54,F
2327,73,80,M
2328,24,31,M
2329,18,26,M
2330,40,51,F
2331,42,42,F
2332,60,50,F
2333,60,50,M
2335,66,65,F
2336,12,77,M
2337,12,82,F
2338,58,42,F
2339,58,43,M
2340,42,46,M
2341,42,52,F
2342,70,51,M
2343,1,40,M
2344,3,75,F
2345,33,57,M
2346,33,52,F
2347,35,56,F
2348,35,66,M
2349,46,31,F
2350,46,32,M
2351,38,34,M
2352,70,22,F
2353,4,70,F
2354,1,32,M
2355,6,51,F
2356,52,69,M
2357,52,62,F
2358,74,53,F
2359,74,46,M
2361,9,31,M
2362,9,25,F
2363,43,52,M
2364,56,28,F
2365,46,46,F
2366,35,69,M
2367,35,68,F
2368,64,56,F
2369,64,59,M
2370,41,43,F
2371,70,43,F
2372,23,28,F
2373,15,45,M
2374,9,31,M
2375,72,34,F
2376,72,35,M
2377,49,49,M
2378,63,46,F
2379,33,35,F
2380,40,72,M
2381,40,68,F
2382,62,72,F
2383,31,52,F
2384,31,53,M
2385,13,66,M
2386,13,65,F
2387,77,54,F
2388,42,28,M
2389,25,75,M
2390,57,61,M
2391,1,57,M
2392,26,44,M
2393,16,23,F
2394,5,37,M
2395,8,46,M
2396,41,50,F
2397,46,81,M
2398,71,44,F
2399,42,56,F
2400,19,40,M
2401,26,51,F
2402,41,51,M
2403,1,36,F
2404,27,22,F
2405,27,24,M
2406,49,43,F
2407,51,24,M
2408,6,59,F
2409,54,35,M
2410,73,26,F
2411,73,31,M
2412,20,19,M
2413,46,38,M
2414,54,49,F
2415,54,42,M
2416,72,45,F
2417,48,61,F
2418,1,46,F
2419,1,45,F
2420,48,27,F
2421,48,29,M
2422,68,23,F
2423,42,42,M
2424,54,79,M
2425,6,22,F
2426,74,72,M
2427,74,65,F
2428,1,53,F
2429,70,26,M
2430,5,62,M
2431,75,33,M
2432,27,75,F
2433,32,35,M
2434,42,54,F
2435,16,56,F
2436,25,65,F
2437,45,63,M
2438,52,53,F
2439,52,55,M
2440,17,64,M
2441,1,71,M
2442,1,72,F
2443,75,50,M
2444,4,65,M
2445,54,30,M
2447,68,27,M
2448,68,28,F
2449,1,32,M
2450,54,24,F
2451,42,60,M
2452,64,47,F
2453,13,75,M
2454,69,59,F
2455,72,80,M
2456,72,76,F
2457,68,59,M
2458,68,67,F
2459,20,25,F
2460,19,36,F
2461,64,32,M
2462,19,65,M
2463,7,55,M
2464,30,54,M
2465,51,26,M
2467,36,53,F
2468,71,34,M
2469,54,42,F
2470,53,56,M
2471,53,57,F
2472,70,23,F
2473,20,23,F
2474,42,42,M
2475,44,17,F
2476,75,42,F
2477,75,47,M
2478,48,59,F
2479,31,40,F
2480,46,23,F
2481,6,51,M
2482,34,74,M
2483,34,70,F
2484,68,30,M
2485,20,66,M
2486,76,38,F
2487,67,32,F
2488,9,19,F
2489,64,24,F
2490,61,38,F
2491,5,60,F
2492,5,56,M
2493,1,37,M
2494,37,28,M
2495,58,60,F
2496,1,27,M
2497,34,37,F
2498,37,19,M
2499,13,55,M
2500,24,53,F
2501,70,59,F
2502,1,64,F
2503,54,22,F
2504,61,49,M
2505,25,39,F
2506,76,23,M
2507,37,47,F
2508,72,34,F
2509,72,28,M
2510,72,40,F
2511,35,24,F
2512,35,25,M
2513,41,58,M
2514,59,42,M
2515,12,41,M
2516,33,57,F
2517,18,75,M
2518,18,78,F
2519,29,29,F
2520,62,55,M
2521,55,52,F
2522,74,62,M
2523,74,62,F
2524,36,40,M
2525,36,47,F
2526,1,35,M
2527,44,52,F
2528,25,22,M
2529,70,60,M
2530,8,49,M
2531,5,45,F
2532,29,62,M
2533,40,70,F
2534,1,56,M
2535,1,54,M
2536,64,38,M
2537,73,42,M
2538,56,19,M
2539,32,27,F
2540,46,18,M
2542,3,55,M
2543,3,47,F
2545,9,46,F
2546,41,38,F
2547,48,46,F
2548,48,46,M
2549,70,76,F
2550,1,23,F
2551,70,60,F
2552,74,35,F
2553,34,23,M
2554,64,58,M
2555,42,36,M
2556,44,48,F
2557,7,42,M
2558,30,40,M
2559,8,34,F
2560,70,25,F
2561,48,54,M
2562,42,47,M
2563,74,28,M
2565,64,53,M
2566,29,36,F
2567,64,56,M
2568,64,61,F
2569,69,51,M
2570,69,52,F
2571,43,20,F
2572,1,46,M
2573,1,34,F
2574,29,67,F
2576,46,20,F
2577,70,81,M
2578,76,45,M
2579,11,64,F
2580,11,64,M
2581,52,46,F
2582,51,61,M
2583,75,62,M
2584,4,55,F
2585,75,28,F
2586,8,33,M
2587,8,26,F
2588,33,41,M
2589,21,36,M
2590,42,35,F
2591,42,39,M
2592,1,19,F
2593,1,22,M
2594,55,36,M
2596,31,38,M
2597,28,30,F
2598,28,34,M
2599,1,53,M
2600,7,76,F
2601,37,38,M
2602,37,33,F
2603,38,27,F
2604,22,73,M
2605,22,74,F
2606,31,56,M
2607,63,56,M
2608,58,56,F
2609,1,22,M
2610,1,19,F
2611,77,61,M
2612,38,24,M
2613,1,22,M
2614,72,53,M
2615,64,54,F
2616,50,29,M
2617,50,37,F
2618,17,57,M
2619,63,30,F
2620,63,31,M
2621,51,43,M
2622,71,26,M
2623,16,34,F
2625,57,27,M
2626,1,59,M
2628,1,68,F
2629,1,68,M
2630,64,62,F
2631,18,29,M
2632,18,36,F
2633,1,32,F
2635,67,33,F
2636,28,81,M
2637,64,64,M
2638,1,57,M
2639,45,49,F
2640,45,48,M
2642,22,26,M
2643,54,53,F
2644,6,35,F
2645,67,79,M
2646,63,62,F
2647,9,59,M
2648,9,65,F
2650,75,24,M
2651,75,30,F
2652,41,50,F
2653,1,49,M
2654,59,60,F
2655,44,36,M
2656,54,44,M
2657,73,51,M
2658,11,66,M
2659,46,58,M
2661,1,38,F
2662,1,21,M
2663,8,23,M
2666,47,64,F
2667,9,27,M
2668,9,24,F
2669,51,72,M
2670,45,63,M
2671,35,27,F
2672,7,59,F
2673,65,40,M
2674,65,47,F
2675,31,75,M
2676,61,38,M
2677,33,77,M
2678,33,81,F
2679,1,61,M
2680,1,54,F
2681,45,28,F
2682,45,24,M
2683,48,70,F
2684,74,46,F
2685,73,30,F
2686,19,48,F
2687,19,50,M
2688,60,32,F
2689,16,76,M
2690,58,28,F
2691,47,35,M
2692,44,74,M
2693,46,23,F
2694,15,72,F
2695,15,70,M
2696,2,52,M
2697,2,51,F
2698,31,29,F
2699,31,22,M
2700,34,54,M
2701,1,47,M
2702,7,80,M
2703,2,26,F
2704,1,50,F
2705,43,75,M
2706,3,32,M
2707,45,30,M
2708,73,41,M
2709,26,53,M
2712,25,43,M
2713,36,37,M
2714,6,29,F
2715,7,42,M
2716,25,30,F
2717,46,69,M
2718,46,67,F
2719,29,35,F
2720,1,50,F
2721,24,49,F
2724,35,24,M
2726,1,26,F
2727,1,31,M
2728,74,77,M
2729,1,33,M
2730,52,52,M
2731,38,72,M
2732,57,46,F
2733,3,72,F
2734,3,65,M
2735,64,71,M
2736,1,41,F
2738,1,48,M
2739,13,49,M
2740,36,32,F
2741,41,69,F
2742,65,51,F
2743,50,60,F
2744,50,56,M
2745,54,60,F
2746,1,28,M
2747,6,63,M
2748,6,63,F
2749,14,78,F
2750,14,86,M
2751,68,42,F
2752,48,28,M
2754,66,21,F
2755,1,29,F
2756,31,80,F
2758,1,53,M
2759,2,25,M
2760,68,24,F
2761,1,22,F
2762,29,46,F
2765,36,18,F
2766,70,40,M
2767,70,45,F
2768,1,35,M
2769,69,62,M
2770,1,45,M
2771,37,79,M
2772,37,76,F
2773,49,80,F
2774,49,78,M
2775,41,21,F
2776,31,65,F
2777,46,29,F
2778,57,35,M
2779,29,51,M
2780,29,52,F
2781,46,39,F
2782,31,59,M
2783,1,59,M
2784,36,41,F
2785,22,37,M
2786,24,48,M
2787,41,23,F
2788,49,48,F
2789,1,48,F
2790,16,24,M
2791,60,78,M
2794,18,34,M
2795,18,31,F
2796,15,25,M
2797,28,49,M
2798,65,68,M
2799,4,38,F
2800,2,50,M
2801,75,80,M
2802,1,33,F
2803,68,68,M
2804,68,63,F
2805,73,35,M
2806,58,44,F
2808,8,25,F
2809,33,20,M
2810,72,28,M
2811,1,53,F
2812,55,29,F
2813,70,58,M
2814,19,26,F
2815,35,69,M
2816,35,61,F
2817,1,22,F
2818,54,36,M
2819,8,19,M
2820,77,33,M
2821,45,19,F
2822,50,41,M
2823,70,53,F
2824,39,58,M
2825,65,41,M
2826,59,64,M
2827,63,76,M
2828,14,50,F
2829,33,60,F
2830,51,25,M
2831,68,19,F
2832,13,72,M
2833,13,76,F
2834,52,50,M
2835,27,33,M
2836,38,80,F
2837,38,72,M
2838,65,34,M
2839,72,71,F
2840,72,65,M
2841,18,26,F
2842,74,41,M
2843,70,33,F
2844,51,37,M
2845,7,47,M
2846,1,30,F
2847,34,57,F
2848,34,60,M
2849,19,71,M
2850,7,29,M
2851,54,60,M
2852,26,57,F
2853,28,43,F
2854,16,50,M
2855,16,42,F
2856,47,76,M
2857,33,72,M
2858,42,73,F
2859,68,71,F
2860,28,41,M
2862,49,35,F
2863,49,31,M
2864,51,47,F
2865,15,51,M
2866,15,50,F
2867,1,39,F
2868,14,66,M
2869,1,24,M
2870,29,40,M
2871,71,32,F
2872,77,66,F
2873,16,24,F
2874,34,27,M
2875,46,63,M
2876,1,22,M
2877,59,67,M
2878,68,52,M
2879,40,22,M
2880,60,47,M
2881,12,32,F
2882,70,68,M
2883,30,46,M
2884,40,41,F
2885,1,34,F
2886,1,41,M
2887,2,38,F
2888,1,21,F
2889,25,56,M
2890,62,48,M
2891,62,42,F
2892,3,58,F
2893,2,72,F
2894,70,51,F
2895,70,22,F
2896,1,24,F
2897,40,74,M
2898,40,79,F
2899,16,81,M
2900,18,76,M
2901,25,60,F
2902,8,40,F
2903,8,40,M
2904,64,53,F
2905,64,48,M
2906,5,65,M
2907,5,67,F
2908,1,28,M
2909,26,63,M
2910,76,63,M
2911,45,67,M
2912,45,74,F
2913,44,37,M
2915,33,45,F
2916,1,27,M
2917,16,59,M
2918,5,32,M
2919,5,29,F
2920,44,37,F
2921,64,23,F
2922,43,59,M
2923,35,22,F
2924,18,58,F
2925,18,52,M
2926,27,65,M
2927,27,70,F
2928,38,67,M
2929,1,41,M
2930,41,58,M
2932,1,59,F
2933,72,57,M
2934,72,51,F
2935,61,55,F
2936,3,54,F
2937,74,50,M
2938,8,78,F
2939,8,81,M
2940,1,34,M
2941,38,48,M
2942,67,33,F
2943,1,19,F
2944,71,56,F
2945,74,78,M
2946,74,73,F
2947,19,42,F
2948,47,21,M
2949,14,56,M
2950,46,55,M
2951,76,49,F
2952,52,21,F
2953,3,63,M
2954,38,40,F
2955,38,47,M
2956,23,60,M
2957,23,21,M
2958,48,24,M
2959,54,42,M
2960,1,71,M
2961,1,66,F
2962,1,61,M
2963,1,60,F
2964,8,21,M
2965,30,81,F
2966,65,44,M
2967,53,38,F
2968,40,37,M
2969,55,76,M
2970,55,77,F
2971,1,22,F
2972,1,23,M
2974,56,48,F
2975,33,56,F
2976,57,77,F
2977,39,36,M
2978,33,51,F
2979,4,38,F
2980,11,25,M
2981,16,50,F
2982,6,26,F
2983,6,32,M
2984,60,36,F
2985,60,39,M
2986,14,47,M
2987,14,53,F
2988,33,38,M
2989,17,50,F
2990,32,61,F
2991,32,58,M
2992,11,33,M
2994,18,36,M
2995,35,58,F
2996,1,34,M
2997,1,58,F
2998,1,38,M
2999,74,20,F
3000,41,71,F
3001,1,41,M
3002,42,44,F
3003,69,26,F
3004,69,28,M
3005,43,68,M
3006,22,26,F
3007,76,35,M
3008,73,80,M
3009,62,42,F
3010,62,39,M
3011,74,44,M
3012,70,44,F
3013,51,49,F
3014,51,46,M
3015,73,47,M
3016,40,22,M
3017,2,58,M
3018,61,21,M
3019,30,30,M
3020,32,57,F
3021,1,38,M
3022,1,45,F
3023,16,40,M
3024,60,70,M
3025,60,67,F
3026,22,52,M
3027,62,40,M
3028,34,67,F
3029,43,29,M
3030,68,23,F
3031,40,34,F
3032,40,40,M
3035,27,35,M
3036,16,58,F
3037,64,57,M
3038,6,53,F
3039,55,30,F
3041,4,72,F
3042,18,31,F
3043,63,48,F
3044,36,54,M
3045,10,49,F
3046,1,74,F
3047,45,24,M
3048,16,76,F
3049,6,32,M
3050,6,32,F
3051,65,71,M
3054,74,41,M
3055,51,68,M
3056,38,40,F
3057,38,37,M
3058,49,56,F
3059,61,22,M
3060,61,39,M
3061,61,34,F
3062,41,69,F
3063,27,28,M
3064,42,69,M
3065,24,78,F
3066,54,17,F
3067,57,47,F
3068,57,45,M
3069,21,56,M
3070,46,79,M
3071,38,32,F
3072,1,63,M
3073,1,62,F
3074,1,41,M
3075,74,58,M
3076,57,37,F
3077,50,65,F
3078,50,67,M
3079,67,56,M
3080,5,48,F
3081,5,54,M
3082,52,20,F
3083,41,28,M
3084,23,48,F
3085,62,53,F
3086,62,51,M
3087,46,40,F
3088,40,49,M
3089,46,25,M
3090,32,31,M
3091,15,33,F
3092,59,32,F
3093,35,33,M
3094,48,49,M
3095,36,46,M
3096,74,17,M
3097,48,51,M
3098,17,61,M
3099,17,34,M
3100,2,68,M
3101,1,58,M
3102,61,20,F
3103,64,26,F
3104,4,17,F
3105,68,52,M
3106,72,71,F
3107,30,39,M
3108,30,37,F
3109,7,67,F
3110,54,68,M
3111,54,75,F
3112,24,60,M
3113,60,28,F
3114,60,28,M
3115,72,38,M
3116,28,48,M
3117,62,58,F
3118,62,59,M
3119,50,63,F
3120,75,35,M
3121,57,43,F
3122,57,40,M
3123,1,20,M
3124,5,41,F
3125,10,77,F
3126,47,61,M
3127,1,79,F
3128,69,55,F
3129,5,53,F
3130,19,44,F
3131,1,64,F
3132,1,24,F
3133,31,26,F
3134,1,61,M
3135,48,30,M
3136,1,36,M
3137,70,52,M
3138,70,56,F
3139,46,43,F
3140,46,40,M
3141,9,74,F
3142,68,80,M
3143,21,55,F
3144,1,80,M
3145,1,78,F
3146,1,51,M
3147,19,35,F
3148,3,57,M
3149,3,64,F
3150,54,67,F
3151,1,48,F
3152,1,63,M
3153,26,75,M
3154,26,73,F
3155,44,26,F
3156,68,45,F
3157,1,57,F
3158,1,59,F
3159,24,69,M
3160,20,48,M
3161,66,19,M
3162,55,39,M
3163,1,35,F
3164,1,37,M
3165,3,23,F
3166,31,44,M
3167,48,56,F
3170,76,78,M
3171,76,75,F
3172,64,48,M
3173,66,53,F
3174,66,47,M
3175,64,49,F
3176,1,62,M
3177,24,61,M
3178,25,30,F
3179,45,51,F
3180,45,55,M
3181,27,56,M
3182,18,74,F
3183,70,19,M
3184,5,40,F
3185,17,27,F
3186,1,44,F
3187,7,47,M
3188,68,23,F
3190,1,79,F
3191,56,24,F
3192,6,60,M
3193,28,49,F
3194,51,24,F
3195,2,28,F
3196,72,21,F
3197,1,41,M
3198,1,46,F
3199,1,42,F
3200,1,45,M
3201,66,46,F
3202,56,77,M
3203,1,40,F
3204,1,43,M
3205,1,78,F
3206,1,78,M
3207,55,74,F
3208,27,52,M
3209,27,60,F
3210,14,36,M
3211,17,32,F
3213,1,58,M
3214,71,77,M
3215,64,63,F
3216,58,40,M
3217,61,22,M
3218,49,34,M
3219,49,40,F
3220,23,42,M
3221,23,46,F
3222,21,22,M
3225,13,42,M
3226,1,48,M
3227,59,49,F
3228,34,42,M
3229,50,20,M
3230,1,17,F
3231,21,38,M
3232,5,23,M
3233,1,19,M
3234,67,80,F
3235,46,49,F
3236,28,39,F
3239,7,18,F
3240,67,62,F
3241,26,65,M
3242,26,62,F
3243,71,79,F
3244,72,66,M
3245,70,47,M
3246,66,68,M
3247,69,41,F
3248,28,70,F
3249,17,40,M
3250,17,37,F
3251,52,37,F
3252,52,38,M
3253,70,53,M
3254,1,69,M
3255,8,29,F
3256,49,23,M
3257,73,21,F
3258,74,39,F
3259,71,49,M
3260,74,57,F
3261,74,49,M
3262,61,58,F
3264,63,49,F
3265,47,36,F
3266,47,39,M
3267,61,48,M
3268,1,43,F
3269,2,25,M
3270,12,59,M
3271,58,57,F
3272,9,79,F
3273,9,81,M
3274,26,70,M
3275,26,75,F
3276,52,19,M
3277,42,33,M
3278,42,37,F
3279,66,45,F
3280,66,41,M
3281,74,49,M
3282,29,18,M
3283,10,66,M
3284,2,63,M
3285,2,56,F
3286,74,27,F
3287,74,21,M
3288,69,73,M
3289,75,22,F
3290,11,30,F
3291,52,52,M
3292,18,59,M
3293,1,46,F
3294,52,42,M
3295,40,33,F
3296,23,30,M
3297,1,31,M
3298,5,57,F
3299,76,38,F
3300,53,49,M
3302,52,35,F
3303,52,34,M
3304,69,60,M
3305,41,28,F
3306,27,51,M
3307,14,20,F
3308,15,51,M
3309,15,57,F
3310,23,45,M
3311,51,45,M
3312,70,28,F
3313,60,53,F
3314,24,68,F
3315,24,65,M
3316,1,52,F
3317,1,49,M
3319,1,20,F
3320,1,27,M
3321,13,30,F
3322,31,51,M
3323,74,18,F
3324,26,28,F
3325,26,36,M
3326,57,47,F
3327,20,62,F
3328,24,33,M
3329,54,38,M
3330,54,44,F
3331,70,29,F
3332,46,30,F
3333,10,50,F
3334,1,32,M
3335,11,32,M
3336,64,48,F
3337,53,47,M
3338,69,57,F
3339,31,23,F
3340,54,23,M
3341,54,31,F
3342,73,26,M
3344,42,38,M
3345,37,58,F
3346,37,58,M
3347,11,63,M
3348,38,21,F
3349,42,36,M
3350,30,49,M
3351,30,57,F
3352,23,80,M
3353,23,80,F
3354,62,56,F
3355,38,46,M
3356,73,25,M
3357,63,45,F
3358,16,24,M
3359,1,54,M
3360,43,23,F
3361,40,69,F
3365,1,33,F
3366,54,40,F
3367,54,47,M
3368,14,47,F
3369,1,47,M
3370,25,80,M
3371,25,80,F
3372,1,29,M
3373,5,47,M
3374,5,39,F
3375,74,45,M
3376,11,54,F
3377,11,61,M
3378,5,42,M
3379,5,50,F
3380,74,21,F
3381,70,34,F
3382,54,45,M
3383,54,43,F
3384,41,57,F
3385,11,75,F
3386,49,59,F
3387,58,56,M
3388,53,34,F
3389,39,32,F
3390,53,27,F
3391,42,28,M
3392,1,24,F
3393,73,45,F
3394,66,19,F
3395,4,37,M
3396,18,22,F
3397,24,25,F
3398,24,30,M
3399,72,67,M
3402,74,47,F
3403,74,42,M
3404,56,59,F
3405,40,50,M
3406,40,52,F
3407,35,26,F
3408,35,26,M
3409,36,80,M
3410,54,34,M
3412,57,24,M
3413,57,30,F
3414,11,52,F
3415,54,26,F
3416,35,21,M
3417,35,14,F
3418,70,36,F
3420,66,20,M
3421,20,52,M
3422,1,48,F
3423,12,28,F
3424,64,81,M
3425,70,29,M
3426,73,21,M
3427,42,19,M
3428,42,12,F
3429,46,58,M
3430,3,48,M
3431,70,20,F
3432,15,26,M
3433,71,37,M
3434,71,43,F
3435,4,54,F
3436,30,41,M
3437,30,40,F
3438,43,57,M
3439,62,32,M
3440,1,61,F
3441,75,41,M
3443,1,65,F
3444,57,22,M
3445,17,20,F
3446,70,42,M
3447,54,50,F
3448,1,45,M
3449,27,71,M
3450,25,23,M
3451,19,25,M
3452,19,24,F
3453,56,49,M
3454,11,50,F
3455,11,42,M
3456,54,54,F
3457,75,76,F
3458,33,46,M
3459,14,35,F
3460,14,34,M
3461,54,41,M
3462,54,34,F
3463,1,20,F
3464,43,46,M
3465,30,57,M
3466,1,63,F
3467,1,60,M
3468,68,66,F
3469,1,24,F
3470,52,62,F
3471,1,47,F
3472,70,53,F
3473,70,51,M
3474,32,45,F
3475,19,42,M
3476,60,31,F
3477,37,34,M
3478,1,73,M
3479,1,66,F
3480,15,48,F
3481,15,42,M
3482,71,58,F
3483,70,59,M
3484,44,27,M
3485,77,77,M
3486,77,37,M
3487,1,40,M
3488,1,44,M
3489,76,33,M
3490,19,79,M
3491,19,77,F
3492,8,29,F
3493,69,34,F
3494,42,30,M
3495,64,58,F
3496,64,50,M
3497,39,29,F
3498,77,61,M
3499,19,30,M
3500,29,39,M
3501,51,35,M
3502,54,47,M
3503,54,46,F
3504,40,47,M
3505,20,22,M
3506,1,38,F
3507,32,53,F
3508,38,29,M
3509,38,34,F
3510,13,60,M
3511,74,36,M
3512,49,53,M
3513,70,77,M
3514,70,81,F
3515,61,24,F
3516,58,28,F
3517,68,46,F
3518,33,44,F
3519,74,50,M
3520,8,71,F
3521,4,35,M
3522,57,36,M
3523,6,35,M
3524,68,54,F
3525,15,25,M
3526,15,22,F
3527,77,21,M
3528,73,29,F
3529,54,26,M
3530,16,28,F
3531,43,79,M
3532,56,64,M
3533,1,36,F
3534,50,28,F
3535,37,26,M
3536,55,77,M
3537,51,53,M
3538,1,55,F
3539,36,79,M
3540,51,63,M
3541,51,65,F
3542,10,60,M
3543,10,58,F
3544,1,38,F
3545,68,33,M
3546,3,28,M
3547,1,75,F
3548,1,24,M
3549,5,62,F
3550,54,30,F
3552,44,59,M
3554,22,34,F
3555,22,31,M
3556,6,72,M
3557,6,71,F
3558,54,71,F
3559,57,60,F
3560,57,55,M
3562,1,68,M
3563,1,73,F
3564,62,51,M
3565,44,37,M
3566,65,67,F
3567,1,51,M
3568,1,58,M
3569,67,66,M
3570,15,54,F
3571,25,29,M
3572,48,71,F
3573,8,27,F
3574,19,53,F
3575,9,62,F
3576,1,60,F
3577,31,57,F
3578,72,72,M
3579,72,69,F
3580,6,70,F
3581,33,32,M
3582,38,44,M
3583,15,57,F
3584,15,58,M
3585,29,31,F
3586,60,56,M
3587,60,60,F
3588,76,46,F
3589,73,38,F
3590,23,23,F
3591,74,69,M
3592,74,74,F
3594,13,38,F
3595,28,34,M
3596,74,24,M
3597,10,66,F
3598,66,76,M
3599,66,68,F
3600,46,56,F
3601,19,61,M
3602,19,59,F
3603,42,45,M
3605,71,65,M
3606,63,41,M
3607,18,53,F
3608,66,52,M
3609,66,44,F
3610,36,80,M
3611,30,27,F
3612,19,37,F
3613,19,30,M
3614,43,28,F
3615,1,25,M
3616,77,35,F
3617,51,45,F
3618,54,46,M
3619,40,44,M
3620,21,62,M
3621,66,60,M
3622,66,61,F
3623,28,34,F
3624,1,17,F
3627,18,18,F
3628,11,72,F
3629,42,52,M
3630,64,76,F
3631,64,78,M
3632,15,56,F
3633,72,66,M
3634,1,76,M
3635,1,78,F
3636,46,21,M
3637,64,40,M
3638,49,56,F
3639,73,71,M
3640,75,21,M
3641,75,20,F
3642,19,38,M
3643,26,19,M
3644,75,48,M
3645,34,24,M
3646,33,56,F
3647,33,51,M
3648,3,19,M
3649,10,40,F
3650,64,81,M
3651,35,81,M
3652,1,79,M
3653,1,82,F
3654,25,75,F
3655,59,31,M
3656,62,74,F
3657,62,78,M
3658,58,75,M
3659,42,69,F
3660,65,25,M
3661,51,67,M
3662,27,68,M
3663,69,52,F
3664,69,48,M
3667,70,28,M
3668,70,27,F
3669,10,37,M
3670,44,19,F
3671,10,56,M
3672,10,51,F
3673,1,48,F
3674,17,19,F
3675,70,47,M
3676,10,34,F
3677,10,39,M
3678,1,65,F
3679,72,68,M
3680,72,76,F
3681,1,78,M
3682,1,75,F
3683,74,22,F
3684,16,38,F
3685,74,25,M
3686,61,37,F
3687,49,27,M
3688,49,24,F
3689,9,20,F
3690,44,39,M
3691,18,34,M
3693,15,77,M
3694,15,79,F
3695,55,65,M
3696,55,60,F
3697,9,45,F
3698,44,28,M
3699,1,31,M
3700,1,23,F
3701,73,45,F
3702,76,47,M
3703,17,68,M
3704,69,37,M
3705,1,34,F
3707,74,58,M
3708,46,41,F
3709,46,44,M
3710,59,71,M
3711,25,31,M
3712,56,30,F
3713,41,55,F
3714,8,46,F
3716,74,46,M
3717,71,74,M
3718,71,70,F
3719,54,69,M
3720,54,63,F
3721,64,45,F
3722,1,43,F
3723,18,31,M
3724,57,74,F
3727,33,29,M
3728,66,63,M
3729,66,58,F
3730,59,54,F
3732,66,53,M
3733,1,53,F
3734,15,56,M
3735,18,61,M
3736,18,67,F
3737,12,51,M
3738,1,21,F
3739,3,43,F
3740,46,70,M
3741,16,63,M
3742,56,38,F
3743,56,41,M
3745,2,28,F
3746,66,24,M
3747,1,35,M
3748,59,69,F
3749,65,56,F
3750,1,61,M
3751,33,33,M
3752,33,38,F
3753,1,40,F
3754,1,52,F
3755,37,48,F
3756,12,28,F
3757,5,77,M
3758,53,36,F
3759,53,38,M
3760,18,44,M
3761,48,24,M
3762,60,40,F
3763,38,22,F
3764,38,21,M
3765,45,43,F
3766,1,19,F
3767,14,63,M
3768,14,55,F
3769,54,42,M
3770,35,74,F
3771,48,57,M
3772,48,63,F
3773,33,35,F
3774,1,77,M
3775,46,71,M
3776,74,21,M
3777,74,24,F
3779,6,50,M
3780,37,22,M
3781,17,24,F
3782,1,19,M
3783,1,31,F
3784,1,25,M
3785,66,79,F
3786,13,79,M
3787,21,21,F
3788,56,44,F
3789,66,35,M
3790,48,63,M
3791,72,60,M
3792,74,27,M
3793,39,48,F
3794,37,23,F
3795,12,17,M
3796,3,46,M
3797,3,48,F
3798,1,45,F
3799,2,70,M
3800,38,45,F
3801,38,51,M
3802,67,74,M
3803,1,69,M
3804,1,66,F
3805,68,57,M
3806,54,32,F
3807,33,52,F
3808,57,56,M
3811,6,47,M
3812,1,32,M
3813,2,21,F
3814,1,54,M
3815,28,30,F
3816,1,33,M
3817,77,62,F
3818,71,57,M
3819,71,63,F
3821,22,60,M
3822,48,46,M
3823,63,43,M
3824,41,28,M
3825,41,34,F
3826,33,78,M
3827,33,76,F
3829,59,27,M
3830,18,31,F
3831,11,81,M
3832,11,74,F
3833,19,64,M
3834,1,23,F
3835,50,68,F
3836,77,51,M
3837,39,78,F
3838,65,70,M
3839,65,62,F
3840,50,66,F
3841,26,80,M
3842,74,23,M
3843,4,57,F
3844,71,36,F
3845,1,40,M
3846,27,19,F
3847,6,40,F
3848,45,61,F
3849,1,67,F
3850,45,42,F
3851,45,38,M
3852,10,47,F
3853,59,19,F
3854,24,40,M
3855,29,60,M
3856,1,55,F
3857,72,47,F
3858,18,51,F
3859,18,58,M
3860,74,61,M
3861,11,48,F
3862,40,52,F
3863,1,60,F
3864,1,68,M
3865,75,22,M
3866,75,22,F
3868,66,37,M
3869,17,53,F
3870,4,28,F
3871,4,20,M
3872,8,69,M
3873,23,39,F
3874,61,57,F
3875,1,69,F
3876,1,76,M
3877,38,43,F
3880,29,38,F
3881,45,52,F
3882,45,57,M
3883,18,34,M
3884,72,36,M
3885,70,59,F
3886,8,34,F
3887,67,79,M
3888,67,83,F
3890,3,41,M
3891,75,41,M
3892,1,20,M
3893,1,30,M
3894,29,58,M
3895,29,54,F
3896,5,76,M
3897,16,48,F
3898,57,51,F
3899,55,80,F
3900,55,56,M
3901,55,48,F
3902,65,50,F
3903,1,51,F
3904,29,60,F
3905,29,64,M
3906,64,63,M
3907,1,45,F
3908,73,70,M
3909,73,76,F
3910,37,80,F
3911,31,47,F
3912,1,54,F
3913,8,48,M
3914,52,79,F
3915,20,22,M
3916,47,29,F
3917,47,32,M
3918,5,25,M
3919,35,57,M
3920,44,74,F
3921,28,41,F
3922,1,71,F
3923,1,64,M
3924,56,28,M
3925,45,63,F
3926,54,27,M
3927,61,51,F
3928,77,71,F
3929,74,42,M
3930,1,78,M
3931,1,78,F
3932,59,60,M
3933,59,53,F
3934,12,31,M
3935,71,60,M
3936,36,37,F
3937,36,36,M
3938,27,19,M
3939,40,46,M
3942,53,47,M
3943,1,54,M
3944,8,63,M
3945,8,68,F
3946,1,24,M
3947,23,32,M
3948,44,20,F
3949,44,25,M
3950,38,75,M
3951,38,79,F
3952,52,34,F
3953,14,74,F
3954,64,42,M
3955,64,39,F
3956,21,24,F
3957,21,28,M
3958,37,53,F
3959,30,29,F
3960,8,35,M
3961,53,56,F
3962,74,47,M
3963,76,25,M
3964,74,57,M
3965,1,36,M
3966,1,30,F
3967,18,39,F
3968,18,44,M
3969,4,48,F
3970,46,19,F
3971,1,33,M
3972,1,69,M
3973,1,17,F
3974,68,61,M
3975,1,45,F
3976,43,32,M
3977,8,24,M
3978,18,29,M
3979,54,71,F
3980,1,46,M
3981,19,20,M
3982,45,80,F
3983,1,73,F
3984,1,35,F
3985,75,20,F
3987,67,39,M
3988,53,25,F
3989,53,19,M
3990,29,26,M
3991,11,32,M
3992,71,51,F
3993,14,19,F
3994,21,34,F
3995,1,51,F
3996,36,52,F
3997,13,72,F
3998,59,49,F
3999,30,23,F
4000,40,42,M
4001,69,43,M
4002,25,79,F
4003,8,50,M
4004,30,42,F
4006,25,21,F
4007,23,51,M
4008,23,48,F
4009,4,33,M
4010,4,51,F
4011,62,42,F
4012,56,43,F
4013,1,48,F
4014,17,19,M
4015,65,27,F
4016,13,28,F
4017,13,35,M
4018,3,19,F
4019,11,54,M
4020,45,46,F
4021,45,51,M
4022,1,73,M
4023,1,74,F
4024,3,35,M
4025,3,28,F
4026,76,54,F
4027,16,34,F
4028,16,29,M
4029,17,32,M
4030,44,23,F
4031,67,24,M
4032,35,35,F
4033,51,74,M
4034,58,62,M
4035,58,69,F
4036,25,23,F
4037,1,33,F
4040,59,38,F
4041,59,45,M
4042,1,60,M
4043,70,46,F
4044,44,69,F
4046,1,55,F
4047,1,62,M
4048,4,76,M
4049,4,54,M
4050,47,51,M
4051,74,50,M
4052,74,49,F
4053,70,70,F
4054,72,40,F
4055,74,46,F
4056,63,47,F
4057,70,77,F
4059,54,75,M
4060,44,45,F
4061,8,21,M
4062,71,49,M
4063,61,33,F
4064,61,27,M
4065,73,57,M
4066,30,63,F
4067,21,40,F
4068,11,75,M
4069,68,40,M
4070,68,40,F
4071,45,57,F
4072,45,58,M
4073,24,44,M
4074,24,41,F
4075,8,55,F
4076,49,30,M
4077,68,44,F
4078,23,48,M
4079,27,44,M
4080,21,56,F
4081,9,21,M
4082,58,38,F
4083,74,31,F
4084,55,42,M
4085,55,47,F
4086,63,58,F
4087,64,53,F
4088,68,51,F
4089,68,52,M
4090,23,28,M
4091,29,17,F
4092,14,66,F
4093,1,53,M
4094,2,20,M
4095,25,25,M
4096,25,19,F
4098,13,61,M
4099,12,54,F
4100,74,44,M
4101,1,29,F
4102,4,30,F
4103,4,34,M
4104,23,80,M
4105,16,19,F
4106,1,63,M
4107,49,45,M
4108,43,73,F
4109,63,46,M
4112,38,25,M
4113,76,52,F
4114,63,35,M
4115,33,56,M
4116,36,63,M
4117,53,81,F
4118,28,21,M
4119,62,37,F
4120,62,38,M
4121,23,76,M
4122,39,30,M
4123,39,33,F
4124,19,36,F
4125,31,77,F
4126,74,24,M
4127,74,29,F
4129,75,47,F
4131,48,23,M
4132,42,37,M
4133,42,34,F
4134,1,45,F
4136,31,40,M
4137,21,50,M
4138,11,31,F
4139,74,30,M
4140,70,36,M
4141,9,29,M
4142,36,39,M
4143,27,44,M
4144,27,44,F
4145,73,77,F
4146,9,44,F
4147,64,27,M
4148,64,31,F
4149,1,20,M
4150,1,22,F
4151,73,73,F
4152,73,72,M
4153,32,43,M
4154,32,46,F
4155,1,76,M
4156,5,37,F
4157,1,27,M
4158,35,79,F
4159,35,86,M
4160,16,30,F
4161,22,27,F
4163,4,48,M
4164,45,75,F
4165,53,44,M
4166,1,52,M
4167,6,50,F
4169,58,19,F
4170,58,16,M
4171,1,19,M
4172,1,54,F
4173,52,21,F
4174,63,72,M
4175,13,34,F
4176,32,77,M
4177,34,64,M
4178,32,73,M
4179,54,79,M
4180,63,67,M
4181,76,35,F
4182,16,58,M
4183,16,59,F
4184,8,24,F
4185,51,35,F
4186,38,21,M
4187,25,32,F
4188,1,23,M
4189,64,58,M
4190,17,57,M
4191,32,42,F
4192,72,68,M
4193,8,62,F
4194,63,59,F
4195,63,54,M
4196,55,48,F
4198,23,45,F
4199,23,38,M
4201,3,22,M
4202,3,29,F
4203,1,32,F
4204,1,39,M
4205,30,64,M
4206,22,57,M
4207,70,61,M
4209,70,66,F
4210,40,20,M
4211,22,26,F
4212,53,54,M
4213,64,74,F
4214,64,78,M
4215,49,47,F
4217,9,48,F
4218,48,60,F
4219,51,55,F
4220,33,36,M
4221,63,58,F
4222,60,71,M
4223,54,29,M
4224,42,22,F
4225,76,22,M
4226,31,42,M
4227,51,36,F
4229,36,38,M
4230,74,38,F
4231,1,40,F
4232,70,28,M
4233,46,61,M
4234,70,27,F
4235,9,24,F
4236,42,37,F
4237,16,76,F
4238,41,28,F
4239,70,79,M
4240,46,39,F
4241,20,49,F
4242,20,45,M
4243,7,41,M
4244,68,77,F
4245,68,80,M
4246,36,19,F
4247,26,24,F
4248,9,24,F
4249,52,22,M
4250,72,38,F
4251,44,39,M
4252,44,46,F
4253,16,63,F
4254,65,27,M
4255,66,74,F
4256,70,42,M
4257,1,31,F
4258,44,33,F
4259,10,50,F
4260,12,32,M
4261,34,75,F
4262,59,74,F
4263,73,27,F
4264,74,28,F
4265,59,21,M
4266,1,25,F
4267,24,63,F
4268,24,71,M
4269,45,44,F
4270,58,27,F
4271,58,35,M
4272,42,21,F
4273,18,23,F
4274,70,62,F
4275,49,42,F
4276,74,26,F
4277,74,20,M
4278,33,50,M
4279,51,50,M
4280,55,55,F
4281,54,68,M
4282,3,67,M
4283,27,75,M
4284,68,53,M
4285,68,54,F
4286,6,34,F
4287,62,46,F
4288,70,53,F
4289,66,18,M
4290,32,52,M
4291,58,48,F
4292,72,47,M
4293,4,40,F
4294,4,43,M
4295,18,39,M
4296,57,74,M
4297,57,71,F
4298,33,79,M
4299,50,22,F
4300,1,22,F
4301,14,43,F
4302,30,55,F
4303,21,21,F
4304,5,54,F
4305,40,60,F
4306,40,59,M
4307,1,22,M
4308,44,29,F
4309,39,20,F
4310,65,74,F
4311,59,18,M
4312,72,20,F
4313,53,31,F
4314,58,74,F
4315,74,40,F
4316,1,56,F
4317,53,21,F
4318,43,57,F
4319,43,53,M
4320,66,41,F
4321,19,26,F
4322,19,29,M
4323,40,75,M
4324,40,81,F
4325,55,52,M
4326,1,69,M
4327,1,62,F
4328,59,23,F
4329,64,52,F
4330,33,78,M
4331,5,40,M
4332,57,63,M
4333,1,41,M
4334,1,45,F
4335,54,75,F
4336,19,30,F
4337,48,33,M
4338,30,55,M
4339,59,22,F
4340,1,50,F
4341,76,35,M
4342,63,81,F
4343,27,70,F
4344,54,74,M
4345,18,25,F
4346,3,26,F
4347,54,73,F
4348,3,21,F
4349,1,40,F
4350,1,33,M
4352,72,28,M
4353,28,20,F
4354,28,13,M
4355,1,61,F
4358,70,57,M
4359,64,49,M
4360,19,34,F
4361,46,44,M
4362,50,56,M
4363,50,48,F
4364,22,22,M
4365,10,38,M
4367,14,17,M
4368,32,22,F
4369,53,34,M
4370,59,60,M
4371,32,31,M
4372,3,66,M
4373,51,48,M
4376,70,45,M
4377,48,21,M
4380,1,68,M
4381,56,40,M
4382,18,19,M
4383,21,36,M
4384,10,26,F
4385,21,27,F
4386,53,54,F
4387,52,53,M
4388,4,63,F
4389,10,73,F
4390,7,27,F
4393,1,58,F
4394,64,24,F
4395,36,41,F
4396,63,25,F
4397,63,26,M
4398,77,41,M
4399,61,32,F
4400,54,40,F
4401,8,31,M
4402,23,70,M
4403,36,61,F
4404,31,48,F
4405,47,40,F
4406,1,45,M
4407,70,24,M
4408,62,76,M
4409,62,71,F
4410,24,23,F
4411,54,49,M
4412,54,47,F
4413,74,22,M
4414,50,66,M
4415,4,22,M
4416,67,29,M
4417,1,23,M
4418,28,29,M
4420,55,42,M
4421,1,55,F
4422,76,56,F
4423,27,81,M
4424,21,66,M
4425,21,63,F
4426,26,30,F
4427,30,59,M
4428,38,45,M
4429,64,54,M
4430,64,61,F
4431,58,69,M
4432,1,35,F
4433,1,31,M
4434,64,35,M
4435,64,34,F
4436,27,79,M
4437,70,38,F
4438,70,42,M
4439,70,24,M
4440,33,51,M
4441,33,56,F
4442,23,78,F
4444,77,30,M
4445,77,35,F
4446,71,49,F
4447,71,42,M
4448,72,57,F
4449,8,50,M
4450,67,50,F
4451,50,72,F
4452,70,75,F
4453,61,23,F
4454,61,23,M
4455,70,23,M
4456,30,63,M
4457,1,56,M
4458,22,49,F
4459,1,37,F
4460,1,42,M
4461,54,42,F
4462,1,22,M
4463,76,76,M
4464,53,35,M
4465,74,62,M
4466,75,77,F
4467,20,55,F
4468,20,55,M
4469,8,26,F
4471,64,24,F
4472,74,34,M
4473,1,55,M
4474,3,35,F
4476,3,72,M
4477,74,42,M
4478,74,47,F
4479,2,41,F
4480,74,36,M
4481,1,24,M
4482,56,20,M
4483,63,33,F
4484,37,44,M
4485,36,80,M
4486,36,85,F
4487,22,25,M
4488,22,28,F
4489,76,51,M
4490,76,43,F
4491,2,22,F
4492,16,34,F
4493,33,52,M
4494,54,47,M
4495,66,20,M
4496,10,28,M
4497,10,35,F
4498,31,68,M
4499,31,70,F
4500,17,75,M
4501,70,52,F
4502,21,67,M
4503,21,71,F
4504,33,34,F
4505,33,33,M
4506,11,45,F
4507,1,29,M
4508,54,78,M
4509,54,79,F
4510,34,61,F
4511,51,54,F
4512,1,36,M
4514,65,59,M
4515,59,79,F
4516,1,38,F
4518,39,47,F
4519,70,48,F
4520,1,42,F
4521,1,56,M
4522,68,49,F
4523,68,47,M
4524,77,42,M
4525,77,35,F
4526,70,29,F
4527,1,36,F
4528,28,77,M
4529,37,23,M
4530,37,15,F
4531,64,35,F
4532,39,46,M
4533,64,19,M
4534,38,45,M
4535,1,68,F
4536,41,52,M
4539,55,57,M
4540,69,63,M
4541,32,28,F
4542,29,45,M
4543,1,58,M
4544,52,44,F
4545,3,63,F
4546,23,48,F
4547,9,56,F
4548,7,41,M
4549,10,79,F
4550,72,57,F
4551,60,75,M
4552,60,80,F
4553,1,54,F
4554,70,62,M
4555,52,39,M
4556,74,29,M
4557,44,67,F
4558,44,71,M
4559,35,41,F
4560,9,36,M
4561,40,31,F
4562,25,34,M
4563,10,28,F
4564,10,24,M
4565,14,51,M
4567,70,62,M
4568,70,17,M
4569,6,28,F
4570,1,60,F
4571,1,32,M
4572,28,63,F
4573,5,44,F
4574,20,33,F
4575,36,35,F
4576,53,41,M
4577,64,50,F
4578,15,23,M
4579,74,60,F
4580,30,55,F
4581,1,43,F
4582,44,81,M
4583,61,58,F
4584,7,50,F
4585,9,51,F
4586,9,48,M
4587,36,21,F
4588,53,23,F
4589,2,23,F
4590,1,63,M
4591,43,66,M
4592,1,44,F
4593,72,67,M
4594,1,59,M
4595,1,59,F
4596,74,26,F
4597,1,47,F
4598,25,58,F
4599,25,52,M
4600,70,32,M
4601,1,64,M
4602,1,65,F
4603,69,53,F
4604,67,31,M
4605,18,19,F
4606,8,62,M
4607,74,23,F
4608,41,54,M
4609,7,23,F
4610,34,33,F
4611,1,46,F
4612,44,39,F
4615,56,48,M
4617,45,22,M
4618,45,27,F
4619,77,58,F
4620,54,59,F
4621,54,53,M
4622,50,27,F
4623,68,32,M
4624,48,33,F
4625,48,32,M
4626,3,52,F
4627,1,57,M
4628,1,61,F
4629,76,76,M
4630,76,84,F
4631,8,66,F
4632,1,71,M
4633,62,19,F
4634,67,59,F
4635,67,63,M
4636,48,22,M
4637,61,30,M
4638,33,31,F
4639,20,19,M
4640,75,43,F
4641,33,41,M
4642,33,39,F
4643,1,30,F
4644,20,68,M
4647,8,21,M
4648,33,35,M
4649,45,71,F
4650,54,34,F
4651,2,20,M
4652,53,37,M
4653,4,53,F
4654,2,49,F
4655,2,52,M
4656,1,57,M
4657,15,58,M
4658,33,64,M
4659,50,40,F
4660,60,24,F
4661,1,55,F
4662,1,72,F
4663,72,57,M
4664,38,78,M
4665,9,73,F
4666,9,71,M
4667,25,58,M
4668,25,61,F
4670,51,31,F
4671,51,27,M
4672,44,50,M
4673,69,47,M
4674,59,21,F
4675,23,24,M
4677,3,78,F
4678,21,31,M
4679,20,51,M
4680,72,20,F
4681,1,50,F
4682,1,46,M
4683,51,43,M
4684,1,46,F
4685,62,35,M
4686,39,55,M
4687,16,52,F
4688,16,59,M
4689,50,36,M
4690,66,37,F
4691,66,35,M
4692,76,44,F
4693,42,56,M
4694,42,56,F
4695,52,74,M
4696,52,66,F
4697,27,42,F
4698,45,36,M
4699,13,36,F
4700,70,62,F
4701,22,58,M
4704,12,44,F
4705,1,44,M
4706,58,56,F
4707,58,59,M
4708,18,49,M
4709,54,21,M
4710,52,38,F
4711,52,44,M
4712,37,39,F
4713,13,81,F
4714,13,88,M
4715,15,23,F
4716,10,66,F
4717,32,55,M
4718,2,67,M
4719,23,62,M
4720,33,53,F
4721,65,43,F
4722,8,27,M
4723,1,58,F
4724,53,26,F
4725,34,54,M
4726,34,47,F
4727,74,29,F
4728,74,29,M
4729,18,54,M
4730,68,79,M
4731,52,26,F
4732,70,81,M
4733,1,44,M
4734,72,74,M
4735,72,77,F
4736,56,56,F
4737,24,18,F
4739,37,39,F
4740,28,22,M
4741,74,70,F
4742,61,50,F
4743,61,43,M
4744,6,70,M
4745,68,51,F
4746,39,58,F
4747,76,77,F
4748,76,71,M
4749,57,51,F
4750,70,37,M
4751,35,26,M
4752,7,60,M
4753,7,65,F
4754,27,60,F
4755,71,45,F
4756,22,49,F
4757,22,54,M
4758,50,26,F
4759,50,19,M
4760,70,64,M
4761,70,65,F
4762,76,28,F
4763,77,55,F
4764,54,20,M
4765,48,64,M
4766,22,32,M
4767,26,81,F
4768,1,39,F
4769,22,76,F
4770,22,75,M
4771,64,38,F
4772,6,49,F
4773,33,47,F
4774,59,48,M
4775,59,51,F
4776,1,25,M
4777,64,70,F
4778,64,77,M
4779,52,21,M
4780,54,27,F
4781,9,33,F
4782,25,33,M
4783,31,21,F
4784,42,79,F
4785,42,78,M
4786,54,61,M
4787,36,37,M
4788,39,19,F
4789,24,59,F
4790,75,53,M
4791,51,63,M
4792,20,42,F
4793,55,53,F
4794,20,54,F
4795,74,74,F
4796,7,71,M
4797,59,59,F
4798,37,37,F
4799,75,53,F
4800,75,46,M
4801,23,21,M
4802,75,28,M
4803,45,54,M
4804,51,69,F
4805,1,64,F
4806,19,55,F
4807,25,51,M
4808,23,18,F
4809,19,69,M
4810,19,64,F
4811,77,28,F
4812,1,74,M
4813,43,31,M
4814,54,37,M
4815,15,29,M
4816,15,25,F
4817,12,30,M
4818,1,67,M
4819,62,35,M
4820,2,30,F
4821,35,60,F
4822,35,54,M
4823,7,17,M
4824,54,59,M
4826,25,22,F
4831,27,41,M
4832,56,42,F
4833,30,28,F
4836,49,47,M
4837,56,32,F
4853,58,60,M
4861,57,22,F
4862,1,56,F
4863,1,25,F
4877,45,42,M
4882,36,21,M
4886,23,20,M
4892,26,30,M
4901,72,49,F
4904,38,38,F
4906,64,23,F
4907,64,25,M
4915,40,36,M
4916,52,60,M
4918,11,31,M
4919,49,48,F
4923,66,37,M
4925,45,48,M
4927,72,44,F
4928,9,23,M
4929,74,56,M
4930,1,18,M
4937,54,39,F
4941,60,20,F
4942,38,40,M
4944,58,17,M
4949,54,17,M
4956,6,53,M
4959,77,20,M
4961,54,17,M
4968,50,61,M
4969,64,31,F
4972,70,22,F
4974,5,37,F
4975,5,38,M
4976,36,18,M
4979,7,62,M
4989,28,64,M
4992,55,27,F
4993,1,26,F
4994,1,21,M
5002,65,22,F
5010,42,49,F
5012,27,27,F
5013,1,19,M
5016,1,53,F
5028,28,23,M
5030,1,19,M
5046,1,62,M
5050,62,48,M
5056,67,42,F
5067,21,24,F
5072,1,18,F
5081,1,38,F
5093,55,50,F
5107,50,52,F
5108,50,55,M
5111,50,40,M
5117,52,24,M
5126,43,34,M
5127,33,24,F
5128,70,36,M
5132,51,32,M
5133,66,40,F
5134,58,32,F
5137,5,20,M
5138,45,25,F
5141,54,46,F
5143,77,26,M
5144,77,33,F
5145,26,49,F
5149,15,37,M
5152,43,24,F
5159,39,35,M
5163,43,42,F
5164,9,28,M
5171,64,43,F
5175,63,50,F
5180,1,56,M
5189,74,38,F
5200,33,39,F
5201,33,45,M
5203,61,54,F
5204,47,36,M
5212,72,53,F
5213,1,19,M
5214,47,23,M
5215,47,26,F
5217,74,59,F
5223,2,22,F
5224,29,50,M
5232,74,51,F
5233,66,32,M
5236,25,21,M
5237,1,22,M
5240,74,59,M
5241,63,21,M
5243,2,29,M
5245,38,57,F
5246,70,17,M
5247,47,56,M
5249,5,28,F
5253,69,53,F
5254,69,51,M
5263,1,37,F
5273,39,40,M
5275,28,49,M
5277,44,31,F
5281,73,58,M
5283,17,17,M
5284,51,28,F
5287,77,28,M
5308,41,25,F
5312,71,52,M
5313,71,52,F
5318,74,31,M
5319,74,35,F
5320,17,48,F
5321,17,49,M
5322,73,43,F
5323,14,23,F
5325,66,29,F
5326,66,32,M
5333,39,32,F
5334,48,64,M
5337,1,38,M
5338,1,33,F
5347,41,50,M
5352,40,23,F
5353,48,32,F
5354,30,32,F
5358,54,57,M
5362,47,60,M
5364,62,35,M
5365,62,28,F
5366,60,28,F
5367,60,20,M
5374,63,52,M
5376,14,29,M
5379,60,21,M
5384,73,64,M
5385,67,25,M
5389,17,31,M
5392,16,44,F
5393,4,44,M
5395,45,37,M
5397,72,30,F
5398,72,32,M
5399,24,27,F
5402,30,31,F
5404,58,23,F
5409,15,51,M
5413,33,53,M
5420,61,64,M
5433,50,24,M
5441,18,42,M
5445,69,47,M
5450,8,59,M
5460,63,38,M
5461,9,31,F
5462,9,36,M
5468,68,55,F
5469,63,20,F
5472,53,43,M
5473,70,31,F
5478,33,54,M
5487,56,52,F
5517,57,35,M
5521,9,26,F
5526,27,52,M
5527,27,58,F
5530,12,46,M
5531,4,20,M
5539,74,64,M
5563,1,23,M
5565,3,33,F
5574,9,29,F
5579,77,48,M
5580,77,47,F
5606,4,19,M
5617,56,41,F
5618,63,46,F
5642,70,42,F
5684,8,44,F
5699,73,49,M
5701,2,40,F
5704,66,24,F
5722,64,40,F
5727,54,46,M
5736,1,46,M
5753,39,51,M
5760,66,51,M
5761,66,58,F
5774,46,39,F
5775,46,44,M
5788,72,37,M
5801,26,20,F
5826,15,31,M
5827,15,24,F
5858,52,47,M
5859,52,54,F
5860,47,35,M
5866,67,21,F
5873,5,20,F
5911,14,64,M
5928,42,29,F
5965,50,48,M
5977,43,20,M
5978,33,55,F
6001,60,62,M
6015,54,26,M
6033,1,33,M
6034,20,60,M
6039,1,41,F
6040,1,36,M
6042,53,36,M
6052,40,50,M
6067,70,49,F
6077,54,19,F
6112,43,41,F
6114,66,59,F
6115,13,46,F
6122,6,31,F
6144,54,43,F
6175,72,35,M
6178,1,59,F
6183,1,36,M
6185,58,51,F
6186,58,47,M
6191,74,47,M
6196,68,56,M
6235,5,59,M
6255,54,53,F
6256,54,58,M
6257,75,57,F
6272,1,57,M
6275,13,43,M
6299,1,63,M
6301,55,50,F
6317,77,42,F
6318,77,49,M
6342,8,45,M
6349,72,27,M
6359,64,23,M
6363,4,26,F
6366,49,33,M
6367,44,29,M
6383,15,29,M
6391,34,47,M
6408,47,43,M
6417,40,49,M
6422,28,39,M
6452,64,57,M
6468,70,55,M
6469,4,46,M
6473,76,59,F
6474,76,65,M
6478,3,48,M
6481,1,41,F
6485,48,37,F
6499,44,36,M
6501,1,29,M
6511,47,46,M
6544,66,25,M
6545,66,21,F
6546,1,36,F
6551,24,51,F
6552,71,44,M
6567,5,21,F
6571,72,28,F
6604,72,51,M
6610,57,45,M
6616,1,46,M
6619,43,56,F
6644,1,40,F
6691,43,57,M
6698,43,47,F
6729,15,42,M
6731,13,56,M
6749,9,56,F
6750,9,53,M
6753,15,37,M
6764,19,55,M
6789,57,20,M
6798,61,51,F
6803,5,19,F
6804,5,18,M
6827,59,30,M
6829,10,36,F
6844,53,28,F
6886,66,57,F
6892,1,48,F
6893,1,55,M
6895,42,28,M
6906,64,50,M
6922,14,60,F
6924,17,32,M
6936,52,40,F
6944,43,29,M
6946,74,29,F
6967,44,46,M
6978,38,34,M
6987,1,31,M
7010,70,32,M
7011,70,38,F
7043,77,59,M
7065,5,28,F
7100,30,38,F
7102,75,32,F
7112,76,38,M
7127,3,42,M
7150,45,36,F
7166,15,35,M
7186,27,55,F
7195,50,37,M
7234,28,34,M
7241,57,42,F
7286,47,29,F
7291,77,59,F
7299,1,61,M
7311,56,50,M
7324,1,36,F
7325,24,24,M
7327,49,40,M
7339,19,25,F
7348,6,22,F
7366,29,26,F
7390,1,62,M
7411,54,36,F
7412,54,44,M
7422,74,41,M
7423,74,35,F
7434,34,57,F
7435,67,42,F
7521,74,39,F
7567,5,62,M
7576,38,37,M
7586,56,26,F
7594,64,50,F
7614,64,22,M
7632,1,51,M
7672,26,46,M
7678,3,37,M
7683,12,53,M
7723,48,33,F
7724,48,31,M
7727,31,41,F
7753,70,21,F
7765,1,41,F
7772,1,23,F
7787,34,48,M
7796,50,24,F
7797,50,29,M
7800,16,42,F
7814,61,23,F
7815,4,53,F
7843,6,33,M
7855,7,35,F
7862,74,34,M
7863,72,40,M
7864,34,64,M
7914,38,33,F
7959,1,21,F
7970,74,32,M
7980,16,23,M
8013,43,57,M
8030,1,32,M
8064,54,33,F
8074,61,41,M
8076,16,49,F
8089,35,34,M
8091,5,28,M
8096,38,20,F
8105,72,36,M
8130,62,23,F
8200,1,55,F
8217,69,21,M
8276,43,20,F
8287,14,63,M
8295,15,48,F
8327,48,54,F
8333,60,33,M
8342,76,20,M
8356,3,30,M
8359,74,20,M
8362,74,24,F
8366,41,39,F
8392,36,33,F
8393,36,33,M
8432,38,31,F
8433,38,38,M
8463,75,52,M
8489,75,47,F
8502,51,56,M
8506,69,20,F
8510,55,52,M
8548,57,54,F
8568,1,28,F
8571,54,64,M
8598,46,42,F
8610,55,51,F
8611,55,51,M
8615,12,60,F
8636,71,58,F
8661,1,45,F
8666,7,28,F
8667,77,32,F
8670,5,56,F
8677,49,44,M
8678,49,37,F
8692,71,46,F
8726,10,46,M
8737,17,51,F
8738,17,51,M
8764,70,59,F
8777,11,46,F
9173,1,54,M
9174,1,59,F
9196,21,60,F
9202,68,37,M
9217,19,59,F
9226,64,60,F
9231,29,27,F
9236,31,43,F
9250,1,36,M
9273,39,44,F
9274,39,41,M
9276,4,53,M
9313,9,39,F
9316,63,41,F
9340,54,32,M
9346,43,27,M
9362,56,26,F
9366,72,24,M
9370,59,24,M
9403,16,25,M
9417,21,50,M
9418,1,49,M
9419,1,49,F
9427,62,29,F
9428,62,34,M
9433,72,54,F
9450,68,56,F
9451,68,57,M
9456,40,58,F
9457,46,21,M
9458,46,26,F
9505,1,41,M
9546,50,44,F
9555,13,52,F
9569,19,49,F
9582,2,57,F
9593,74,31,F
9606,52,50,M
9611,23,41,M
9616,74,37,M
9641,64,54,M
9642,64,62,F
9663,19,54,M
9664,19,55,F
9670,38,51,M
9675,60,29,F
9680,36,22,M
9702,33,48,F
9715,35,22,F
9717,52,47,F
9718,52,40,M
9721,34,45,M
9755,23,48,F
9760,27,30,M
9775,70,39,M
9776,70,38,F
9798,69,49,F
9820,59,31,F
9833,51,35,M
9834,51,39,F
9844,55,54,M
9845,55,56,F
9846,54,32,F
9872,9,32,F
9880,10,29,F
9914,36,57,M
9915,27,32,M
9929,47,32,F
9930,9,27,M
9933,74,58,M
9945,31,31,F
9946,31,39,M
9973,24,54,F
9987,73,49,F
9995,54,41,M
9997,67,37,M
10023,59,26,F
10040,37,31,F
10041,37,31,M
10043,45,34,M
10046,5,53,F
10066,64,36,F
10070,9,25,M
10075,48,35,M
10076,26,30,F
10077,26,26,M
10090,29,19,F
10095,1,23,F
10096,1,21,M
10145,4,34,F
10159,50,61,M
10198,31,23,M
10199,31,20,F
10200,13,19,F
10201,13,14,M
10209,59,24,M
10269,70,59,F
10273,51,41,F
10274,51,43,M
10275,77,29,F
10276,77,23,M
10282,1,20,M
10287,48,37,F
10288,48,40,M
10303,64,37,M
10350,29,38,F
10351,29,41,M
10355,14,23,F
10382,20,34,F
10389,20,56,F
10459,17,35,F
10475,51,51,F
10476,51,49,M
10479,2,44,F
10492,70,62,M
10510,23,54,F
10511,23,49,M
10517,54,19,F
10528,47,47,F
10543,14,54,F
10555,1,64,M
10563,68,50,M
10564,68,45,F
10566,74,57,F
10636,64,28,M
10639,2,45,M
10654,46,37,F
10662,60,50,F
10702,17,61,M
10703,17,56,F
10714,66,53,F
10746,53,28,M
10777,70,19,F
10778,70,23,M
10798,1,19,F
10813,1,20,F
10818,64,27,M
10828,1,42,F
10912,15,36,M
10960,28,57,M
10963,1,55,M
10987,62,38,F
10988,62,35,M
10997,1,27,F
10998,1,32,M
11004,63,52,M
11008,51,30,F
11034,1,27,M
11050,70,42,F
11063,64,44,F
11064,64,46,M
11083,61,46,M
11093,40,40,M
11105,70,42,F
11114,1,47,M
11121,72,28,F
11122,72,20,M
11123,47,51,M
11126,1,34,F
11130,1,38,F
11131,1,42,M
11136,3,55,F
11147,5,27,F
11149,43,34,M
11195,58,46,M
11208,10,42,F
11250,26,53,F
11252,32,34,F
11266,9,61,M
11267,9,63,F
11271,18,62,M
11274,64,30,M
11275,64,36,F
11286,56,59,F
11304,28,39,F
11314,45,63,M
11319,1,57,F
11327,72,52,M
11329,69,38,F
11331,70,55,F
11337,29,30,M
11359,11,27,M
11360,11,27,F
11362,51,33,F
11371,37,58,F
11372,11,38,M
11379,74,47,M
11380,74,48,F
11381,57,20,F
11405,68,35,F
11406,68,29,M
11409,32,19,F
11461,70,25,M
11491,36,41,F
11497,11,40,F
11516,59,61,M
11517,59,59,F
11545,1,33,F
11574,1,55,F
11596,70,59,F
11598,54,22,F
11609,59,42,M
11637,73,48,M
11638,73,45,F
11662,76,27,M
11676,5,56,F
11683,7,19,M
11685,64,34,F
11686,21,51,F
11687,21,54,M
11701,9,50,M
11709,1,38,M
11710,1,32,F
11713,59,48,F
11714,59,54,M
11732,19,42,F
11754,62,33,M
11755,4,54,F
11768,1,28,F
11794,31,29,F
11795,31,22,M
11804,74,55,M
11851,65,29,M
11855,11,42,M
11857,70,47,M
11860,70,74,F
11866,1,62,M
11867,1,65,F
11873,38,36,F
11874,1,30,M
11875,1,32,F
11886,61,58,F
11906,76,55,M
11907,76,54,F
11911,8,60,M
11943,1,38,M
11947,70,35,M
11976,54,60,F
11977,54,55,M
11978,54,28,M
11979,54,22,F
12003,74,23,M
12050,52,56,M
12051,52,63,F
12079,64,27,F
12092,68,22,M
12095,47,60,M
12102,21,31,F
12133,27,35,F
12144,2,19,M
12145,2,17,F
12163,1,45,M
12181,1,38,M
12220,60,28,F
12221,60,28,M
12303,24,25,F
12308,64,21,M
12324,8,21,M
12325,8,35,M
12328,1,55,F
12344,26,59,F
12358,17,56,M
12359,17,64,F
12376,4,40,M
12378,76,53,F
12382,1,44,M
12383,1,36,F
12396,62,29,F
12397,62,26,M
12416,1,26,M
12417,1,25,F
12432,55,34,M
12464,39,40,M
12468,22,30,M
12485,34,34,F
12490,34,19,M
12547,70,36,F
12561,38,33,M
12568,44,43,F
12577,62,49,F
12586,27,52,M
12599,44,43,M
12616,27,34,F
12625,54,41,M
12643,69,37,F
12662,14,46,M
12695,68,20,M
12726,8,54,F
12729,36,31,M
12730,36,35,F
12738,23,39,F
12739,23,41,M
12750,21,59,F
12754,55,39,M
12755,55,40,F
12756,22,50,F
12802,1,30,M
12810,39,35,M
12840,60,60,M
12843,66,46,M
12844,45,53,M
12850,72,44,M
12851,72,42,F
12859,1,23,F
12890,70,41,F
12908,12,58,M
12943,55,29,M
12986,40,26,F
12991,51,52,M
13044,52,23,M
13051,55,34,M
13071,41,43,M
13089,16,20,F
13090,2,19,F
13095,76,49,M
13098,1,21,F
13102,8,50,M
13113,11,23,M
13123,56,21,F
13134,1,37,F
13151,73,41,M
13171,19,49,F
13172,36,61,M
13190,71,43,M
13201,31,62,M
13231,1,40,M
13246,46,57,F
13260,72,22,F
13261,75,55,M
13262,75,61,F
13276,76,22,M
13285,34,64,M
13290,16,58,M
13291,16,59,F
13346,50,43,M
13380,65,57,M
13404,48,33,M
13405,32,41,M
13406,42,21,F
13412,1,45,M
13417,25,48,F
13447,13,29,F
13448,13,31,M
13451,44,44,F
13468,25,39,M
13469,25,44,F
13480,16,46,M
13490,18,30,F
13539,63,21,M
13548,1,23,M
13556,32,41,M
13576,72,25,M
13588,46,25,M
13590,59,22,M
13603,46,58,M
13608,37,36,F
13620,16,29,M
13640,28,44,F
13657,59,36,F
13658,59,42,M
13673,39,28,M
13687,75,40,M
13690,70,36,M
13694,1,23,F
13750,12,19,F
13751,12,20,M
13803,1,52,M
13820,33,51,F
13845,15,26,M
13852,5,27,M
13886,44,45,F
13912,50,24,M
13915,77,25,M
13921,62,29,F
13923,7,20,F
13924,54,47,F
13931,8,57,M
13955,1,54,F
13956,1,56,M
13968,61,31,M
13971,67,37,F
13998,74,46,F
