disp_id,client_id,account_id,type
1,1,1,0
2,2,2,0
3,3,2,1
4,4,3,0
5,5,3,1
6,6,4,0
7,7,5,0
8,8,6,0
9,9,7,0
10,10,8,0
11,11,8,1
12,12,9,0
13,13,10,0
14,14,11,0
15,15,12,0
16,16,12,1
17,17,13,0
18,18,13,1
19,19,14,0
20,20,15,0
21,21,16,0
22,22,17,0
23,23,17,1
24,24,18,0
25,25,19,0
26,26,20,0
27,27,21,0
28,28,22,0
29,29,23,0
30,30,24,0
31,31,25,0
32,32,26,0
33,33,27,0
36,36,29,0
37,37,29,1
38,38,30,0
39,39,31,0
40,40,32,0
41,41,33,0
42,42,34,0
43,43,35,0
44,44,36,0
45,45,37,0
46,46,38,0
47,47,39,0
48,48,40,0
49,49,41,0
50,50,42,0
51,51,43,0
52,52,44,0
53,53,45,0
55,55,47,0
56,56,48,0
57,57,48,1
58,58,49,0
59,59,50,0
60,60,51,0
61,61,52,0
62,62,53,0
63,63,54,0
64,64,55,0
65,65,56,0
66,66,57,0
67,67,58,0
68,68,59,0
70,70,61,0
71,71,61,1
72,72,62,0
73,73,63,0
74,74,63,1
75,75,64,0
76,76,65,0
77,77,66,0
78,78,67,0
79,79,68,0
80,80,69,0
81,81,70,0
82,82,70,1
83,83,71,0
84,84,71,1
85,85,72,0
86,86,72,1
87,87,73,0
89,89,75,0
90,90,76,0
91,91,77,0
92,92,78,0
93,93,79,0
94,94,80,0
95,95,80,1
96,96,81,0
97,97,82,0
98,98,83,0
99,99,83,1
100,100,84,0
101,101,85,0
102,102,86,0
103,103,86,1
105,105,88,0
106,106,89,0
107,107,90,0
108,108,91,0
110,110,93,0
112,112,95,0
113,113,95,1
114,114,96,0
115,115,96,1
116,116,97,0
117,117,97,1
118,118,98,0
119,119,98,1
120,120,99,0
121,121,100,0
122,122,101,0
123,123,102,0
124,124,103,0
125,125,104,0
126,126,104,1
127,127,105,0
128,128,106,0
129,129,107,0
130,130,108,0
131,131,109,0
132,132,110,0
134,134,112,0
135,135,112,1
136,136,113,0
137,137,114,0
138,138,115,0
139,139,116,0
140,140,116,1
141,141,117,0
142,142,118,0
143,143,119,0
144,144,120,0
145,145,121,0
146,146,122,0
147,147,123,0
148,148,123,1
149,149,124,0
150,150,125,0
151,151,126,0
152,152,127,0
153,153,128,0
154,154,129,0
155,155,129,1
156,156,130,0
157,157,131,0
158,158,132,0
159,159,132,1
160,160,133,0
161,161,134,0
162,162,135,0
163,163,136,0
164,164,137,0
165,165,138,0
166,166,138,1
167,167,139,0
168,168,140,0
169,169,141,0
170,170,141,1
171,171,142,0
172,172,142,1
173,173,143,0
174,174,144,0
175,175,145,0
176,176,146,0
178,178,148,0
179,179,149,0
180,180,150,0
181,181,151,0
182,182,151,1
183,183,152,0
184,184,152,1
185,185,153,0
186,186,154,0
187,187,155,0
188,188,156,0
189,189,157,0
190,190,158,0
191,191,158,1
192,192,159,0
193,193,160,0
194,194,161,0
195,195,162,0
196,196,162,1
197,197,163,0
198,198,164,0
199,199,165,0
200,200,165,1
201,201,166,0
202,202,167,0
203,203,168,0
204,204,168,1
205,205,169,0
206,206,170,0
207,207,171,0
208,208,172,0
209,209,172,1
210,210,173,0
211,211,173,1
212,212,174,0
215,215,176,0
216,216,177,0
217,217,178,0
218,218,179,0
219,219,180,0
221,221,181,0
222,222,182,0
223,223,183,0
224,224,184,0
225,225,185,0
226,226,186,0
227,227,187,0
228,228,188,0
229,229,189,0
230,230,190,0
231,231,191,0
232,232,192,0
233,233,193,0
234,234,193,1
235,235,194,0
236,236,195,0
237,237,195,1
238,238,196,0
239,239,197,0
240,240,198,0
241,241,199,0
242,242,200,0
243,243,201,0
246,246,204,0
247,247,205,0
248,248,206,0
249,249,206,1
250,250,207,0
251,251,208,0
252,252,209,0
253,253,210,0
254,254,211,0
255,255,212,0
256,256,213,0
257,257,214,0
258,258,214,1
259,259,215,0
260,260,215,1
261,261,216,0
262,262,217,0
263,263,218,0
264,264,219,0
265,265,220,0
266,266,221,0
267,267,222,0
268,268,223,0
269,269,224,0
270,270,225,0
271,271,225,1
272,272,226,0
273,273,227,0
274,274,228,0
275,275,229,0
276,276,230,0
277,277,230,1
278,278,231,0
279,279,231,1
280,280,232,0
282,282,234,0
283,283,234,1
284,284,235,0
285,285,236,0
286,286,236,1
287,287,237,0
288,288,238,0
289,289,239,0
290,290,240,0
291,291,240,1
292,292,241,0
293,293,242,0
294,294,243,0
295,295,244,0
296,296,245,0
297,297,246,0
298,298,246,1
300,300,248,0
301,301,249,0
302,302,250,0
303,303,251,0
304,304,252,0
305,305,253,0
308,308,255,0
309,309,256,0
310,310,257,0
311,311,258,0
312,312,259,0
313,313,260,0
314,314,260,1
315,315,261,0
316,316,262,0
317,317,263,0
318,318,264,0
319,319,265,0
320,320,265,1
321,321,266,0
322,322,267,0
323,323,267,1
324,324,268,0
325,325,269,0
326,326,270,0
327,327,270,1
328,328,271,0
329,329,272,0
330,330,273,0
331,331,274,0
332,332,275,0
333,333,276,0
334,334,277,0
335,335,278,0
336,336,279,0
337,337,279,1
338,338,280,0
339,339,281,0
340,340,281,1
341,341,282,0
342,342,282,1
343,343,283,0
344,344,284,0
345,345,285,0
346,346,285,1
347,347,286,0
348,348,286,1
349,349,287,0
350,350,288,0
351,351,289,0
352,352,290,0
353,353,291,0
354,354,292,0
355,355,292,1
356,356,293,0
357,357,293,1
358,358,294,0
359,359,295,0
360,360,296,0
361,361,297,0
362,362,298,0
363,363,298,1
364,364,299,0
365,365,300,0
366,366,300,1
367,367,301,0
368,368,301,1
369,369,302,0
370,370,303,0
371,371,304,0
372,372,305,0
373,373,306,0
374,374,307,0
375,375,308,0
376,376,309,0
378,378,311,0
379,379,311,1
380,380,312,0
381,381,313,0
382,382,313,1
383,383,314,0
384,384,314,1
385,385,315,0
386,386,316,0
387,387,317,0
388,388,318,0
389,389,319,0
390,390,320,0
391,391,321,0
392,392,322,0
393,393,322,1
394,394,323,0
395,395,323,1
396,396,324,0
397,397,325,0
398,398,326,0
399,399,327,0
400,400,328,0
401,401,328,1
402,402,329,0
403,403,330,0
404,404,330,1
405,405,331,0
406,406,332,0
407,407,333,0
408,408,334,0
409,409,335,0
410,410,336,0
411,411,337,0
412,412,337,1
413,413,338,0
414,414,339,0
415,415,339,1
416,416,340,0
417,417,340,1
418,418,341,0
419,419,342,0
420,420,343,0
421,421,344,0
422,422,345,0
423,423,346,0
424,424,347,0
425,425,348,0
426,426,349,0
427,427,349,1
428,428,350,0
429,429,351,0
430,430,352,0
431,431,353,0
432,432,354,0
433,433,355,0
434,434,356,0
435,435,357,0
436,436,358,0
437,437,359,0
438,438,360,0
439,439,361,0
440,440,362,0
441,441,363,0
442,442,364,0
443,443,364,1
444,444,365,0
445,445,366,0
446,446,366,1
447,447,367,0
448,448,368,0
450,450,370,0
451,451,371,0
452,452,372,0
453,453,373,0
454,454,374,0
455,455,375,0
456,456,376,0
457,457,377,0
458,458,378,0
459,459,379,0
461,461,381,0
462,462,382,0
463,463,383,0
464,464,384,0
465,465,385,0
466,466,386,0
467,467,386,1
468,468,387,0
469,469,388,0
470,470,389,0
471,471,390,0
472,472,391,0
473,473,392,0
474,474,393,0
476,476,395,0
477,477,395,1
478,478,396,0
479,479,397,0
480,480,397,1
481,481,398,0
482,482,398,1
483,483,399,0
484,484,400,0
485,485,401,0
486,486,402,0
487,487,403,0
488,488,403,1
489,489,404,0
490,490,405,0
491,491,406,0
492,492,407,0
493,493,408,0
494,494,409,0
495,495,410,0
496,496,411,0
497,497,412,0
498,498,412,1
499,499,413,0
500,500,414,0
501,501,415,0
502,502,416,0
503,503,417,0
504,504,418,0
505,505,419,0
506,506,420,0
507,507,421,0
508,508,422,0
509,509,423,0
510,510,424,0
511,511,425,0
512,512,426,0
513,513,427,0
514,514,427,1
515,515,428,0
516,516,428,1
517,517,429,0
518,518,430,0
519,519,431,0
520,520,432,0
521,521,433,0
522,522,434,0
523,523,435,0
524,524,436,0
525,525,436,1
526,526,437,0
527,527,437,1
528,528,438,0
529,529,439,0
530,530,440,0
531,531,441,0
532,532,441,1
533,533,442,0
534,534,443,0
535,535,444,0
536,536,445,0
537,537,446,0
538,538,447,0
540,540,449,0
541,541,449,1
542,542,450,0
543,543,451,0
544,544,452,0
545,545,453,0
546,546,454,0
547,547,455,0
548,548,456,0
550,550,458,0
551,551,459,0
552,552,460,0
553,553,460,1
554,554,461,0
555,555,461,1
556,556,462,0
557,557,463,0
558,558,464,0
559,559,465,0
560,560,466,0
561,561,467,0
562,562,468,0
563,563,469,0
564,564,469,1
565,565,470,0
566,566,471,0
567,567,471,1
568,568,472,0
569,569,473,0
570,570,474,0
571,571,475,0
572,572,475,1
573,573,476,0
574,574,477,0
575,575,478,0
576,576,478,1
577,577,479,0
578,578,480,0
579,579,481,0
581,581,483,0
582,582,484,0
583,583,485,0
584,584,486,0
585,585,487,0
586,586,487,1
587,587,488,0
588,588,489,0
589,589,490,0
590,590,491,0
591,591,492,0
592,592,493,0
593,593,494,0
596,596,496,0
597,597,497,0
598,598,498,0
599,599,498,1
601,601,500,0
602,602,500,1
603,603,501,0
604,604,502,0
605,605,503,0
606,606,504,0
607,607,505,0
608,608,506,0
609,609,507,0
610,610,508,0
611,611,509,0
612,612,509,1
613,613,510,0
614,614,511,0
615,615,512,0
616,616,513,0
617,617,514,0
618,618,515,0
619,619,516,0
620,620,516,1
621,621,517,0
622,622,518,0
623,623,519,0
624,624,519,1
625,625,520,0
626,626,521,0
627,627,522,0
628,628,522,1
629,629,523,0
630,630,524,0
631,631,525,0
632,632,526,0
633,633,526,1
635,635,528,0
636,636,528,1
637,637,529,0
638,638,530,0
639,639,531,0
640,640,532,0
641,641,533,0
642,642,533,1
643,643,534,0
644,644,535,0
645,645,536,0
646,646,537,0
647,647,537,1
648,648,538,0
649,649,539,0
651,651,540,0
652,652,541,0
653,653,542,0
654,654,543,0
655,655,544,0
656,656,545,0
657,657,546,0
658,658,546,1
659,659,547,0
660,660,548,0
661,661,548,1
662,662,549,0
663,663,550,0
664,664,551,0
665,665,552,0
666,666,553,0
667,667,554,0
668,668,555,0
669,669,556,0
670,670,557,0
671,671,558,0
672,672,559,0
673,673,560,0
674,674,561,0
675,675,562,0
676,676,563,0
677,677,564,0
678,678,565,0
679,679,566,0
680,680,566,1
681,681,567,0
682,682,568,0
683,683,569,0
684,684,570,0
685,685,571,0
686,686,572,0
687,687,572,1
688,688,573,0
689,689,574,0
690,690,575,0
691,691,575,1
692,692,576,0
693,693,576,1
694,694,577,0
695,695,578,0
696,696,578,1
697,697,579,0
698,698,580,0
699,699,581,0
700,700,582,0
702,702,584,0
703,703,585,0
704,704,586,0
705,705,587,0
706,706,588,0
707,707,589,0
708,708,590,0
709,709,591,0
710,710,592,0
711,711,593,0
712,712,594,0
713,713,595,0
714,714,596,0
715,715,597,0
716,716,598,0
717,717,599,0
718,718,599,1
719,719,600,0
720,720,601,0
721,721,602,0
722,722,603,0
723,723,604,0
724,724,605,0
725,725,606,0
726,726,607,0
727,727,608,0
728,728,608,1
729,729,609,0
730,730,609,1
731,731,610,0
732,732,610,1
733,733,611,0
734,734,611,1
735,735,612,0
736,736,612,1
737,737,613,0
738,738,614,0
739,739,615,0
740,740,616,0
741,741,617,0
742,742,618,0
743,743,619,0
744,744,620,0
745,745,621,0
746,746,621,1
747,747,622,0
748,748,623,0
749,749,623,1
750,750,624,0
751,751,625,0
752,752,626,0
753,753,626,1
754,754,627,0
755,755,628,0
756,756,629,0
757,757,630,0
758,758,631,0
759,759,632,0
760,760,633,0
762,762,635,0
763,763,636,0
764,764,637,0
765,765,638,0
766,766,639,0
767,767,639,1
768,768,640,0
769,769,641,0
772,772,643,0
773,773,644,0
774,774,645,0
775,775,646,0
776,776,647,0
777,777,647,1
778,778,648,0
779,779,649,0
780,780,650,0
781,781,651,0
782,782,652,0
783,783,653,0
784,784,653,1
785,785,654,0
786,786,655,0
787,787,656,0
788,788,657,0
789,789,658,0
790,790,659,0
791,791,660,0
793,793,662,0
794,794,662,1
796,796,664,0
797,797,665,0
798,798,666,0
799,799,666,1
803,803,669,0
804,804,669,1
806,806,671,0
807,807,672,0
808,808,673,0
809,809,674,0
810,810,675,0
811,811,675,1
812,812,676,0
813,813,677,0
814,814,678,0
815,815,679,0
816,816,680,0
818,818,682,0
819,819,683,0
820,820,683,1
821,821,684,0
822,822,685,0
823,823,686,0
824,824,687,0
825,825,688,0
826,826,689,0
827,827,690,0
828,828,690,1
829,829,691,0
830,830,692,0
831,831,693,0
832,832,694,0
833,833,695,0
834,834,696,0
835,835,697,0
836,836,697,1
837,837,698,0
838,838,698,1
839,839,699,0
840,840,700,0
841,841,701,0
842,842,702,0
843,843,703,0
844,844,704,0
845,845,704,1
846,846,705,0
847,847,706,0
849,849,708,0
850,850,709,0
851,851,710,0
852,852,710,1
853,853,711,0
854,854,712,0
855,855,713,0
856,856,714,0
857,857,715,0
858,858,716,0
859,859,717,0
860,860,717,1
861,861,718,0
862,862,719,0
863,863,720,0
864,864,721,0
865,865,721,1
866,866,722,0
870,870,725,0
871,871,726,0
872,872,727,0
873,873,728,0
874,874,729,0
875,875,729,1
876,876,730,0
877,877,731,0
878,878,731,1
879,879,732,0
880,880,733,0
881,881,734,0
882,882,735,0
883,883,736,0
884,884,736,1
885,885,737,0
886,886,738,0
887,887,739,0
888,888,740,0
889,889,741,0
890,890,742,0
891,891,743,0
892,892,744,0
893,893,745,0
894,894,746,0
895,895,747,0
896,896,748,0
897,897,748,1
898,898,749,0
899,899,749,1
900,900,750,0
901,901,751,0
902,902,752,0
903,903,753,0
904,904,754,0
905,905,755,0
906,906,756,0
907,907,757,0
908,908,758,0
909,909,759,0
910,910,760,0
911,911,761,0
912,912,762,0
913,913,763,0
914,914,764,0
915,915,765,0
916,916,766,0
917,917,767,0
918,918,768,0
921,921,770,0
922,922,771,0
923,923,771,1
924,924,772,0
925,925,773,0
926,926,774,0
927,927,775,0
928,928,776,0
929,929,777,0
930,930,778,0
931,931,779,0
932,932,780,0
933,933,781,0
934,934,781,1
935,935,782,0
936,936,782,1
937,937,783,0
938,938,784,0
939,939,785,0
940,940,786,0
941,941,787,0
942,942,788,0
943,943,788,1
944,944,789,0
945,945,789,1
946,946,790,0
948,948,791,0
949,949,792,0
950,950,793,0
951,951,793,1
952,952,794,0
953,953,795,0
954,954,796,0
955,955,797,0
956,956,798,0
957,957,799,0
958,958,799,1
959,959,800,0
960,960,801,0
961,961,802,0
962,962,803,0
963,963,804,0
964,964,805,0
965,965,806,0
966,966,806,1
967,967,807,0
968,968,808,0
970,970,809,0
971,971,810,0
972,972,810,1
973,973,811,0
974,974,811,1
975,975,812,0
976,976,813,0
977,977,814,0
978,978,815,0
979,979,815,1
980,980,816,0
981,981,817,0
984,984,819,0
985,985,819,1
986,986,820,0
987,987,821,0
988,988,822,0
989,989,822,1
990,990,823,0
991,991,824,0
992,992,825,0
993,993,826,0
994,994,827,0
995,995,827,1
996,996,828,0
997,997,829,0
998,998,829,1
999,999,830,0
1000,1000,830,1
1001,1001,831,0
1002,1002,832,0
1003,1003,833,0
1004,1004,834,0
1006,1006,836,0
1007,1007,836,1
1008,1008,837,0
1009,1009,838,0
1010,1010,838,1
1011,1011,839,0
1012,1012,840,0
1013,1013,840,1
1014,1014,841,0
1015,1015,842,0
1016,1016,842,1
1017,1017,843,0
1018,1018,844,0
1019,1019,845,0
1020,1020,846,0
1021,1021,847,0
1022,1022,848,0
1023,1023,849,0
1024,1024,850,0
1025,1025,851,0
1026,1026,852,0
1027,1027,853,0
1028,1028,853,1
1029,1029,854,0
1030,1030,855,0
1031,1031,856,0
1032,1032,857,0
1033,1033,857,1
1034,1034,858,0
1035,1035,859,0
1036,1036,859,1
1037,1037,860,0
1038,1038,861,0
1039,1039,862,0
1040,1040,863,0
1041,1041,864,0
1042,1042,865,0
1043,1043,865,1
1044,1044,866,0
1045,1045,867,0
1046,1046,868,0
1047,1047,869,0
1048,1048,870,0
1049,1049,871,0
1050,1050,872,0
1051,1051,873,0
1052,1052,874,0
1053,1053,874,1
1054,1054,875,0
1055,1055,876,0
1056,1056,877,0
1057,1057,878,0
1058,1058,879,0
1059,1059,880,0
1060,1060,880,1
1062,1062,882,0
1063,1063,882,1
1064,1064,883,0
1065,1065,884,0
1066,1066,885,0
1067,1067,886,0
1068,1068,887,0
1069,1069,888,0
1070,1070,888,1
1071,1071,889,0
1072,1072,890,0
1073,1073,891,0
1074,1074,891,1
1075,1075,892,0
1076,1076,893,0
1077,1077,894,0
1078,1078,895,0
1079,1079,896,0
1080,1080,897,0
1081,1081,898,0
1082,1082,899,0
1083,1083,900,0
1084,1084,900,1
1085,1085,901,0
1086,1086,902,0
1087,1087,902,1
1088,1088,903,0
1089,1089,904,0
1090,1090,905,0
1091,1091,906,0
1092,1092,907,0
1093,1093,908,0
1094,1094,909,0
1095,1095,909,1
1096,1096,910,0
1097,1097,910,1
1098,1098,911,0
1099,1099,912,0
1100,1100,913,0
1101,1101,914,0
1102,1102,915,0
1103,1103,916,0
1104,1104,916,1
1105,1105,917,0
1106,1106,917,1
1107,1107,918,0
1108,1108,919,0
1109,1109,920,0
1110,1110,921,0
1111,1111,922,0
1112,1112,923,0
1113,1113,924,0
1114,1114,925,0
1115,1115,926,0
1116,1116,927,0
1117,1117,928,0
1118,1118,928,1
1119,1119,929,0
1120,1120,930,0
1121,1121,931,0
1122,1122,932,0
1123,1123,932,1
1124,1124,933,0
1125,1125,934,0
1126,1126,934,1
1127,1127,935,0
1128,1128,936,0
1129,1129,937,0
1130,1130,938,0
1131,1131,939,0
1132,1132,939,1
1133,1133,940,0
1134,1134,940,1
1135,1135,941,0
1136,1136,942,0
1137,1137,943,0
1138,1138,944,0
1139,1139,944,1
1140,1140,945,0
1141,1141,946,0
1142,1142,947,0
1143,1143,947,1
1145,1145,949,0
1146,1146,950,0
1147,1147,951,0
1148,1148,952,0
1149,1149,953,0
1150,1150,954,0
1151,1151,955,0
1152,1152,956,0
1153,1153,957,0
1154,1154,958,0
1155,1155,958,1
1156,1156,959,0
1157,1157,960,0
1158,1158,961,0
1159,1159,962,0
1160,1160,962,1
1161,1161,963,0
1162,1162,964,0
1163,1163,965,0
1164,1164,966,0
1165,1165,967,0
1166,1166,968,0
1167,1167,968,1
1168,1168,969,0
1169,1169,970,0
1170,1170,971,0
1171,1171,972,0
1172,1172,973,0
1173,1173,973,1
1174,1174,974,0
1175,1175,975,0
1176,1176,975,1
1177,1177,976,0
1178,1178,977,0
1179,1179,978,0
1180,1180,979,0
1181,1181,980,0
1182,1182,981,0
1183,1183,982,0
1186,1186,984,0
1187,1187,985,0
1188,1188,985,1
1189,1189,986,0
1190,1190,987,0
1191,1191,987,1
1192,1192,988,0
1193,1193,989,0
1194,1194,990,0
1195,1195,991,0
1196,1196,992,0
1197,1197,993,0
1198,1198,994,0
1199,1199,995,0
1200,1200,996,0
1201,1201,997,0
1202,1202,998,0
1204,1204,1000,0
1206,1206,1002,0
1207,1207,1003,0
1208,1208,1004,0
1209,1209,1005,0
1210,1210,1006,0
1211,1211,1007,0
1212,1212,1008,0
1213,1213,1009,0
1214,1214,1010,0
1215,1215,1011,0
1216,1216,1012,0
1217,1217,1013,0
1218,1218,1014,0
1219,1219,1015,0
1220,1220,1016,0
1221,1221,1017,0
1222,1222,1018,0
1223,1223,1019,0
1224,1224,1020,0
1225,1225,1021,0
1226,1226,1022,0
1227,1227,1022,1
1228,1228,1023,0
1229,1229,1024,0
1231,1231,1026,0
1232,1232,1026,1
1233,1233,1027,0
1234,1234,1028,0
1235,1235,1028,1
1236,1236,1029,0
1237,1237,1030,0
1238,1238,1031,0
1239,1239,1032,0
1240,1240,1033,0
1241,1241,1034,0
1242,1242,1035,0
1243,1243,1036,0
1244,1244,1037,0
1245,1245,1038,0
1246,1246,1039,0
1247,1247,1039,1
1248,1248,1040,0
1250,1250,1042,0
1251,1251,1043,0
1252,1252,1043,1
1253,1253,1044,0
1254,1254,1045,0
1255,1255,1046,0
1256,1256,1047,0
1257,1257,1048,0
1258,1258,1048,1
1259,1259,1049,0
1260,1260,1050,0
1261,1261,1050,1
1262,1262,1051,0
1263,1263,1051,1
1264,1264,1052,0
1265,1265,1053,0
1266,1266,1054,0
1267,1267,1055,0
1268,1268,1055,1
1269,1269,1056,0
1270,1270,1057,0
1271,1271,1058,0
1272,1272,1059,0
1273,1273,1060,0
1274,1274,1061,0
1275,1275,1062,0
1276,1276,1063,0
1277,1277,1064,0
1278,1278,1065,0
1279,1279,1066,0
1280,1280,1067,0
1281,1281,1067,1
1282,1282,1068,0
1283,1283,1069,0
1284,1284,1069,1
1285,1285,1070,0
1286,1286,1071,0
1287,1287,1072,0
1288,1288,1073,0
1289,1289,1074,0
1290,1290,1075,0
1291,1291,1076,0
1292,1292,1077,0
1293,1293,1078,0
1294,1294,1078,1
1295,1295,1079,0
1296,1296,1080,0
1297,1297,1081,0
1298,1298,1081,1
1299,1299,1082,0
1300,1300,1083,0
1303,1303,1085,0
1304,1304,1086,0
1305,1305,1087,0
1306,1306,1088,0
1307,1307,1089,0
1308,1308,1090,0
1309,1309,1091,0
1310,1310,1092,0
1311,1311,1093,0
1312,1312,1094,0
1313,1313,1095,0
1314,1314,1095,1
1315,1315,1096,0
1316,1316,1097,0
1317,1317,1097,1
1318,1318,1098,0
1321,1321,1100,0
1322,1322,1101,0
1323,1323,1102,0
1324,1324,1103,0
1325,1325,1104,0
1326,1326,1105,0
1327,1327,1106,0
1328,1328,1107,0
1329,1329,1108,0
1330,1330,1109,0
1331,1331,1110,0
1332,1332,1111,0
1333,1333,1112,0
1334,1334,1113,0
1335,1335,1114,0
1336,1336,1114,1
1337,1337,1115,0
1338,1338,1115,1
1339,1339,1116,0
1340,1340,1117,0
1341,1341,1118,0
1343,1343,1120,0
1344,1344,1120,1
1345,1345,1121,0
1346,1346,1122,0
1347,1347,1123,0
1348,1348,1123,1
1349,1349,1124,0
1350,1350,1125,0
1351,1351,1125,1
1352,1352,1126,0
1353,1353,1127,0
1354,1354,1128,0
1355,1355,1129,0
1356,1356,1130,0
1359,1359,1132,0
1360,1360,1132,1
1361,1361,1133,0
1362,1362,1133,1
1363,1363,1134,0
1364,1364,1135,0
1365,1365,1135,1
1366,1366,1136,0
1367,1367,1137,0
1368,1368,1137,1
1369,1369,1138,0
1370,1370,1139,0
1371,1371,1140,0
1372,1372,1141,0
1373,1373,1142,0
1375,1375,1144,0
1376,1376,1145,0
1377,1377,1145,1
1378,1378,1146,0
1379,1379,1146,1
1380,1380,1147,0
1382,1382,1149,0
1383,1383,1150,0
1384,1384,1151,0
1385,1385,1152,0
1386,1386,1152,1
1387,1387,1153,0
1388,1388,1154,0
1389,1389,1155,0
1390,1390,1156,0
1391,1391,1157,0
1392,1392,1158,0
1393,1393,1158,1
1394,1394,1159,0
1395,1395,1159,1
1396,1396,1160,0
1397,1397,1161,0
1401,1401,1164,0
1402,1402,1165,0
1403,1403,1165,1
1404,1404,1166,0
1406,1406,1168,0
1407,1407,1168,1
1408,1408,1169,0
1409,1409,1170,0
1410,1410,1171,0
1411,1411,1171,1
1412,1412,1172,0
1413,1413,1173,0
1414,1414,1174,0
1416,1416,1176,0
1417,1417,1177,0
1418,1418,1178,0
1419,1419,1179,0
1420,1420,1179,1
1421,1421,1180,0
1422,1422,1181,0
1423,1423,1181,1
1424,1424,1182,0
1425,1425,1183,0
1426,1426,1183,1
1427,1427,1184,0
1428,1428,1185,0
1429,1429,1185,1
1430,1430,1186,0
1431,1431,1187,0
1432,1432,1188,0
1433,1433,1189,0
1434,1434,1189,1
1435,1435,1190,0
1438,1438,1192,0
1439,1439,1193,0
1440,1440,1194,0
1441,1441,1195,0
1442,1442,1195,1
1443,1443,1196,0
1444,1444,1196,1
1445,1445,1197,0
1446,1446,1198,0
1447,1447,1198,1
1448,1448,1199,0
1449,1449,1200,0
1450,1450,1201,0
1452,1452,1203,0
1453,1453,1204,0
1454,1454,1205,0
1455,1455,1205,1
1456,1456,1206,0
1457,1457,1206,1
1458,1458,1207,0
1459,1459,1208,0
1460,1460,1209,0
1461,1461,1210,0
1462,1462,1211,0
1463,1463,1212,0
1464,1464,1213,0
1465,1465,1213,1
1466,1466,1214,0
1467,1467,1215,0
1468,1468,1216,0
1469,1469,1217,0
1470,1470,1218,0
1471,1471,1218,1
1472,1472,1219,0
1473,1473,1220,0
1474,1474,1221,0
1475,1475,1222,0
1476,1476,1223,0
1478,1478,1225,0
1479,1479,1226,0
1480,1480,1227,0
1481,1481,1228,0
1482,1482,1229,0
1483,1483,1230,0
1484,1484,1230,1
1485,1485,1231,0
1486,1486,1231,1
1487,1487,1232,0
1488,1488,1233,0
1489,1489,1234,0
1490,1490,1235,0
1491,1491,1236,0
1492,1492,1237,0
1493,1493,1238,0
1494,1494,1238,1
1495,1495,1239,0
1496,1496,1240,0
1497,1497,1241,0
1498,1498,1241,1
1499,1499,1242,0
1500,1500,1243,0
1501,1501,1244,0
1502,1502,1245,0
1503,1503,1246,0
1504,1504,1246,1
1505,1505,1247,0
1506,1506,1248,0
1507,1507,1248,1
1508,1508,1249,0
1509,1509,1250,0
1510,1510,1251,0
1511,1511,1252,0
1512,1512,1253,0
1513,1513,1254,0
1514,1514,1255,0
1516,1516,1256,0
1517,1517,1257,0
1518,1518,1258,0
1519,1519,1258,1
1520,1520,1259,0
1521,1521,1260,0
1522,1522,1261,0
1523,1523,1262,0
1524,1524,1263,0
1525,1525,1264,0
1526,1526,1264,1
1527,1527,1265,0
1528,1528,1266,0
1529,1529,1267,0
1530,1530,1268,0
1531,1531,1269,0
1532,1532,1269,1
1533,1533,1270,0
1534,1534,1271,0
1535,1535,1272,0
1536,1536,1273,0
1537,1537,1274,0
1539,1539,1275,0
1540,1540,1276,0
1541,1541,1276,1
1542,1542,1277,0
1543,1543,1277,1
1546,1546,1279,0
1547,1547,1279,1
1548,1548,1280,0
1549,1549,1280,1
1550,1550,1281,0
1554,1554,1284,0
1555,1555,1285,0
1556,1556,1286,0
1557,1557,1287,0
1558,1558,1288,0
1559,1559,1289,0
1561,1561,1291,0
1562,1562,1291,1
1563,1563,1292,0
1564,1564,1293,0
1565,1565,1294,0
1566,1566,1295,0
1567,1567,1296,0
1568,1568,1296,1
1569,1569,1297,0
1570,1570,1297,1
1571,1571,1298,0
1572,1572,1299,0
1574,1574,1301,0
1575,1575,1302,0
1576,1576,1302,1
1577,1577,1303,0
1578,1578,1304,0
1579,1579,1305,0
1580,1580,1306,0
1581,1581,1307,0
1582,1582,1308,0
1583,1583,1309,0
1584,1584,1310,0
1585,1585,1311,0
1586,1586,1311,1
1587,1587,1312,0
1588,1588,1313,0
1589,1589,1314,0
1590,1590,1315,0
1591,1591,1316,0
1592,1592,1317,0
1593,1593,1317,1
1594,1594,1318,0
1595,1595,1319,0
1596,1596,1320,0
1597,1597,1321,0
1598,1598,1322,0
1599,1599,1323,0
1600,1600,1323,1
1601,1601,1324,0
1602,1602,1324,1
1603,1603,1325,0
1604,1604,1325,1
1605,1605,1326,0
1606,1606,1327,0
1607,1607,1328,0
1608,1608,1329,0
1609,1609,1329,1
1610,1610,1330,0
1611,1611,1331,0
1612,1612,1331,1
1613,1613,1332,0
1614,1614,1333,0
1615,1615,1334,0
1616,1616,1335,0
1617,1617,1336,0
1618,1618,1337,0
1619,1619,1338,0
1620,1620,1338,1
1621,1621,1339,0
1622,1622,1340,0
1623,1623,1341,0
1624,1624,1342,0
1625,1625,1342,1
1628,1628,1344,0
1629,1629,1345,0
1630,1630,1345,1
1631,1631,1346,0
1632,1632,1347,0
1633,1633,1348,0
1634,1634,1348,1
1635,1635,1349,0
1636,1636,1349,1
1637,1637,1350,0
1638,1638,1351,0
1639,1639,1352,0
1640,1640,1353,0
1641,1641,1354,0
1642,1642,1355,0
1643,1643,1356,0
1644,1644,1357,0
1645,1645,1358,0
1646,1646,1359,0
1647,1647,1360,0
1648,1648,1361,0
1649,1649,1361,1
1650,1650,1362,0
1651,1651,1363,0
1653,1653,1365,0
1654,1654,1366,0
1655,1655,1367,0
1656,1656,1368,0
1657,1657,1369,0
1658,1658,1370,0
1659,1659,1371,0
1660,1660,1372,0
1661,1661,1373,0
1662,1662,1374,0
1663,1663,1375,0
1664,1664,1376,0
1665,1665,1376,1
1666,1666,1377,0
1667,1667,1377,1
1668,1668,1378,0
1669,1669,1379,0
1670,1670,1380,0
1671,1671,1381,0
1672,1672,1381,1
1673,1673,1382,0
1674,1674,1383,0
1675,1675,1384,0
1676,1676,1385,0
1677,1677,1385,1
1679,1679,1387,0
1680,1680,1388,0
1681,1681,1389,0
1682,1682,1390,0
1683,1683,1391,0
1684,1684,1391,1
1685,1685,1392,0
1686,1686,1393,0
1687,1687,1393,1
1688,1688,1394,0
1689,1689,1395,0
1690,1690,1396,0
1691,1691,1397,0
1692,1692,1398,0
1693,1693,1399,0
1694,1694,1399,1
1696,1696,1401,0
1697,1697,1402,0
1698,1698,1402,1
1699,1699,1403,0
1700,1700,1404,0
1701,1701,1404,1
1702,1702,1405,0
1703,1703,1406,0
1704,1704,1406,1
1705,1705,1407,0
1706,1706,1407,1
1707,1707,1408,0
1709,1709,1410,0
1710,1710,1411,0
1711,1711,1412,0
1712,1712,1412,1
1713,1713,1413,0
1714,1714,1414,0
1717,1717,1416,0
1718,1718,1417,0
1719,1719,1418,0
1720,1720,1419,0
1721,1721,1419,1
1722,1722,1420,0
1723,1723,1421,0
1724,1724,1422,0
1725,1725,1423,0
1726,1726,1423,1
1727,1727,1424,0
1728,1728,1424,1
1729,1729,1425,0
1730,1730,1426,0
1731,1731,1427,0
1733,1733,1429,0
1734,1734,1430,0
1735,1735,1430,1
1736,1736,1431,0
1737,1737,1432,0
1738,1738,1432,1
1741,1741,1434,0
1742,1742,1435,0
1743,1743,1436,0
1744,1744,1437,0
1745,1745,1438,0
1746,1746,1439,0
1747,1747,1439,1
1748,1748,1440,0
1749,1749,1441,0
1750,1750,1442,0
1751,1751,1443,0
1752,1752,1444,0
1753,1753,1445,0
1754,1754,1446,0
1755,1755,1447,0
1756,1756,1448,0
1757,1757,1448,1
1758,1758,1449,0
1759,1759,1450,0
1760,1760,1451,0
1761,1761,1452,0
1762,1762,1453,0
1763,1763,1454,0
1764,1764,1455,0
1765,1765,1456,0
1768,1768,1458,0
1769,1769,1459,0
1770,1770,1459,1
1771,1771,1460,0
1772,1772,1461,0
1774,1774,1463,0
1775,1775,1464,0
1776,1776,1465,0
1777,1777,1466,0
1778,1778,1466,1
1779,1779,1467,0
1780,1780,1468,0
1781,1781,1469,0
1782,1782,1470,0
1783,1783,1471,0
1784,1784,1472,0
1785,1785,1473,0
1786,1786,1474,0
1787,1787,1474,1
1788,1788,1475,0
1789,1789,1476,0
1790,1790,1477,0
1791,1791,1478,0
1792,1792,1479,0
1793,1793,1480,0
1794,1794,1481,0
1795,1795,1482,0
1796,1796,1483,0
1797,1797,1483,1
1798,1798,1484,0
1799,1799,1485,0
1800,1800,1486,0
1801,1801,1487,0
1802,1802,1487,1
1803,1803,1488,0
1806,1806,1490,0
1807,1807,1491,0
1808,1808,1491,1
1809,1809,1492,0
1810,1810,1493,0
1811,1811,1494,0
1812,1812,1495,0
1813,1813,1495,1
1814,1814,1496,0
1815,1815,1497,0
1816,1816,1498,0
1817,1817,1499,0
1818,1818,1499,1
1819,1819,1500,0
1820,1820,1501,0
1821,1821,1502,0
1822,1822,1503,0
1823,1823,1504,0
1824,1824,1505,0
1825,1825,1506,0
1826,1826,1507,0
1827,1827,1507,1
1828,1828,1508,0
1829,1829,1509,0
1830,1830,1510,0
1831,1831,1511,0
1832,1832,1512,0
1833,1833,1513,0
1834,1834,1514,0
1835,1835,1514,1
1836,1836,1515,0
1837,1837,1516,0
1838,1838,1516,1
1839,1839,1517,0
1840,1840,1517,1
1841,1841,1518,0
1842,1842,1519,0
1843,1843,1520,0
1844,1844,1521,0
1845,1845,1521,1
1846,1846,1522,0
1847,1847,1523,0
1848,1848,1524,0
1849,1849,1525,0
1850,1850,1526,0
1851,1851,1527,0
1852,1852,1528,0
1853,1853,1529,0
1854,1854,1530,0
1856,1856,1532,0
1857,1857,1532,1
1860,1860,1534,0
1861,1861,1535,0
1862,1862,1536,0
1863,1863,1537,0
1864,1864,1538,0
1865,1865,1538,1
1866,1866,1539,0
1867,1867,1540,0
1868,1868,1541,0
1869,1869,1542,0
1870,1870,1542,1
1871,1871,1543,0
1872,1872,1544,0
1873,1873,1544,1
1874,1874,1545,0
1875,1875,1546,0
1876,1876,1547,0
1877,1877,1548,0
1878,1878,1548,1
1879,1879,1549,0
1880,1880,1550,0
1881,1881,1551,0
1882,1882,1551,1
1883,1883,1552,0
1884,1884,1553,0
1885,1885,1554,0
1886,1886,1555,0
1887,1887,1556,0
1888,1888,1557,0
1889,1889,1558,0
1890,1890,1559,0
1891,1891,1560,0
1892,1892,1561,0
1893,1893,1561,1
1894,1894,1562,0
1895,1895,1563,0
1896,1896,1564,0
1897,1897,1565,0
1898,1898,1566,0
1899,1899,1567,0
1900,1900,1568,0
1901,1901,1568,1
1903,1903,1570,0
1904,1904,1571,0
1905,1905,1572,0
1906,1906,1573,0
1907,1907,1574,0
1908,1908,1575,0
1909,1909,1576,0
1910,1910,1577,0
1911,1911,1578,0
1912,1912,1579,0
1913,1913,1580,0
1914,1914,1581,0
1915,1915,1581,1
1916,1916,1582,0
1917,1917,1583,0
1919,1919,1584,0
1920,1920,1585,0
1921,1921,1586,0
1922,1922,1586,1
1923,1923,1587,0
1924,1924,1588,0
1925,1925,1589,0
1926,1926,1589,1
1927,1927,1590,0
1928,1928,1590,1
1929,1929,1591,0
1930,1930,1592,0
1931,1931,1593,0
1932,1932,1594,0
1934,1934,1596,0
1935,1935,1597,0
1936,1936,1598,0
1937,1937,1598,1
1938,1938,1599,0
1939,1939,1600,0
1940,1940,1600,1
1941,1941,1601,0
1942,1942,1601,1
1943,1943,1602,0
1944,1944,1603,0
1945,1945,1604,0
1946,1946,1605,0
1947,1947,1606,0
1948,1948,1607,0
1949,1949,1607,1
1950,1950,1608,0
1951,1951,1609,0
1952,1952,1610,0
1953,1953,1610,1
1954,1954,1611,0
1955,1955,1612,0
1956,1956,1613,0
1957,1957,1614,0
1958,1958,1614,1
1959,1959,1615,0
1960,1960,1616,0
1961,1961,1617,0
1962,1962,1618,0
1963,1963,1619,0
1964,1964,1620,0
1965,1965,1621,0
1966,1966,1622,0
1967,1967,1623,0
1968,1968,1623,1
1969,1969,1624,0
1970,1970,1625,0
1971,1971,1626,0
1972,1972,1627,0
1973,1973,1628,0
1974,1974,1629,0
1975,1975,1629,1
1976,1976,1630,0
1977,1977,1631,0
1978,1978,1632,0
1979,1979,1633,0
1980,1980,1634,0
1981,1981,1635,0
1982,1982,1636,0
1983,1983,1636,1
1984,1984,1637,0
1985,1985,1638,0
1986,1986,1638,1
1988,1988,1640,0
1989,1989,1641,0
1990,1990,1641,1
1991,1991,1642,0
1993,1993,1644,0
1994,1994,1644,1
1995,1995,1645,0
1996,1996,1646,0
1997,1997,1647,0
1998,1998,1648,0
1999,1999,1649,0
2000,2000,1650,0
2001,2001,1651,0
2002,2002,1652,0
2003,2003,1652,1
2004,2004,1653,0
2005,2005,1654,0
2006,2006,1655,0
2007,2007,1655,1
2008,2008,1656,0
2009,2009,1657,0
2010,2010,1658,0
2011,2011,1659,0
2012,2012,1659,1
2013,2013,1660,0
2015,2015,1662,0
2016,2016,1663,0
2017,2017,1663,1
2018,2018,1664,0
2019,2019,1665,0
2020,2020,1665,1
2021,2021,1666,0
2022,2022,1667,0
2023,2023,1667,1
2024,2024,1668,0
2025,2025,1669,0
2026,2026,1669,1
2027,2027,1670,0
2028,2028,1670,1
2029,2029,1671,0
2030,2030,1672,0
2031,2031,1673,0
2032,2032,1674,0
2033,2033,1674,1
2034,2034,1675,0
2035,2035,1675,1
2037,2037,1677,0
2038,2038,1678,0
2039,2039,1679,0
2040,2040,1680,0
2041,2041,1681,0
2042,2042,1682,0
2043,2043,1683,0
2044,2044,1684,0
2045,2045,1685,0
2046,2046,1685,1
2047,2047,1686,0
2048,2048,1687,0
2049,2049,1688,0
2050,2050,1688,1
2051,2051,1689,0
2052,2052,1689,1
2053,2053,1690,0
2054,2054,1691,0
2055,2055,1692,0
2056,2056,1693,0
2057,2057,1694,0
2058,2058,1695,0
2059,2059,1696,0
2060,2060,1696,1
2061,2061,1697,0
2062,2062,1697,1
2063,2063,1698,0
2064,2064,1699,0
2065,2065,1700,0
2066,2066,1701,0
2067,2067,1702,0
2068,2068,1703,0
2069,2069,1704,0
2070,2070,1705,0
2071,2071,1706,0
2072,2072,1707,0
2073,2073,1708,0
2074,2074,1709,0
2075,2075,1710,0
2076,2076,1711,0
2077,2077,1712,0
2078,2078,1713,0
2079,2079,1714,0
2080,2080,1715,0
2081,2081,1716,0
2082,2082,1717,0
2083,2083,1718,0
2084,2084,1719,0
2085,2085,1719,1
2086,2086,1720,0
2087,2087,1721,0
2088,2088,1722,0
2089,2089,1723,0
2090,2090,1723,1
2091,2091,1724,0
2092,2092,1725,0
2093,2093,1726,0
2094,2094,1726,1
2095,2095,1727,0
2096,2096,1728,0
2097,2097,1729,0
2098,2098,1729,1
2099,2099,1730,0
2100,2100,1731,0
2101,2101,1731,1
2102,2102,1732,0
2103,2103,1733,0
2104,2104,1734,0
2105,2105,1735,0
2106,2106,1736,0
2107,2107,1736,1
2108,2108,1737,0
2109,2109,1738,0
2110,2110,1739,0
2111,2111,1740,0
2112,2112,1741,0
2113,2113,1742,0
2114,2114,1743,0
2115,2115,1743,1
2116,2116,1744,0
2117,2117,1745,0
2118,2118,1746,0
2119,2119,1747,0
2121,2121,1749,0
2122,2122,1750,0
2123,2123,1751,0
2124,2124,1752,0
2125,2125,1753,0
2126,2126,1754,0
2128,2128,1756,0
2129,2129,1757,0
2130,2130,1758,0
2131,2131,1759,0
2132,2132,1759,1
2133,2133,1760,0
2134,2134,1760,1
2135,2135,1761,0
2136,2136,1762,0
2137,2137,1763,0
2138,2138,1764,0
2139,2139,1765,0
2140,2140,1765,1
2141,2141,1766,0
2142,2142,1767,0
2143,2143,1767,1
2144,2144,1768,0
2145,2145,1769,0
2146,2146,1770,0
2147,2147,1771,0
2148,2148,1772,0
2149,2149,1773,0
2150,2150,1774,0
2151,2151,1774,1
2152,2152,1775,0
2153,2153,1776,0
2154,2154,1777,0
2155,2155,1778,0
2156,2156,1779,0
2157,2157,1780,0
2158,2158,1781,0
2159,2159,1782,0
2160,2160,1783,0
2161,2161,1784,0
2162,2162,1784,1
2163,2163,1785,0
2164,2164,1786,0
2165,2165,1786,1
2166,2166,1787,0
2167,2167,1788,0
2168,2168,1789,0
2169,2169,1789,1
2170,2170,1790,0
2171,2171,1791,0
2172,2172,1792,0
2173,2173,1793,0
2174,2174,1794,0
2175,2175,1795,0
2176,2176,1796,0
2177,2177,1797,0
2178,2178,1798,0
2179,2179,1799,0
2180,2180,1800,0
2181,2181,1801,0
2182,2182,1802,0
2183,2183,1802,1
2184,2184,1803,0
2185,2185,1804,0
2186,2186,1805,0
2187,2187,1806,0
2188,2188,1806,1
2189,2189,1807,0
2190,2190,1808,0
2191,2191,1808,1
2192,2192,1809,0
2193,2193,1809,1
2194,2194,1810,0
2195,2195,1811,0
2196,2196,1812,0
2197,2197,1813,0
2198,2198,1814,0
2199,2199,1814,1
2200,2200,1815,0
2201,2201,1816,0
2202,2202,1816,1
2203,2203,1817,0
2204,2204,1818,0
2205,2205,1819,0
2206,2206,1820,0
2207,2207,1821,0
2208,2208,1821,1
2209,2209,1822,0
2210,2210,1822,1
2211,2211,1823,0
2212,2212,1824,0
2213,2213,1825,0
2214,2214,1826,0
2215,2215,1827,0
2216,2216,1828,0
2217,2217,1828,1
2218,2218,1829,0
2219,2219,1829,1
2220,2220,1830,0
2221,2221,1830,1
2222,2222,1831,0
2223,2223,1832,0
2224,2224,1833,0
2225,2225,1834,0
2226,2226,1835,0
2227,2227,1836,0
2228,2228,1837,0
2229,2229,1838,0
2230,2230,1839,0
2231,2231,1840,0
2232,2232,1841,0
2233,2233,1841,1
2235,2235,1843,0
2236,2236,1844,0
2237,2237,1845,0
2238,2238,1845,1
2239,2239,1846,0
2240,2240,1847,0
2241,2241,1847,1
2242,2242,1848,0
2243,2243,1848,1
2246,2246,1851,0
2247,2247,1852,0
2248,2248,1853,0
2249,2249,1854,0
2250,2250,1855,0
2251,2251,1856,0
2252,2252,1857,0
2253,2253,1857,1
2254,2254,1858,0
2255,2255,1859,0
2256,2256,1860,0
2257,2257,1861,0
2258,2258,1861,1
2259,2259,1862,0
2260,2260,1863,0
2261,2261,1863,1
2263,2263,1865,0
2264,2264,1866,0
2265,2265,1867,0
2266,2266,1868,0
2267,2267,1869,0
2268,2268,1870,0
2269,2269,1871,0
2270,2270,1872,0
2271,2271,1872,1
2274,2274,1874,0
2275,2275,1874,1
2276,2276,1875,0
2277,2277,1876,0
2278,2278,1877,0
2279,2279,1878,0
2280,2280,1879,0
2281,2281,1880,0
2282,2282,1881,0
2283,2283,1882,0
2286,2286,1884,0
2287,2287,1885,0
2288,2288,1886,0
2289,2289,1886,1
2290,2290,1887,0
2291,2291,1888,0
2292,2292,1889,0
2293,2293,1890,0
2294,2294,1891,0
2295,2295,1892,0
2296,2296,1892,1
2297,2297,1893,0
2298,2298,1893,1
2299,2299,1894,0
2300,2300,1895,0
2301,2301,1895,1
2302,2302,1896,0
2303,2303,1897,0
2304,2304,1897,1
2305,2305,1898,0
2306,2306,1898,1
2307,2307,1899,0
2308,2308,1900,0
2309,2309,1901,0
2310,2310,1902,0
2311,2311,1902,1
2312,2312,1903,0
2313,2313,1904,0
2314,2314,1905,0
2315,2315,1905,1
2316,2316,1906,0
2317,2317,1907,0
2318,2318,1908,0
2319,2319,1909,0
2320,2320,1910,0
2321,2321,1911,0
2322,2322,1912,0
2323,2323,1913,0
2324,2324,1914,0
2325,2325,1915,0
2326,2326,1916,0
2327,2327,1917,0
2328,2328,1918,0
2329,2329,1919,0
2330,2330,1920,0
2331,2331,1921,0
2332,2332,1922,0
2333,2333,1922,1
2335,2335,1924,0
2336,2336,1925,0
2337,2337,1925,1
2338,2338,1926,0
2339,2339,1926,1
2340,2340,1927,0
2341,2341,1927,1
2342,2342,1928,0
2343,2343,1929,0
2344,2344,1930,0
2345,2345,1931,0
2346,2346,1931,1
2347,2347,1932,0
2348,2348,1933,0
2349,2349,1934,0
2350,2350,1934,1
2351,2351,1935,0
2352,2352,1936,0
2353,2353,1937,0
2354,2354,1938,0
2355,2355,1939,0
2356,2356,1940,0
2357,2357,1940,1
2358,2358,1941,0
2359,2359,1941,1
2361,2361,1943,0
2362,2362,1943,1
2363,2363,1944,0
2364,2364,1945,0
2365,2365,1946,0
2366,2366,1947,0
2367,2367,1947,1
2368,2368,1948,0
2369,2369,1948,1
2370,2370,1949,0
2371,2371,1950,0
2372,2372,1951,0
2373,2373,1952,0
2374,2374,1953,0
2375,2375,1954,0
2376,2376,1954,1
2377,2377,1955,0
2378,2378,1956,0
2379,2379,1957,0
2380,2380,1958,0
2381,2381,1958,1
2382,2382,1959,0
2383,2383,1960,0
2384,2384,1960,1
2385,2385,1961,0
2386,2386,1961,1
2387,2387,1962,0
2388,2388,1963,0
2389,2389,1964,0
2390,2390,1965,0
2391,2391,1966,0
2392,2392,1967,0
2393,2393,1968,0
2394,2394,1969,0
2395,2395,1970,0
2396,2396,1971,0
2397,2397,1972,0
2398,2398,1973,0
2399,2399,1974,0
2400,2400,1975,0
2401,2401,1976,0
2402,2402,1977,0
2403,2403,1978,0
2404,2404,1979,0
2405,2405,1979,1
2406,2406,1980,0
2407,2407,1981,0
2408,2408,1982,0
2409,2409,1983,0
2410,2410,1984,0
2411,2411,1984,1
2412,2412,1985,0
2413,2413,1986,0
2414,2414,1987,0
2415,2415,1987,1
2416,2416,1988,0
2417,2417,1989,0
2418,2418,1990,0
2419,2419,1991,0
2420,2420,1992,0
2421,2421,1992,1
2422,2422,1993,0
2423,2423,1994,0
2424,2424,1995,0
2425,2425,1996,0
2426,2426,1997,0
2427,2427,1997,1
2428,2428,1998,0
2429,2429,1999,0
2430,2430,2000,0
2431,2431,2001,0
2432,2432,2002,0
2433,2433,2003,0
2434,2434,2004,0
2435,2435,2005,0
2436,2436,2006,0
2437,2437,2007,0
2438,2438,2008,0
2439,2439,2008,1
2440,2440,2009,0
2441,2441,2010,0
2442,2442,2010,1
2443,2443,2011,0
2444,2444,2012,0
2445,2445,2013,0
2447,2447,2015,0
2448,2448,2015,1
2449,2449,2016,0
2450,2450,2017,0
2451,2451,2018,0
2452,2452,2019,0
2453,2453,2020,0
2454,2454,2021,0
2455,2455,2022,0
2456,2456,2022,1
2457,2457,2023,0
2458,2458,2023,1
2459,2459,2024,0
2460,2460,2025,0
2461,2461,2026,0
2462,2462,2027,0
2463,2463,2028,0
2464,2464,2029,0
2465,2465,2030,0
2467,2467,2032,0
2468,2468,2033,0
2469,2469,2034,0
2470,2470,2035,0
2471,2471,2035,1
2472,2472,2036,0
2473,2473,2037,0
2474,2474,2038,0
2475,2475,2039,0
2476,2476,2040,0
2477,2477,2040,1
2478,2478,2041,0
2479,2479,2042,0
2480,2480,2043,0
2481,2481,2044,0
2482,2482,2045,0
2483,2483,2045,1
2484,2484,2046,0
2485,2485,2047,0
2486,2486,2048,0
2487,2487,2049,0
2488,2488,2050,0
2489,2489,2051,0
2490,2490,2052,0
2491,2491,2053,0
2492,2492,2053,1
2493,2493,2054,0
2494,2494,2055,0
2495,2495,2056,0
2496,2496,2057,0
2497,2497,2058,0
2498,2498,2059,0
2499,2499,2060,0
2500,2500,2061,0
2501,2501,2062,0
2502,2502,2063,0
2503,2503,2064,0
2504,2504,2065,0
2505,2505,2066,0
2506,2506,2067,0
2507,2507,2068,0
2508,2508,2069,0
2509,2509,2069,1
2510,2510,2070,0
2511,2511,2071,0
2512,2512,2071,1
2513,2513,2072,0
2514,2514,2073,0
2515,2515,2074,0
2516,2516,2075,0
2517,2517,2076,0
2518,2518,2076,1
2519,2519,2077,0
2520,2520,2078,0
2521,2521,2079,0
2522,2522,2080,0
2523,2523,2080,1
2524,2524,2081,0
2525,2525,2082,0
2526,2526,2083,0
2527,2527,2084,0
2528,2528,2085,0
2529,2529,2086,0
2530,2530,2087,0
2531,2531,2088,0
2532,2532,2089,0
2533,2533,2090,0
2534,2534,2091,0
2535,2535,2092,0
2536,2536,2093,0
2537,2537,2094,0
2538,2538,2095,0
2539,2539,2096,0
2540,2540,2097,0
2542,2542,2099,0
2543,2543,2099,1
2545,2545,2101,0
2546,2546,2102,0
2547,2547,2103,0
2548,2548,2104,0
2549,2549,2105,0
2550,2550,2106,0
2551,2551,2107,0
2552,2552,2108,0
2553,2553,2109,0
2554,2554,2110,0
2555,2555,2111,0
2556,2556,2112,0
2557,2557,2113,0
2558,2558,2114,0
2559,2559,2115,0
2560,2560,2116,0
2561,2561,2117,0
2562,2562,2118,0
2563,2563,2119,0
2565,2565,2121,0
2566,2566,2122,0
2567,2567,2123,0
2568,2568,2123,1
2569,2569,2124,0
2570,2570,2124,1
2571,2571,2125,0
2572,2572,2126,0
2573,2573,2127,0
2574,2574,2128,0
2576,2576,2130,0
2577,2577,2131,0
2578,2578,2132,0
2579,2579,2133,0
2580,2580,2133,1
2581,2581,2134,0
2582,2582,2135,0
2583,2583,2136,0
2584,2584,2137,0
2585,2585,2138,0
2586,2586,2139,0
2587,2587,2139,1
2588,2588,2140,0
2589,2589,2141,0
2590,2590,2142,0
2591,2591,2142,1
2592,2592,2143,0
2593,2593,2143,1
2594,2594,2144,0
2596,2596,2146,0
2597,2597,2147,0
2598,2598,2147,1
2599,2599,2148,0
2600,2600,2149,0
2601,2601,2150,0
2602,2602,2150,1
2603,2603,2151,0
2604,2604,2152,0
2605,2605,2152,1
2606,2606,2153,0
2607,2607,2154,0
2608,2608,2155,0
2609,2609,2156,0
2610,2610,2156,1
2611,2611,2157,0
2612,2612,2158,0
2613,2613,2159,0
2614,2614,2160,0
2615,2615,2161,0
2616,2616,2162,0
2617,2617,2162,1
2618,2618,2163,0
2619,2619,2164,0
2620,2620,2164,1
2621,2621,2165,0
2622,2622,2166,0
2623,2623,2167,0
2625,2625,2169,0
2626,2626,2170,0
2628,2628,2172,0
2629,2629,2172,1
2630,2630,2173,0
2631,2631,2174,0
2632,2632,2174,1
2633,2633,2175,0
2635,2635,2176,0
2636,2636,2177,0
2637,2637,2178,0
2638,2638,2179,0
2639,2639,2180,0
2640,2640,2180,1
2642,2642,2182,0
2643,2643,2183,0
2644,2644,2184,0
2645,2645,2185,0
2646,2646,2186,0
2647,2647,2187,0
2648,2648,2187,1
2650,2650,2189,0
2651,2651,2189,1
2652,2652,2190,0
2653,2653,2191,0
2654,2654,2192,0
2655,2655,2193,0
2656,2656,2194,0
2657,2657,2195,0
2658,2658,2196,0
2659,2659,2197,0
2661,2661,2199,0
2662,2662,2200,0
2663,2663,2201,0
2666,2666,2203,0
2667,2667,2204,0
2668,2668,2204,1
2669,2669,2205,0
2670,2670,2206,0
2671,2671,2207,0
2672,2672,2208,0
2673,2673,2209,0
2674,2674,2209,1
2675,2675,2210,0
2676,2676,2211,0
2677,2677,2212,0
2678,2678,2212,1
2679,2679,2213,0
2680,2680,2213,1
2681,2681,2214,0
2682,2682,2214,1
2683,2683,2215,0
2684,2684,2216,0
2685,2685,2217,0
2686,2686,2218,0
2687,2687,2218,1
2688,2688,2219,0
2689,2689,2220,0
2690,2690,2221,0
2691,2691,2222,0
2692,2692,2223,0
2693,2693,2224,0
2694,2694,2225,0
2695,2695,2225,1
2696,2696,2226,0
2697,2697,2226,1
2698,2698,2227,0
2699,2699,2227,1
2700,2700,2228,0
2701,2701,2229,0
2702,2702,2230,0
2703,2703,2231,0
2704,2704,2232,0
2705,2705,2233,0
2706,2706,2234,0
2707,2707,2235,0
2708,2708,2236,0
2709,2709,2237,0
2712,2712,2239,0
2713,2713,2240,0
2714,2714,2241,0
2715,2715,2242,0
2716,2716,2243,0
2717,2717,2244,0
2718,2718,2244,1
2719,2719,2245,0
2720,2720,2246,0
2721,2721,2247,0
2724,2724,2250,0
2726,2726,2252,0
2727,2727,2252,1
2728,2728,2253,0
2729,2729,2254,0
2730,2730,2255,0
2731,2731,2256,0
2732,2732,2257,0
2733,2733,2258,0
2734,2734,2258,1
2735,2735,2259,0
2736,2736,2260,0
2738,2738,2261,0
2739,2739,2262,0
2740,2740,2263,0
2741,2741,2264,0
2742,2742,2265,0
2743,2743,2266,0
2744,2744,2266,1
2745,2745,2267,0
2746,2746,2268,0
2747,2747,2269,0
2748,2748,2269,1
2749,2749,2270,0
2750,2750,2270,1
2751,2751,2271,0
2752,2752,2272,0
2754,2754,2274,0
2755,2755,2275,0
2756,2756,2276,0
2758,2758,2278,0
2759,2759,2279,0
2760,2760,2280,0
2761,2761,2281,0
2762,2762,2282,0
2765,2765,2285,0
2766,2766,2286,0
2767,2767,2286,1
2768,2768,2287,0
2769,2769,2288,0
2770,2770,2289,0
2771,2771,2290,0
2772,2772,2290,1
2773,2773,2291,0
2774,2774,2291,1
2775,2775,2292,0
2776,2776,2293,0
2777,2777,2294,0
2778,2778,2295,0
2779,2779,2296,0
2780,2780,2296,1
2781,2781,2297,0
2782,2782,2298,0
2783,2783,2299,0
2784,2784,2300,0
2785,2785,2301,0
2786,2786,2302,0
2787,2787,2303,0
2788,2788,2304,0
2789,2789,2305,0
2790,2790,2306,0
2791,2791,2307,0
2794,2794,2309,0
2795,2795,2309,1
2796,2796,2310,0
2797,2797,2311,0
2798,2798,2312,0
2799,2799,2313,0
2800,2800,2314,0
2801,2801,2315,0
2802,2802,2316,0
2803,2803,2317,0
2804,2804,2317,1
2805,2805,2318,0
2806,2806,2319,0
2808,2808,2321,0
2809,2809,2322,0
2810,2810,2323,0
2811,2811,2324,0
2812,2812,2325,0
2813,2813,2326,0
2814,2814,2327,0
2815,2815,2328,0
2816,2816,2328,1
2817,2817,2329,0
2818,2818,2330,0
2819,2819,2331,0
2820,2820,2332,0
2821,2821,2333,0
2822,2822,2334,0
2823,2823,2335,0
2824,2824,2336,0
2825,2825,2337,0
2826,2826,2338,0
2827,2827,2339,0
2828,2828,2340,0
2829,2829,2341,0
2830,2830,2342,0
2831,2831,2343,0
2832,2832,2344,0
2833,2833,2344,1
2834,2834,2345,0
2835,2835,2346,0
2836,2836,2347,0
2837,2837,2347,1
2838,2838,2348,0
2839,2839,2349,0
2840,2840,2349,1
2841,2841,2350,0
2842,2842,2351,0
2843,2843,2352,0
2844,2844,2353,0
2845,2845,2354,0
2846,2846,2355,0
2847,2847,2356,0
2848,2848,2356,1
2849,2849,2357,0
2850,2850,2358,0
2851,2851,2359,0
2852,2852,2360,0
2853,2853,2361,0
2854,2854,2362,0
2855,2855,2362,1
2856,2856,2363,0
2857,2857,2364,0
2858,2858,2365,0
2859,2859,2366,0
2860,2860,2367,0
2862,2862,2369,0
2863,2863,2369,1
2864,2864,2370,0
2865,2865,2371,0
2866,2866,2371,1
2867,2867,2372,0
2868,2868,2373,0
2869,2869,2374,0
2870,2870,2375,0
2871,2871,2376,0
2872,2872,2377,0
2873,2873,2378,0
2874,2874,2379,0
2875,2875,2380,0
2876,2876,2381,0
2877,2877,2382,0
2878,2878,2383,0
2879,2879,2384,0
2880,2880,2385,0
2881,2881,2386,0
2882,2882,2387,0
2883,2883,2388,0
2884,2884,2389,0
2885,2885,2390,0
2886,2886,2390,1
2887,2887,2391,0
2888,2888,2392,0
2889,2889,2393,0
2890,2890,2394,0
2891,2891,2394,1
2892,2892,2395,0
2893,2893,2396,0
2894,2894,2397,0
2895,2895,2398,0
2896,2896,2399,0
2897,2897,2400,0
2898,2898,2400,1
2899,2899,2401,0
2900,2900,2402,0
2901,2901,2403,0
2902,2902,2404,0
2903,2903,2404,1
2904,2904,2405,0
2905,2905,2405,1
2906,2906,2406,0
2907,2907,2406,1
2908,2908,2407,0
2909,2909,2408,0
2910,2910,2409,0
2911,2911,2410,0
2912,2912,2410,1
2913,2913,2411,0
2915,2915,2413,0
2916,2916,2414,0
2917,2917,2415,0
2918,2918,2416,0
2919,2919,2416,1
2920,2920,2417,0
2921,2921,2418,0
2922,2922,2419,0
2923,2923,2420,0
2924,2924,2421,0
2925,2925,2421,1
2926,2926,2422,0
2927,2927,2422,1
2928,2928,2423,0
2929,2929,2424,0
2930,2930,2425,0
2932,2932,2427,0
2933,2933,2428,0
2934,2934,2428,1
2935,2935,2429,0
2936,2936,2430,0
2937,2937,2431,0
2938,2938,2432,0
2939,2939,2433,0
2940,2940,2434,0
2941,2941,2435,0
2942,2942,2436,0
2943,2943,2437,0
2944,2944,2438,0
2945,2945,2439,0
2946,2946,2439,1
2947,2947,2440,0
2948,2948,2441,0
2949,2949,2442,0
2950,2950,2443,0
2951,2951,2444,0
2952,2952,2445,0
2953,2953,2446,0
2954,2954,2447,0
2955,2955,2447,1
2956,2956,2448,0
2957,2957,2449,0
2958,2958,2450,0
2959,2959,2451,0
2960,2960,2452,0
2961,2961,2452,1
2962,2962,2453,0
2963,2963,2453,1
2964,2964,2454,0
2965,2965,2455,0
2966,2966,2456,0
2967,2967,2457,0
2968,2968,2458,0
2969,2969,2459,0
2970,2970,2459,1
2971,2971,2460,0
2972,2972,2461,0
2974,2974,2463,0
2975,2975,2464,0
2976,2976,2465,0
2977,2977,2466,0
2978,2978,2467,0
2979,2979,2468,0
2980,2980,2469,0
2981,2981,2470,0
2982,2982,2471,0
2983,2983,2471,1
2984,2984,2472,0
2985,2985,2472,1
2986,2986,2473,0
2987,2987,2473,1
2988,2988,2474,0
2989,2989,2475,0
2990,2990,2476,0
2991,2991,2476,1
2992,2992,2477,0
2994,2994,2479,0
2995,2995,2480,0
2996,2996,2481,0
2997,2997,2482,0
2998,2998,2483,0
2999,2999,2484,0
3000,3000,2485,0
3001,3001,2486,0
3002,3002,2487,0
3003,3003,2488,0
3004,3004,2488,1
3005,3005,2489,0
3006,3006,2490,0
3007,3007,2491,0
3008,3008,2492,0
3009,3009,2493,0
3010,3010,2493,1
3011,3011,2494,0
3012,3012,2495,0
3013,3013,2496,0
3014,3014,2496,1
3015,3015,2497,0
3016,3016,2498,0
3017,3017,2499,0
3018,3018,2500,0
3019,3019,2501,0
3020,3020,2502,0
3021,3021,2503,0
3022,3022,2503,1
3023,3023,2504,0
3024,3024,2505,0
3025,3025,2505,1
3026,3026,2506,0
3027,3027,2507,0
3028,3028,2508,0
3029,3029,2509,0
3030,3030,2510,0
3031,3031,2511,0
3032,3032,2511,1
3035,3035,2513,0
3036,3036,2514,0
3037,3037,2515,0
3038,3038,2516,0
3039,3039,2517,0
3041,3041,2519,0
3042,3042,2520,0
3043,3043,2521,0
3044,3044,2522,0
3045,3045,2523,0
3046,3046,2524,0
3047,3047,2525,0
3048,3048,2526,0
3049,3049,2527,0
3050,3050,2527,1
3051,3051,2528,0
3054,3054,2530,0
3055,3055,2531,0
3056,3056,2532,0
3057,3057,2532,1
3058,3058,2533,0
3059,3059,2534,0
3060,3060,2535,0
3061,3061,2535,1
3062,3062,2536,0
3063,3063,2537,0
3064,3064,2538,0
3065,3065,2539,0
3066,3066,2540,0
3067,3067,2541,0
3068,3068,2541,1
3069,3069,2542,0
3070,3070,2543,0
3071,3071,2544,0
3072,3072,2545,0
3073,3073,2545,1
3074,3074,2546,0
3075,3075,2547,0
3076,3076,2548,0
3077,3077,2549,0
3078,3078,2549,1
3079,3079,2550,0
3080,3080,2551,0
3081,3081,2551,1
3082,3082,2552,0
3083,3083,2553,0
3084,3084,2554,0
3085,3085,2555,0
3086,3086,2555,1
3087,3087,2556,0
3088,3088,2557,0
3089,3089,2558,0
3090,3090,2559,0
3091,3091,2560,0
3092,3092,2561,0
3093,3093,2562,0
3094,3094,2563,0
3095,3095,2564,0
3096,3096,2565,0
3097,3097,2566,0
3098,3098,2567,0
3099,3099,2568,0
3100,3100,2569,0
3101,3101,2570,0
3102,3102,2571,0
3103,3103,2572,0
3104,3104,2573,0
3105,3105,2574,0
3106,3106,2575,0
3107,3107,2576,0
3108,3108,2576,1
3109,3109,2577,0
3110,3110,2578,0
3111,3111,2578,1
3112,3112,2579,0
3113,3113,2580,0
3114,3114,2580,1
3115,3115,2581,0
3116,3116,2582,0
3117,3117,2583,0
3118,3118,2583,1
3119,3119,2584,0
3120,3120,2585,0
3121,3121,2586,0
3122,3122,2586,1
3123,3123,2587,0
3124,3124,2588,0
3125,3125,2589,0
3126,3126,2590,0
3127,3127,2591,0
3128,3128,2592,0
3129,3129,2593,0
3130,3130,2594,0
3131,3131,2595,0
3132,3132,2596,0
3133,3133,2597,0
3134,3134,2598,0
3135,3135,2599,0
3136,3136,2600,0
3137,3137,2601,0
3138,3138,2601,1
3139,3139,2602,0
3140,3140,2602,1
3141,3141,2603,0
3142,3142,2604,0
3143,3143,2605,0
3144,3144,2606,0
3145,3145,2606,1
3146,3146,2607,0
3147,3147,2608,0
3148,3148,2609,0
3149,3149,2609,1
3150,3150,2610,0
3151,3151,2611,0
3152,3152,2612,0
3153,3153,2613,0
3154,3154,2613,1
3155,3155,2614,0
3156,3156,2615,0
3157,3157,2616,0
3158,3158,2617,0
3159,3159,2618,0
3160,3160,2619,0
3161,3161,2620,0
3162,3162,2621,0
3163,3163,2622,0
3164,3164,2622,1
3165,3165,2623,0
3166,3166,2624,0
3167,3167,2625,0
3170,3170,2627,0
3171,3171,2627,1
3172,3172,2628,0
3173,3173,2629,0
3174,3174,2629,1
3175,3175,2630,0
3176,3176,2631,0
3177,3177,2632,0
3178,3178,2633,0
3179,3179,2634,0
3180,3180,2634,1
3181,3181,2635,0
3182,3182,2636,0
3183,3183,2637,0
3184,3184,2638,0
3185,3185,2639,0
3186,3186,2640,0
3187,3187,2641,0
3188,3188,2642,0
3190,3190,2644,0
3191,3191,2645,0
3192,3192,2646,0
3193,3193,2647,0
3194,3194,2648,0
3195,3195,2649,0
3196,3196,2650,0
3197,3197,2651,0
3198,3198,2651,1
3199,3199,2652,0
3200,3200,2652,1
3201,3201,2653,0
3202,3202,2654,0
3203,3203,2655,0
3204,3204,2655,1
3205,3205,2656,0
3206,3206,2656,1
3207,3207,2657,0
3208,3208,2658,0
3209,3209,2658,1
3210,3210,2659,0
3211,3211,2660,0
3213,3213,2661,0
3214,3214,2662,0
3215,3215,2663,0
3216,3216,2664,0
3217,3217,2665,0
3218,3218,2666,0
3219,3219,2666,1
3220,3220,2667,0
3221,3221,2667,1
3222,3222,2668,0
3225,3225,2670,0
3226,3226,2671,0
3227,3227,2672,0
3228,3228,2673,0
3229,3229,2674,0
3230,3230,2675,0
3231,3231,2676,0
3232,3232,2677,0
3233,3233,2678,0
3234,3234,2679,0
3235,3235,2680,0
3236,3236,2681,0
3239,3239,2684,0
3240,3240,2685,0
3241,3241,2686,0
3242,3242,2686,1
3243,3243,2687,0
3244,3244,2688,0
3245,3245,2689,0
3246,3246,2690,0
3247,3247,2691,0
3248,3248,2692,0
3249,3249,2693,0
3250,3250,2693,1
3251,3251,2694,0
3252,3252,2694,1
3253,3253,2695,0
3254,3254,2696,0
3255,3255,2697,0
3256,3256,2698,0
3257,3257,2699,0
3258,3258,2700,0
3259,3259,2701,0
3260,3260,2702,0
3261,3261,2702,1
3262,3262,2703,0
3264,3264,2705,0
3265,3265,2706,0
3266,3266,2706,1
3267,3267,2707,0
3268,3268,2708,0
3269,3269,2709,0
3270,3270,2710,0
3271,3271,2711,0
3272,3272,2712,0
3273,3273,2712,1
3274,3274,2713,0
3275,3275,2713,1
3276,3276,2714,0
3277,3277,2715,0
3278,3278,2715,1
3279,3279,2716,0
3280,3280,2716,1
3281,3281,2717,0
3282,3282,2718,0
3283,3283,2719,0
3284,3284,2720,0
3285,3285,2720,1
3286,3286,2721,0
3287,3287,2721,1
3288,3288,2722,0
3289,3289,2723,0
3290,3290,2724,0
3291,3291,2725,0
3292,3292,2726,0
3293,3293,2727,0
3294,3294,2728,0
3295,3295,2729,0
3296,3296,2730,0
3297,3297,2731,0
3298,3298,2732,0
3299,3299,2733,0
3300,3300,2734,0
3302,3302,2736,0
3303,3303,2736,1
3304,3304,2737,0
3305,3305,2738,0
3306,3306,2739,0
3307,3307,2740,0
3308,3308,2741,0
3309,3309,2741,1
3310,3310,2742,0
3311,3311,2743,0
3312,3312,2744,0
3313,3313,2745,0
3314,3314,2746,0
3315,3315,2746,1
3316,3316,2747,0
3317,3317,2747,1
3319,3319,2749,0
3320,3320,2749,1
3321,3321,2750,0
3322,3322,2751,0
3323,3323,2752,0
3324,3324,2753,0
3325,3325,2753,1
3326,3326,2754,0
3327,3327,2755,0
3328,3328,2756,0
3329,3329,2757,0
3330,3330,2757,1
3331,3331,2758,0
3332,3332,2759,0
3333,3333,2760,0
3334,3334,2761,0
3335,3335,2762,0
3336,3336,2763,0
3337,3337,2764,0
3338,3338,2765,0
3339,3339,2766,0
3340,3340,2767,0
3341,3341,2767,1
3342,3342,2768,0
3344,3344,2770,0
3345,3345,2771,0
3346,3346,2771,1
3347,3347,2772,0
3348,3348,2773,0
3349,3349,2774,0
3350,3350,2775,0
3351,3351,2775,1
3352,3352,2776,0
3353,3353,2776,1
3354,3354,2777,0
3355,3355,2778,0
3356,3356,2779,0
3357,3357,2780,0
3358,3358,2781,0
3359,3359,2782,0
3360,3360,2783,0
3361,3361,2784,0
3365,3365,2787,0
3366,3366,2788,0
3367,3367,2788,1
3368,3368,2789,0
3369,3369,2790,0
3370,3370,2791,0
3371,3371,2791,1
3372,3372,2792,0
3373,3373,2793,0
3374,3374,2793,1
3375,3375,2794,0
3376,3376,2795,0
3377,3377,2795,1
3378,3378,2796,0
3379,3379,2796,1
3380,3380,2797,0
3381,3381,2798,0
3382,3382,2799,0
3383,3383,2799,1
3384,3384,2800,0
3385,3385,2801,0
3386,3386,2802,0
3387,3387,2803,0
3388,3388,2804,0
3389,3389,2805,0
3390,3390,2806,0
3391,3391,2807,0
3392,3392,2808,0
3393,3393,2809,0
3394,3394,2810,0
3395,3395,2811,0
3396,3396,2812,0
3397,3397,2813,0
3398,3398,2813,1
3399,3399,2814,0
3402,3402,2816,0
3403,3403,2816,1
3404,3404,2817,0
3405,3405,2818,0
3406,3406,2818,1
3407,3407,2819,0
3408,3408,2819,1
3409,3409,2820,0
3410,3410,2821,0
3412,3412,2823,0
3413,3413,2823,1
3414,3414,2824,0
3415,3415,2825,0
3416,3416,2826,0
3417,3417,2826,1
3418,3418,2827,0
3420,3420,2829,0
3421,3421,2830,0
3422,3422,2831,0
3423,3423,2832,0
3424,3424,2833,0
3425,3425,2834,0
3426,3426,2835,0
3427,3427,2836,0
3428,3428,2836,1
3429,3429,2837,0
3430,3430,2838,0
3431,3431,2839,0
3432,3432,2840,0
3433,3433,2841,0
3434,3434,2841,1
3435,3435,2842,0
3436,3436,2843,0
3437,3437,2843,1
3438,3438,2844,0
3439,3439,2845,0
3440,3440,2846,0
3441,3441,2847,0
3443,3443,2849,0
3444,3444,2850,0
3445,3445,2851,0
3446,3446,2852,0
3447,3447,2853,0
3448,3448,2854,0
3449,3449,2855,0
3450,3450,2856,0
3451,3451,2857,0
3452,3452,2857,1
3453,3453,2858,0
3454,3454,2859,0
3455,3455,2859,1
3456,3456,2860,0
3457,3457,2861,0
3458,3458,2862,0
3459,3459,2863,0
3460,3460,2863,1
3461,3461,2864,0
3462,3462,2864,1
3463,3463,2865,0
3464,3464,2866,0
3465,3465,2867,0
3466,3466,2868,0
3467,3467,2868,1
3468,3468,2869,0
3469,3469,2870,0
3470,3470,2871,0
3471,3471,2872,0
3472,3472,2873,0
3473,3473,2873,1
3474,3474,2874,0
3475,3475,2875,0
3476,3476,2876,0
3477,3477,2877,0
3478,3478,2878,0
3479,3479,2878,1
3480,3480,2879,0
3481,3481,2879,1
3482,3482,2880,0
3483,3483,2881,0
3484,3484,2882,0
3485,3485,2883,0
3486,3486,2884,0
3487,3487,2885,0
3488,3488,2886,0
3489,3489,2887,0
3490,3490,2888,0
3491,3491,2888,1
3492,3492,2889,0
3493,3493,2890,0
3494,3494,2891,0
3495,3495,2892,0
3496,3496,2892,1
3497,3497,2893,0
3498,3498,2894,0
3499,3499,2895,0
3500,3500,2896,0
3501,3501,2897,0
3502,3502,2898,0
3503,3503,2898,1
3504,3504,2899,0
3505,3505,2900,0
3506,3506,2901,0
3507,3507,2902,0
3508,3508,2903,0
3509,3509,2903,1
3510,3510,2904,0
3511,3511,2905,0
3512,3512,2906,0
3513,3513,2907,0
3514,3514,2907,1
3515,3515,2908,0
3516,3516,2909,0
3517,3517,2910,0
3518,3518,2911,0
3519,3519,2912,0
3520,3520,2913,0
3521,3521,2914,0
3522,3522,2915,0
3523,3523,2916,0
3524,3524,2917,0
3525,3525,2918,0
3526,3526,2918,1
3527,3527,2919,0
3528,3528,2920,0
3529,3529,2921,0
3530,3530,2922,0
3531,3531,2923,0
3532,3532,2924,0
3533,3533,2925,0
3534,3534,2926,0
3535,3535,2927,0
3536,3536,2928,0
3537,3537,2929,0
3538,3538,2930,0
3539,3539,2931,0
3540,3540,2932,0
3541,3541,2932,1
3542,3542,2933,0
3543,3543,2933,1
3544,3544,2934,0
3545,3545,2935,0
3546,3546,2936,0
3547,3547,2937,0
3548,3548,2938,0
3549,3549,2939,0
3550,3550,2940,0
3552,3552,2942,0
3554,3554,2944,0
3555,3555,2944,1
3556,3556,2945,0
3557,3557,2945,1
3558,3558,2946,0
3559,3559,2947,0
3560,3560,2947,1
3562,3562,2949,0
3563,3563,2949,1
3564,3564,2950,0
3565,3565,2951,0
3566,3566,2952,0
3567,3567,2953,0
3568,3568,2954,0
3569,3569,2955,0
3570,3570,2956,0
3571,3571,2957,0
3572,3572,2958,0
3573,3573,2959,0
3574,3574,2960,0
3575,3575,2961,0
3576,3576,2962,0
3577,3577,2963,0
3578,3578,2964,0
3579,3579,2964,1
3580,3580,2965,0
3581,3581,2966,0
3582,3582,2967,0
3583,3583,2968,0
3584,3584,2968,1
3585,3585,2969,0
3586,3586,2970,0
3587,3587,2970,1
3588,3588,2971,0
3589,3589,2972,0
3590,3590,2973,0
3591,3591,2974,0
3592,3592,2974,1
3594,3594,2976,0
3595,3595,2977,0
3596,3596,2978,0
3597,3597,2979,0
3598,3598,2980,0
3599,3599,2980,1
3600,3600,2981,0
3601,3601,2982,0
3602,3602,2982,1
3603,3603,2983,0
3605,3605,2985,0
3606,3606,2986,0
3607,3607,2987,0
3608,3608,2988,0
3609,3609,2988,1
3610,3610,2989,0
3611,3611,2990,0
3612,3612,2991,0
3613,3613,2991,1
3614,3614,2992,0
3615,3615,2993,0
3616,3616,2994,0
3617,3617,2995,0
3618,3618,2996,0
3619,3619,2997,0
3620,3620,2998,0
3621,3621,2999,0
3622,3622,2999,1
3623,3623,3000,0
3624,3624,3001,0
3627,3627,3003,0
3628,3628,3004,0
3629,3629,3005,0
3630,3630,3006,0
3631,3631,3006,1
3632,3632,3007,0
3633,3633,3008,0
3634,3634,3009,0
3635,3635,3009,1
3636,3636,3010,0
3637,3637,3011,0
3638,3638,3012,0
3639,3639,3013,0
3640,3640,3014,0
3641,3641,3014,1
3642,3642,3015,0
3643,3643,3016,0
3644,3644,3017,0
3645,3645,3018,0
3646,3646,3019,0
3647,3647,3019,1
3648,3648,3020,0
3649,3649,3021,0
3650,3650,3022,0
3651,3651,3023,0
3652,3652,3024,0
3653,3653,3024,1
3654,3654,3025,0
3655,3655,3026,0
3656,3656,3027,0
3657,3657,3027,1
3658,3658,3028,0
3659,3659,3029,0
3660,3660,3030,0
3661,3661,3031,0
3662,3662,3032,0
3663,3663,3033,0
3664,3664,3033,1
3667,3667,3035,0
3668,3668,3035,1
3669,3669,3036,0
3670,3670,3037,0
3671,3671,3038,0
3672,3672,3038,1
3673,3673,3039,0
3674,3674,3040,0
3675,3675,3041,0
3676,3676,3042,0
3677,3677,3042,1
3678,3678,3043,0
3679,3679,3044,0
3680,3680,3044,1
3681,3681,3045,0
3682,3682,3045,1
3683,3683,3046,0
3684,3684,3047,0
3685,3685,3048,0
3686,3686,3049,0
3687,3687,3050,0
3688,3688,3050,1
3689,3689,3051,0
3690,3690,3052,0
3691,3691,3053,0
3693,3693,3055,0
3694,3694,3055,1
3695,3695,3056,0
3696,3696,3056,1
3697,3697,3057,0
3698,3698,3058,0
3699,3699,3059,0
3700,3700,3059,1
3701,3701,3060,0
3702,3702,3061,0
3703,3703,3062,0
3704,3704,3063,0
3705,3705,3064,0
3707,3707,3066,0
3708,3708,3067,0
3709,3709,3067,1
3710,3710,3068,0
3711,3711,3069,0
3712,3712,3070,0
3713,3713,3071,0
3714,3714,3072,0
3716,3716,3074,0
3717,3717,3075,0
3718,3718,3075,1
3719,3719,3076,0
3720,3720,3076,1
3721,3721,3077,0
3722,3722,3078,0
3723,3723,3079,0
3724,3724,3080,0
3727,3727,3082,0
3728,3728,3083,0
3729,3729,3083,1
3730,3730,3084,0
3732,3732,3085,0
3733,3733,3086,0
3734,3734,3087,0
3735,3735,3088,0
3736,3736,3088,1
3737,3737,3089,0
3738,3738,3090,0
3739,3739,3091,0
3740,3740,3092,0
3741,3741,3093,0
3742,3742,3094,0
3743,3743,3094,1
3745,3745,3096,0
3746,3746,3097,0
3747,3747,3098,0
3748,3748,3099,0
3749,3749,3100,0
3750,3750,3101,0
3751,3751,3102,0
3752,3752,3102,1
3753,3753,3103,0
3754,3754,3104,0
3755,3755,3105,0
3756,3756,3106,0
3757,3757,3107,0
3758,3758,3108,0
3759,3759,3108,1
3760,3760,3109,0
3761,3761,3110,0
3762,3762,3111,0
3763,3763,3112,0
3764,3764,3112,1
3765,3765,3113,0
3766,3766,3114,0
3767,3767,3115,0
3768,3768,3115,1
3769,3769,3116,0
3770,3770,3117,0
3771,3771,3118,0
3772,3772,3118,1
3773,3773,3119,0
3774,3774,3120,0
3775,3775,3121,0
3776,3776,3122,0
3777,3777,3122,1
3779,3779,3124,0
3780,3780,3125,0
3781,3781,3126,0
3782,3782,3127,0
3783,3783,3128,0
3784,3784,3128,1
3785,3785,3129,0
3786,3786,3130,0
3787,3787,3131,0
3788,3788,3132,0
3789,3789,3133,0
3790,3790,3134,0
3791,3791,3135,0
3792,3792,3136,0
3793,3793,3137,0
3794,3794,3138,0
3795,3795,3139,0
3796,3796,3140,0
3797,3797,3140,1
3798,3798,3141,0
3799,3799,3142,0
3800,3800,3143,0
3801,3801,3143,1
3802,3802,3144,0
3803,3803,3145,0
3804,3804,3145,1
3805,3805,3146,0
3806,3806,3147,0
3807,3807,3148,0
3808,3808,3149,0
3811,3811,3151,0
3812,3812,3152,0
3813,3813,3153,0
3814,3814,3154,0
3815,3815,3155,0
3816,3816,3156,0
3817,3817,3157,0
3818,3818,3158,0
3819,3819,3158,1
3821,3821,3160,0
3822,3822,3161,0
3823,3823,3162,0
3824,3824,3163,0
3825,3825,3163,1
3826,3826,3164,0
3827,3827,3164,1
3829,3829,3166,0
3830,3830,3167,0
3831,3831,3168,0
3832,3832,3168,1
3833,3833,3169,0
3834,3834,3170,0
3835,3835,3171,0
3836,3836,3172,0
3837,3837,3173,0
3838,3838,3174,0
3839,3839,3174,1
3840,3840,3175,0
3841,3841,3176,0
3842,3842,3177,0
3843,3843,3178,0
3844,3844,3179,0
3845,3845,3180,0
3846,3846,3181,0
3847,3847,3182,0
3848,3848,3183,0
3849,3849,3184,0
3850,3850,3185,0
3851,3851,3185,1
3852,3852,3186,0
3853,3853,3187,0
3854,3854,3188,0
3855,3855,3189,0
3856,3856,3190,0
3857,3857,3191,0
3858,3858,3192,0
3859,3859,3192,1
3860,3860,3193,0
3861,3861,3194,0
3862,3862,3195,0
3863,3863,3196,0
3864,3864,3196,1
3865,3865,3197,0
3866,3866,3197,1
3868,3868,3199,0
3869,3869,3200,0
3870,3870,3201,0
3871,3871,3201,1
3872,3872,3202,0
3873,3873,3203,0
3874,3874,3204,0
3875,3875,3205,0
3876,3876,3205,1
3877,3877,3206,0
3880,3880,3208,0
3881,3881,3209,0
3882,3882,3209,1
3883,3883,3210,0
3884,3884,3211,0
3885,3885,3212,0
3886,3886,3213,0
3887,3887,3214,0
3888,3888,3214,1
3890,3890,3216,0
3891,3891,3217,0
3892,3892,3218,0
3893,3893,3219,0
3894,3894,3220,0
3895,3895,3220,1
3896,3896,3221,0
3897,3897,3222,0
3898,3898,3223,0
3899,3899,3224,0
3900,3900,3225,0
3901,3901,3225,1
3902,3902,3226,0
3903,3903,3227,0
3904,3904,3228,0
3905,3905,3228,1
3906,3906,3229,0
3907,3907,3230,0
3908,3908,3231,0
3909,3909,3231,1
3910,3910,3232,0
3911,3911,3233,0
3912,3912,3234,0
3913,3913,3235,0
3914,3914,3236,0
3915,3915,3237,0
3916,3916,3238,0
3917,3917,3238,1
3918,3918,3239,0
3919,3919,3240,0
3920,3920,3241,0
3921,3921,3242,0
3922,3922,3243,0
3923,3923,3243,1
3924,3924,3244,0
3925,3925,3245,0
3926,3926,3246,0
3927,3927,3247,0
3928,3928,3248,0
3929,3929,3249,0
3930,3930,3250,0
3931,3931,3250,1
3932,3932,3251,0
3933,3933,3251,1
3934,3934,3252,0
3935,3935,3253,0
3936,3936,3254,0
3937,3937,3254,1
3938,3938,3255,0
3939,3939,3256,0
3942,3942,3258,0
3943,3943,3259,0
3944,3944,3260,0
3945,3945,3260,1
3946,3946,3261,0
3947,3947,3262,0
3948,3948,3263,0
3949,3949,3263,1
3950,3950,3264,0
3951,3951,3264,1
3952,3952,3265,0
3953,3953,3266,0
3954,3954,3267,0
3955,3955,3267,1
3956,3956,3268,0
3957,3957,3268,1
3958,3958,3269,0
3959,3959,3270,0
3960,3960,3271,0
3961,3961,3272,0
3962,3962,3273,0
3963,3963,3274,0
3964,3964,3275,0
3965,3965,3276,0
3966,3966,3276,1
3967,3967,3277,0
3968,3968,3277,1
3969,3969,3278,0
3970,3970,3279,0
3971,3971,3280,0
3972,3972,3281,0
3973,3973,3282,0
3974,3974,3283,0
3975,3975,3284,0
3976,3976,3285,0
3977,3977,3286,0
3978,3978,3287,0
3979,3979,3288,0
3980,3980,3289,0
3981,3981,3290,0
3982,3982,3291,0
3983,3983,3292,0
3984,3984,3293,0
3985,3985,3294,0
3987,3987,3296,0
3988,3988,3297,0
3989,3989,3297,1
3990,3990,3298,0
3991,3991,3299,0
3992,3992,3300,0
3993,3993,3301,0
3994,3994,3302,0
3995,3995,3303,0
3996,3996,3304,0
3997,3997,3305,0
3998,3998,3306,0
3999,3999,3307,0
4000,4000,3308,0
4001,4001,3309,0
4002,4002,3310,0
4003,4003,3311,0
4004,4004,3312,0
4006,4006,3314,0
4007,4007,3315,0
4008,4008,3315,1
4009,4009,3316,0
4010,4010,3317,0
4011,4011,3318,0
4012,4012,3319,0
4013,4013,3320,0
4014,4014,3321,0
4015,4015,3322,0
4016,4016,3323,0
4017,4017,3323,1
4018,4018,3324,0
4019,4019,3325,0
4020,4020,3326,0
4021,4021,3327,0
4022,4022,3328,0
4023,4023,3328,1
4024,4024,3329,0
4025,4025,3329,1
4026,4026,3330,0
4027,4027,3331,0
4028,4028,3331,1
4029,4029,3332,0
4030,4030,3333,0
4031,4031,3334,0
4032,4032,3335,0
4033,4033,3336,0
4034,4034,3337,0
4035,4035,3337,1
4036,4036,3338,0
4037,4037,3339,0
4040,4040,3342,0
4041,4041,3342,1
4042,4042,3343,0
4043,4043,3344,0
4044,4044,3345,0
4046,4046,3346,0
4047,4047,3346,1
4048,4048,3347,0
4049,4049,3348,0
4050,4050,3349,0
4051,4051,3350,0
4052,4052,3350,1
4053,4053,3351,0
4054,4054,3352,0
4055,4055,3353,0
4056,4056,3354,0
4057,4057,3355,0
4059,4059,3357,0
4060,4060,3358,0
4061,4061,3359,0
4062,4062,3360,0
4063,4063,3361,0
4064,4064,3361,1
4065,4065,3362,0
4066,4066,3363,0
4067,4067,3364,0
4068,4068,3365,0
4069,4069,3366,0
4070,4070,3366,1
4071,4071,3367,0
4072,4072,3367,1
4073,4073,3368,0
4074,4074,3368,1
4075,4075,3369,0
4076,4076,3370,0
4077,4077,3371,0
4078,4078,3372,0
4079,4079,3373,0
4080,4080,3374,0
4081,4081,3375,0
4082,4082,3376,0
4083,4083,3377,0
4084,4084,3378,0
4085,4085,3378,1
4086,4086,3379,0
4087,4087,3380,0
4088,4088,3381,0
4089,4089,3381,1
4090,4090,3382,0
4091,4091,3383,0
4092,4092,3384,0
4093,4093,3385,0
4094,4094,3386,0
4095,4095,3387,0
4096,4096,3387,1
4098,4098,3389,0
4099,4099,3390,0
4100,4100,3391,0
4101,4101,3392,0
4102,4102,3393,0
4103,4103,3393,1
4104,4104,3394,0
4105,4105,3395,0
4106,4106,3396,0
4107,4107,3397,0
4108,4108,3398,0
4109,4109,3399,0
4112,4112,3401,0
4113,4113,3402,0
4114,4114,3403,0
4115,4115,3404,0
4116,4116,3405,0
4117,4117,3406,0
4118,4118,3407,0
4119,4119,3408,0
4120,4120,3408,1
4121,4121,3409,0
4122,4122,3410,0
4123,4123,3410,1
4124,4124,3411,0
4125,4125,3412,0
4126,4126,3413,0
4127,4127,3413,1
4129,4129,3415,0
4131,4131,3417,0
4132,4132,3418,0
4133,4133,3418,1
4134,4134,3419,0
4136,4136,3421,0
4137,4137,3422,0
4138,4138,3423,0
4139,4139,3424,0
4140,4140,3425,0
4141,4141,3426,0
4142,4142,3427,0
4143,4143,3428,0
4144,4144,3428,1
4145,4145,3429,0
4146,4146,3430,0
4147,4147,3431,0
4148,4148,3431,1
4149,4149,3432,0
4150,4150,3432,1
4151,4151,3433,0
4152,4152,3433,1
4153,4153,3434,0
4154,4154,3434,1
4155,4155,3435,0
4156,4156,3436,0
4157,4157,3437,0
4158,4158,3438,0
4159,4159,3438,1
4160,4160,3439,0
4161,4161,3440,0
4163,4163,3442,0
4164,4164,3443,0
4165,4165,3444,0
4166,4166,3445,0
4167,4167,3446,0
4169,4169,3448,0
4170,4170,3448,1
4171,4171,3449,0
4172,4172,3450,0
4173,4173,3451,0
4174,4174,3452,0
4175,4175,3453,0
4176,4176,3454,0
4177,4177,3455,0
4178,4178,3456,0
4179,4179,3457,0
4180,4180,3458,0
4181,4181,3459,0
4182,4182,3460,0
4183,4183,3460,1
4184,4184,3461,0
4185,4185,3462,0
4186,4186,3463,0
4187,4187,3464,0
4188,4188,3465,0
4189,4189,3466,0
4190,4190,3467,0
4191,4191,3468,0
4192,4192,3469,0
4193,4193,3470,0
4194,4194,3471,0
4195,4195,3471,1
4196,4196,3472,0
4198,4198,3474,0
4199,4199,3474,1
4201,4201,3476,0
4202,4202,3476,1
4203,4203,3477,0
4204,4204,3477,1
4205,4205,3478,0
4206,4206,3479,0
4207,4207,3480,0
4209,4209,3482,0
4210,4210,3483,0
4211,4211,3484,0
4212,4212,3485,0
4213,4213,3486,0
4214,4214,3486,1
4215,4215,3487,0
4217,4217,3489,0
4218,4218,3490,0
4219,4219,3491,0
4220,4220,3492,0
4221,4221,3493,0
4222,4222,3494,0
4223,4223,3495,0
4224,4224,3496,0
4225,4225,3497,0
4226,4226,3498,0
4227,4227,3499,0
4229,4229,3501,0
4230,4230,3502,0
4231,4231,3503,0
4232,4232,3504,0
4233,4233,3505,0
4234,4234,3506,0
4235,4235,3507,0
4236,4236,3508,0
4237,4237,3509,0
4238,4238,3510,0
4239,4239,3511,0
4240,4240,3512,0
4241,4241,3513,0
4242,4242,3513,1
4243,4243,3514,0
4244,4244,3515,0
4245,4245,3515,1
4246,4246,3516,0
4247,4247,3517,0
4248,4248,3518,0
4249,4249,3519,0
4250,4250,3520,0
4251,4251,3521,0
4252,4252,3521,1
4253,4253,3522,0
4254,4254,3523,0
4255,4255,3524,0
4256,4256,3525,0
4257,4257,3526,0
4258,4258,3527,0
4259,4259,3528,0
4260,4260,3529,0
4261,4261,3530,0
4262,4262,3531,0
4263,4263,3532,0
4264,4264,3533,0
4265,4265,3534,0
4266,4266,3535,0
4267,4267,3536,0
4268,4268,3536,1
4269,4269,3537,0
4270,4270,3538,0
4271,4271,3538,1
4272,4272,3539,0
4273,4273,3540,0
4274,4274,3541,0
4275,4275,3542,0
4276,4276,3543,0
4277,4277,3543,1
4278,4278,3544,0
4279,4279,3545,0
4280,4280,3546,0
4281,4281,3547,0
4282,4282,3548,0
4283,4283,3549,0
4284,4284,3550,0
4285,4285,3550,1
4286,4286,3551,0
4287,4287,3552,0
4288,4288,3553,0
4289,4289,3554,0
4290,4290,3555,0
4291,4291,3556,0
4292,4292,3557,0
4293,4293,3558,0
4294,4294,3558,1
4295,4295,3559,0
4296,4296,3560,0
4297,4297,3560,1
4298,4298,3561,0
4299,4299,3562,0
4300,4300,3563,0
4301,4301,3564,0
4302,4302,3565,0
4303,4303,3566,0
4304,4304,3567,0
4305,4305,3568,0
4306,4306,3568,1
4307,4307,3569,0
4308,4308,3570,0
4309,4309,3571,0
4310,4310,3572,0
4311,4311,3573,0
4312,4312,3574,0
4313,4313,3575,0
4314,4314,3576,0
4315,4315,3577,0
4316,4316,3578,0
4317,4317,3579,0
4318,4318,3580,0
4319,4319,3580,1
4320,4320,3581,0
4321,4321,3582,0
4322,4322,3582,1
4323,4323,3583,0
4324,4324,3583,1
4325,4325,3584,0
4326,4326,3585,0
4327,4327,3585,1
4328,4328,3586,0
4329,4329,3587,0
4330,4330,3588,0
4331,4331,3589,0
4332,4332,3590,0
4333,4333,3591,0
4334,4334,3591,1
4335,4335,3592,0
4336,4336,3593,0
4337,4337,3594,0
4338,4338,3595,0
4339,4339,3596,0
4340,4340,3597,0
4341,4341,3598,0
4342,4342,3599,0
4343,4343,3600,0
4344,4344,3601,0
4345,4345,3602,0
4346,4346,3603,0
4347,4347,3604,0
4348,4348,3605,0
4349,4349,3606,0
4350,4350,3606,1
4352,4352,3608,0
4353,4353,3609,0
4354,4354,3609,1
4355,4355,3610,0
4358,4358,3612,0
4359,4359,3613,0
4360,4360,3614,0
4361,4361,3615,0
4362,4362,3616,0
4363,4363,3616,1
4364,4364,3617,0
4365,4365,3618,0
4367,4367,3620,0
4368,4368,3621,0
4369,4369,3622,0
4370,4370,3623,0
4371,4371,3624,0
4372,4372,3625,0
4373,4373,3626,0
4376,4376,3628,0
4377,4377,3629,0
4380,4380,3631,0
4381,4381,3632,0
4382,4382,3633,0
4383,4383,3634,0
4384,4384,3635,0
4385,4385,3636,0
4386,4386,3637,0
4387,4387,3638,0
4388,4388,3639,0
4389,4389,3640,0
4390,4390,3641,0
4393,4393,3643,0
4394,4394,3644,0
4395,4395,3645,0
4396,4396,3646,0
4397,4397,3646,1
4398,4398,3647,0
4399,4399,3648,0
4400,4400,3649,0
4401,4401,3650,0
4402,4402,3651,0
4403,4403,3652,0
4404,4404,3653,0
4405,4405,3654,0
4406,4406,3655,0
4407,4407,3656,0
4408,4408,3657,0
4409,4409,3657,1
4410,4410,3658,0
4411,4411,3659,0
4412,4412,3659,1
4413,4413,3660,0
4414,4414,3661,0
4415,4415,3662,0
4416,4416,3663,0
4417,4417,3664,0
4418,4418,3665,0
4420,4420,3667,0
4421,4421,3668,0
4422,4422,3669,0
4423,4423,3670,0
4424,4424,3671,0
4425,4425,3671,1
4426,4426,3672,0
4427,4427,3673,0
4428,4428,3674,0
4429,4429,3675,0
4430,4430,3675,1
4431,4431,3676,0
4432,4432,3677,0
4433,4433,3678,0
4434,4434,3679,0
4435,4435,3679,1
4436,4436,3680,0
4437,4437,3681,0
4438,4438,3681,1
4439,4439,3682,0
4440,4440,3683,0
4441,4441,3683,1
4442,4442,3684,0
4444,4444,3686,0
4445,4445,3686,1
4446,4446,3687,0
4447,4447,3687,1
4448,4448,3688,0
4449,4449,3689,0
4450,4450,3690,0
4451,4451,3691,0
4452,4452,3692,0
4453,4453,3693,0
4454,4454,3693,1
4455,4455,3694,0
4456,4456,3695,0
4457,4457,3696,0
4458,4458,3697,0
4459,4459,3698,0
4460,4460,3698,1
4461,4461,3699,0
4462,4462,3700,0
4463,4463,3701,0
4464,4464,3702,0
4465,4465,3703,0
4466,4466,3704,0
4467,4467,3705,0
4468,4468,3705,1
4469,4469,3706,0
4471,4471,3708,0
4472,4472,3709,0
4473,4473,3710,0
4474,4474,3711,0
4476,4476,3712,0
4477,4477,3713,0
4478,4478,3713,1
4479,4479,3714,0
4480,4480,3715,0
4481,4481,3716,0
4482,4482,3717,0
4483,4483,3718,0
4484,4484,3719,0
4485,4485,3720,0
4486,4486,3720,1
4487,4487,3721,0
4488,4488,3721,1
4489,4489,3722,0
4490,4490,3722,1
4491,4491,3723,0
4492,4492,3724,0
4493,4493,3725,0
4494,4494,3726,0
4495,4495,3727,0
4496,4496,3728,0
4497,4497,3728,1
4498,4498,3729,0
4499,4499,3729,1
4500,4500,3730,0
4501,4501,3731,0
4502,4502,3732,0
4503,4503,3732,1
4504,4504,3733,0
4505,4505,3733,1
4506,4506,3734,0
4507,4507,3735,0
4508,4508,3736,0
4509,4509,3736,1
4510,4510,3737,0
4511,4511,3738,0
4512,4512,3739,0
4514,4514,3741,0
4515,4515,3742,0
4516,4516,3743,0
4518,4518,3745,0
4519,4519,3746,0
4520,4520,3747,0
4521,4521,3748,0
4522,4522,3749,0
4523,4523,3749,1
4524,4524,3750,0
4525,4525,3750,1
4526,4526,3751,0
4527,4527,3752,0
4528,4528,3753,0
4529,4529,3754,0
4530,4530,3754,1
4531,4531,3755,0
4532,4532,3756,0
4533,4533,3757,0
4534,4534,3758,0
4535,4535,3759,0
4536,4536,3760,0
4539,4539,3763,0
4540,4540,3764,0
4541,4541,3765,0
4542,4542,3766,0
4543,4543,3767,0
4544,4544,3768,0
4545,4545,3769,0
4546,4546,3770,0
4547,4547,3771,0
4548,4548,3772,0
4549,4549,3773,0
4550,4550,3774,0
4551,4551,3775,0
4552,4552,3775,1
4553,4553,3776,0
4554,4554,3777,0
4555,4555,3778,0
4556,4556,3779,0
4557,4557,3780,0
4558,4558,3780,1
4559,4559,3781,0
4560,4560,3782,0
4561,4561,3783,0
4562,4562,3784,0
4563,4563,3785,0
4564,4564,3785,1
4565,4565,3786,0
4567,4567,3787,0
4568,4568,3788,0
4569,4569,3789,0
4570,4570,3790,0
4571,4571,3791,0
4572,4572,3792,0
4573,4573,3793,0
4574,4574,3794,0
4575,4575,3795,0
4576,4576,3796,0
4577,4577,3797,0
4578,4578,3798,0
4579,4579,3799,0
4580,4580,3800,0
4581,4581,3801,0
4582,4582,3802,0
4583,4583,3803,0
4584,4584,3804,0
4585,4585,3805,0
4586,4586,3805,1
4587,4587,3806,0
4588,4588,3807,0
4589,4589,3808,0
4590,4590,3809,0
4591,4591,3810,0
4592,4592,3811,0
4593,4593,3812,0
4594,4594,3813,0
4595,4595,3813,1
4596,4596,3814,0
4597,4597,3815,0
4598,4598,3816,0
4599,4599,3816,1
4600,4600,3817,0
4601,4601,3818,0
4602,4602,3818,1
4603,4603,3819,0
4604,4604,3820,0
4605,4605,3821,0
4606,4606,3822,0
4607,4607,3823,0
4608,4608,3824,0
4609,4609,3825,0
4610,4610,3826,0
4611,4611,3827,0
4612,4612,3828,0
4615,4615,3830,0
4617,4617,3832,0
4618,4618,3832,1
4619,4619,3833,0
4620,4620,3834,0
4621,4621,3834,1
4622,4622,3835,0
4623,4623,3836,0
4624,4624,3837,0
4625,4625,3837,1
4626,4626,3838,0
4627,4627,3839,0
4628,4628,3839,1
4629,4629,3840,0
4630,4630,3840,1
4631,4631,3841,0
4632,4632,3842,0
4633,4633,3843,0
4634,4634,3844,0
4635,4635,3844,1
4636,4636,3845,0
4637,4637,3846,0
4638,4638,3847,0
4639,4639,3848,0
4640,4640,3849,0
4641,4641,3850,0
4642,4642,3850,1
4643,4643,3851,0
4644,4644,3852,0
4647,4647,3854,0
4648,4648,3855,0
4649,4649,3856,0
4650,4650,3857,0
4651,4651,3858,0
4652,4652,3859,0
4653,4653,3860,0
4654,4654,3861,0
4655,4655,3861,1
4656,4656,3862,0
4657,4657,3863,0
4658,4658,3864,0
4659,4659,3865,0
4660,4660,3866,0
4661,4661,3867,0
4662,4662,3868,0
4663,4663,3869,0
4664,4664,3870,0
4665,4665,3871,0
4666,4666,3871,1
4667,4667,3872,0
4668,4668,3872,1
4670,4670,3874,0
4671,4671,3874,1
4672,4672,3875,0
4673,4673,3876,0
4674,4674,3877,0
4675,4675,3878,0
4677,4677,3880,0
4678,4678,3881,0
4679,4679,3882,0
4680,4680,3883,0
4681,4681,3884,0
4682,4682,3884,1
4683,4683,3885,0
4684,4684,3886,0
4685,4685,3887,0
4686,4686,3888,0
4687,4687,3889,0
4688,4688,3889,1
4689,4689,3890,0
4690,4690,3891,0
4691,4691,3891,1
4692,4692,3892,0
4693,4693,3893,0
4694,4694,3893,1
4695,4695,3894,0
4696,4696,3894,1
4697,4697,3895,0
4698,4698,3896,0
4699,4699,3897,0
4700,4700,3898,0
4701,4701,3899,0
4704,4704,3901,0
4705,4705,3902,0
4706,4706,3903,0
4707,4707,3903,1
4708,4708,3904,0
4709,4709,3905,0
4710,4710,3906,0
4711,4711,3906,1
4712,4712,3907,0
4713,4713,3908,0
4714,4714,3908,1
4715,4715,3909,0
4716,4716,3910,0
4717,4717,3911,0
4718,4718,3912,0
4719,4719,3913,0
4720,4720,3914,0
4721,4721,3915,0
4722,4722,3916,0
4723,4723,3917,0
4724,4724,3918,0
4725,4725,3919,0
4726,4726,3919,1
4727,4727,3920,0
4728,4728,3920,1
4729,4729,3921,0
4730,4730,3922,0
4731,4731,3923,0
4732,4732,3924,0
4733,4733,3925,0
4734,4734,3926,0
4735,4735,3926,1
4736,4736,3927,0
4737,4737,3928,0
4739,4739,3930,0
4740,4740,3931,0
4741,4741,3932,0
4742,4742,3933,0
4743,4743,3933,1
4744,4744,3934,0
4745,4745,3935,0
4746,4746,3936,0
4747,4747,3937,0
4748,4748,3937,1
4749,4749,3938,0
4750,4750,3939,0
4751,4751,3940,0
4752,4752,3941,0
4753,4753,3941,1
4754,4754,3942,0
4755,4755,3943,0
4756,4756,3944,0
4757,4757,3944,1
4758,4758,3945,0
4759,4759,3945,1
4760,4760,3946,0
4761,4761,3946,1
4762,4762,3947,0
4763,4763,3948,0
4764,4764,3949,0
4765,4765,3950,0
4766,4766,3951,0
4767,4767,3952,0
4768,4768,3953,0
4769,4769,3954,0
4770,4770,3954,1
4771,4771,3955,0
4772,4772,3956,0
4773,4773,3957,0
4774,4774,3958,0
4775,4775,3958,1
4776,4776,3959,0
4777,4777,3960,0
4778,4778,3960,1
4779,4779,3961,0
4780,4780,3962,0
4781,4781,3963,0
4782,4782,3964,0
4783,4783,3965,0
4784,4784,3966,0
4785,4785,3966,1
4786,4786,3967,0
4787,4787,3968,0
4788,4788,3969,0
4789,4789,3970,0
4790,4790,3971,0
4791,4791,3972,0
4792,4792,3973,0
4793,4793,3974,0
4794,4794,3975,0
4795,4795,3976,0
4796,4796,3977,0
4797,4797,3978,0
4798,4798,3979,0
4799,4799,3980,0
4800,4800,3980,1
4801,4801,3981,0
4802,4802,3982,0
4803,4803,3983,0
4804,4804,3984,0
4805,4805,3985,0
4806,4806,3986,0
4807,4807,3987,0
4808,4808,3988,0
4809,4809,3989,0
4810,4810,3989,1
4811,4811,3990,0
4812,4812,3991,0
4813,4813,3992,0
4814,4814,3993,0
4815,4815,3994,0
4816,4816,3994,1
4817,4817,3995,0
4818,4818,3996,0
4819,4819,3997,0
4820,4820,3998,0
4821,4821,3999,0
4822,4822,3999,1
4823,4823,4000,0
4824,4824,4001,0
4826,4826,4003,0
4831,4831,4008,0
4832,4832,4009,0
4833,4833,4010,0
4836,4836,4013,0
4837,4837,4014,0
4853,4853,4026,0
4861,4861,4033,0
4862,4862,4034,0
4863,4863,4035,0
4877,4877,4047,0
4882,4882,4052,0
4886,4886,4055,0
4892,4892,4059,0
4901,4901,4066,0
4904,4904,4069,0
4906,4906,4071,0
4907,4907,4071,1
4915,4915,4078,0
4916,4916,4079,0
4918,4918,4081,0
4919,4919,4082,0
4923,4923,4086,0
4925,4925,4088,0
4927,4927,4090,0
4928,4928,4091,0
4929,4929,4092,0
4930,4930,4093,0
4937,4937,4099,0
4941,4941,4102,0
4942,4942,4103,0
4944,4944,4105,0
4949,4949,4109,0
4956,4956,4116,0
4959,4959,4119,0
4961,4961,4121,0
4968,4968,4127,0
4969,4969,4128,0
4972,4972,4130,0
4974,4974,4131,0
4975,4975,4131,1
4976,4976,4132,0
4979,4979,4134,0
4989,4989,4140,0
4992,4992,4143,0
4993,4993,4144,0
4994,4994,4144,1
5002,5002,4150,0
5010,5010,4156,0
5012,5012,4158,0
5013,5013,4159,0
5016,5016,4161,0
5028,5028,4171,0
5030,5030,4173,0
5046,5046,4186,0
5050,5050,4190,0
5056,5056,4195,0
5067,5067,4204,0
5072,5072,4208,0
5081,5081,4214,0
5093,5093,4225,0
5107,5107,4237,0
5108,5108,4237,1
5111,5111,4240,0
5117,5117,4245,0
5126,5126,4253,0
5127,5127,4254,0
5128,5128,4255,0
5132,5132,4258,0
5133,5133,4259,0
5134,5134,4260,0
5137,5137,4263,0
5138,5138,4264,0
5141,5141,4266,0
5143,5143,4268,0
5144,5144,4268,1
5145,5145,4269,0
5149,5149,4273,0
5152,5152,4276,0
5159,5159,4283,0
5163,5163,4286,0
5164,5164,4287,0
5171,5171,4293,0
5175,5175,4296,0
5180,5180,4301,0
5189,5189,4309,0
5200,5200,4318,0
5201,5201,4318,1
5203,5203,4320,0
5204,5204,4321,0
5212,5212,4328,0
5213,5213,4329,0
5214,5214,4330,0
5215,5215,4330,1
5217,5217,4332,0
5223,5223,4336,0
5224,5224,4337,0
5232,5232,4342,0
5233,5233,4343,0
5236,5236,4346,0
5237,5237,4347,0
5240,5240,4349,0
5241,5241,4350,0
5243,5243,4352,0
5245,5245,4354,0
5246,5246,4355,0
5247,5247,4356,0
5249,5249,4358,0
5253,5253,4361,0
5254,5254,4361,1
5263,5263,4368,0
5273,5273,4375,0
5275,5275,4377,0
5277,5277,4379,0
5281,5281,4383,0
5283,5283,4385,0
5284,5284,4386,0
5287,5287,4389,0
5308,5308,4405,0
5312,5312,4408,0
5313,5313,4408,1
5318,5318,4413,0
5319,5319,4413,1
5320,5320,4414,0
5321,5321,4414,1
5322,5322,4415,0
5323,5323,4416,0
5325,5325,4418,0
5326,5326,4418,1
5333,5333,4423,0
5334,5334,4424,0
5337,5337,4427,0
5338,5338,4427,1
5347,5347,4434,0
5352,5352,4437,0
5353,5353,4438,0
5354,5354,4439,0
5358,5358,4442,0
5362,5362,4445,0
5364,5364,4447,0
5365,5365,4447,1
5366,5366,4448,0
5367,5367,4448,1
5374,5374,4454,0
5376,5376,4456,0
5379,5379,4458,0
5384,5384,4462,0
5385,5385,4463,0
5389,5389,4467,0
5392,5392,4470,0
5393,5393,4471,0
5395,5395,4473,0
5397,5397,4475,0
5398,5398,4475,1
5399,5399,4476,0
5402,5402,4478,0
5404,5404,4480,0
5409,5409,4484,0
5413,5413,4488,0
5420,5420,4493,0
5433,5433,4503,0
5441,5441,4511,0
5445,5445,4514,0
5450,5450,4519,0
5460,5460,4526,0
5461,5461,4527,0
5462,5462,4527,1
5468,5468,4533,0
5469,5469,4534,0
5472,5472,4537,0
5473,5473,4538,0
5478,5478,4543,0
5487,5487,4550,0
5517,5517,4576,0
5521,5521,4580,0
5526,5526,4585,0
5527,5527,4585,1
5530,5530,4588,0
5531,5531,4589,0
5539,5539,4596,0
5563,5563,4616,0
5565,5565,4618,0
5574,5574,4626,0
5579,5579,4631,0
5580,5580,4631,1
5606,5606,4650,0
5617,5617,4659,0
5618,5618,4660,0
5642,5642,4681,0
5684,5684,4715,0
5699,5699,4725,0
5701,5701,4727,0
5704,5704,4729,0
5722,5722,4743,0
5727,5727,4746,0
5736,5736,4753,0
5753,5753,4768,0
5760,5760,4774,0
5761,5761,4774,1
5774,5774,4784,0
5775,5775,4784,1
5788,5788,4794,0
5801,5801,4803,0
5826,5826,4825,0
5827,5827,4825,1
5858,5858,4851,0
5859,5859,4851,1
5860,5860,4852,0
5866,5866,4858,0
5873,5873,4863,0
5911,5911,4894,0
5928,5928,4907,0
5965,5965,4937,0
5977,5977,4948,0
5978,5978,4949,0
6001,6001,4969,0
6015,6015,4981,0
6033,6033,4994,0
6034,6034,4995,0
6039,6039,4999,0
6040,6040,4999,1
6042,6042,5001,0
6052,6052,5011,0
6067,6067,5024,0
6077,6077,5033,0
6112,6112,5063,0
6114,6114,5065,0
6115,6115,5066,0
6122,6122,5072,0
6144,6144,5092,0
6175,6175,5118,0
6178,6178,5120,0
6183,6183,5125,0
6185,6185,5126,0
6186,6186,5126,1
6191,6191,5129,0
6196,6196,5133,0
6235,6235,5164,0
6255,6255,5180,0
6256,6256,5180,1
6257,6257,5181,0
6272,6272,5194,0
6275,6275,5196,0
6299,6299,5213,0
6301,6301,5215,0
6317,6317,5228,0
6318,6318,5228,1
6342,6342,5250,0
6349,6349,5256,0
6359,6359,5263,0
6363,6363,5267,0
6366,6366,5269,0
6367,6367,5270,0
6383,6383,5283,0
6391,6391,5290,0
6408,6408,5305,0
6417,6417,5313,0
6422,6422,5317,0
6452,6452,5343,0
6468,6468,5357,0
6469,6469,5358,0
6473,6473,5362,0
6474,6474,5362,1
6478,6478,5366,0
6481,6481,5369,0
6485,6485,5372,0
6499,6499,5385,0
6501,6501,5387,0
6511,6511,5395,0
6544,6544,5422,0
6545,6545,5422,1
6546,6546,5423,0
6551,6551,5428,0
6552,6552,5429,0
6567,6567,5442,0
6571,6571,5445,0
6604,6604,5472,0
6610,6610,5477,0
6616,6616,5481,0
6619,6619,5483,0
6644,6644,5505,0
6691,6691,5541,0
6698,6698,5546,0
6729,6729,5572,0
6731,6731,5574,0
6749,6749,5591,0
6750,6750,5591,1
6753,6753,5593,0
6764,6764,5602,0
6789,6789,5622,0
6798,6798,5628,0
6803,6803,5632,0
6804,6804,5632,1
6827,6827,5648,0
6829,6829,5650,0
6844,6844,5661,0
6886,6886,5692,0
6892,6892,5698,0
6893,6893,5698,1
6895,6895,5700,0
6906,6906,5708,0
6922,6922,5724,0
6924,6924,5726,0
6936,6936,5735,0
6944,6944,5740,0
6946,6946,5742,0
6967,6967,5758,0
6978,6978,5767,0
6987,6987,5774,0
7010,7010,5794,0
7011,7011,5794,1
7043,7043,5817,0
7065,7065,5837,0
7100,7100,5868,0
7102,7102,5870,0
7112,7112,5878,0
7127,7127,5891,0
7150,7150,5912,0
7166,7166,5927,0
7186,7186,5944,0
7195,7195,5952,0
7234,7234,5984,0
7241,7241,5991,0
7286,7286,6030,0
7291,7291,6034,0
7299,7299,6040,0
7311,7311,6051,0
7324,7324,6061,0
7325,7325,6062,0
7327,7327,6064,0
7339,7339,6075,0
7348,7348,6083,0
7366,7366,6097,0
7390,7390,6118,0
7411,7411,6138,0
7412,7412,6138,1
7422,7422,6148,0
7423,7423,6148,1
7434,7434,6157,0
7435,7435,6158,0
7521,7521,6226,0
7567,7567,6265,0
7576,7576,6273,0
7586,7586,6281,0
7594,7594,6289,0
7614,7614,6306,0
7632,7632,6321,0
7672,7672,6353,0
7678,7678,6358,0
7683,7683,6363,0
7723,7723,6397,0
7724,7724,6397,1
7727,7727,6400,0
7753,7753,6425,0
7765,7765,6434,0
7772,7772,6440,0
7787,7787,6453,0
7796,7796,6461,0
7797,7797,6461,1
7800,7800,6463,0
7814,7814,6472,0
7815,7815,6473,0
7843,7843,6495,0
7855,7855,6505,0
7862,7862,6510,0
7863,7863,6511,0
7864,7864,6512,0
7914,7914,6555,0
7959,7959,6592,0
7970,7970,6602,0
7980,7980,6609,0
8013,8013,6636,0
8030,8030,6649,0
8064,8064,6678,0
8074,8074,6686,0
8076,8076,6688,0
8089,8089,6699,0
8091,8091,6701,0
8096,8096,6706,0
8105,8105,6715,0
8130,8130,6738,0
8200,8200,6792,0
8217,8217,6806,0
8276,8276,6856,0
8287,8287,6866,0
8295,8295,6872,0
8327,8327,6897,0
8333,8333,6902,0
8342,8342,6910,0
8356,8356,6922,0
8359,8359,6924,0
8362,8362,6927,0
8366,8366,6930,0
8392,8392,6950,0
8393,8393,6950,1
8432,8432,6985,0
8433,8433,6985,1
8463,8463,7011,0
8489,8489,7033,0
8502,8502,7045,0
8506,8506,7049,0
8510,8510,7052,0
8548,8548,7082,0
8568,8568,7099,0
8571,8571,7101,0
8598,8598,7123,0
8610,8610,7133,0
8611,8611,7133,1
8615,8615,7136,0
8636,8636,7156,0
8661,8661,7176,0
8666,8666,7180,0
8667,8667,7181,0
8670,8670,7184,0
8677,8677,7190,0
8678,8678,7190,1
8692,8692,7203,0
8726,8726,7231,0
8737,8737,7240,0
8738,8738,7240,1
8764,8764,7262,0
8777,8777,7274,0
8865,9173,7401,0
8866,9174,7401,1
8888,9196,7418,0
8894,9202,7424,0
8909,9217,7437,0
8918,9226,7445,0
8923,9231,7449,0
8928,9236,7454,0
8942,9250,7465,0
8965,9273,7485,0
8966,9274,7485,1
8968,9276,7487,0
9005,9313,7520,0
9008,9316,7523,0
9032,9340,7542,0
9038,9346,7546,0
9054,9362,7559,0
9058,9366,7562,0
9062,9370,7565,0
9095,9403,7594,0
9109,9417,7606,0
9110,9418,7607,0
9111,9419,7607,1
9119,9427,7614,0
9120,9428,7614,1
9125,9433,7618,0
9142,9450,7632,0
9143,9451,7632,1
9148,9456,7636,0
9149,9457,7637,0
9150,9458,7637,1
9197,9505,7674,0
9238,9546,7713,0
9247,9555,7721,0
9261,9569,7733,0
9274,9582,7745,0
9285,9593,7753,0
9298,9606,7765,0
9303,9611,7769,0
9308,9616,7774,0
9333,9641,7795,0
9334,9642,7795,1
9355,9663,7815,0
9356,9664,7815,1
9362,9670,7819,0
9367,9675,7824,0
9372,9680,7828,0
9394,9702,7844,0
9407,9715,7857,0
9409,9717,7859,0
9410,9718,7859,1
9413,9721,7861,0
9447,9755,7890,0
9452,9760,7894,0
9467,9775,7907,0
9468,9776,7907,1
9490,9798,7926,0
9512,9820,7944,0
9525,9833,7957,0
9526,9834,7957,1
9536,9844,7965,0
9537,9845,7965,1
9538,9846,7966,0
9564,9872,7990,0
9572,9880,7997,0
9606,9914,8026,0
9607,9915,8027,0
9621,9929,8038,0
9622,9930,8039,0
9625,9933,8041,0
9637,9945,8051,0
9638,9946,8051,1
9665,9973,8073,0
9679,9987,8085,0
9687,9995,8092,0
9689,9997,8094,0
9715,10023,8114,0
9732,10040,8127,0
9733,10041,8127,1
9735,10043,8129,0
9738,10046,8132,0
9758,10066,8149,0
9762,10070,8153,0
9767,10075,8158,0
9768,10076,8159,0
9769,10077,8159,1
9782,10090,8169,0
9787,10095,8173,0
9788,10096,8173,1
9837,10145,8212,0
9851,10159,8225,0
9890,10198,8260,0
9891,10199,8260,1
9892,10200,8261,0
9893,10201,8261,1
9901,10209,8268,0
9961,10269,8316,0
9965,10273,8320,0
9966,10274,8320,1
9967,10275,8321,0
9968,10276,8321,1
9974,10282,8327,0
9979,10287,8330,0
9980,10288,8330,1
9995,10303,8341,0
10042,10350,8377,0
10043,10351,8377,1
10047,10355,8381,0
10074,10382,8405,0
10081,10389,8411,0
10151,10459,8475,0
10167,10475,8489,0
10168,10476,8489,1
10171,10479,8492,0
10184,10492,8505,0
10202,10510,8519,0
10203,10511,8519,1
10209,10517,8523,0
10220,10528,8533,0
10235,10543,8547,0
10247,10555,8558,0
10255,10563,8564,0
10256,10564,8564,1
10258,10566,8566,0
10328,10636,8625,0
10331,10639,8628,0
10346,10654,8639,0
10354,10662,8645,0
10394,10702,8680,0
10395,10703,8680,1
10406,10714,8688,0
10438,10746,8713,0
10469,10777,8742,0
10470,10778,8742,1
10490,10798,8759,0
10505,10813,8772,0
10510,10818,8776,0
10520,10828,8784,0
10604,10912,8856,0
10652,10960,8896,0
10655,10963,8899,0
10679,10987,8919,0
10680,10988,8919,1
10689,10997,8926,0
10690,10998,8926,1
10696,11004,8931,0
10700,11008,8934,0
10726,11034,8957,0
10742,11050,8972,0
10755,11063,8982,0
10756,11064,8982,1
10775,11083,8998,0
10785,11093,9006,0
10797,11105,9017,0
10806,11114,9024,0
10813,11121,9030,0
10814,11122,9030,1
10815,11123,9031,0
10818,11126,9034,0
10822,11130,9037,0
10823,11131,9037,1
10828,11136,9041,0
10839,11147,9051,0
10841,11149,9052,0
10887,11195,9093,0
10900,11208,9104,0
10942,11250,9138,0
10944,11252,9140,0
10958,11266,9153,0
10959,11267,9153,1
10963,11271,9156,0
10966,11274,9159,0
10967,11275,9159,1
10978,11286,9167,0
10996,11304,9179,0
11006,11314,9188,0
11011,11319,9192,0
11019,11327,9199,0
11021,11329,9201,0
11023,11331,9203,0
11029,11337,9208,0
11051,11359,9225,0
11052,11360,9225,1
11054,11362,9227,0
11063,11371,9235,0
11064,11372,9236,0
11071,11379,9241,0
11072,11380,9241,1
11073,11381,9242,0
11097,11405,9263,0
11098,11406,9263,1
11101,11409,9265,0
11153,11461,9307,0
11183,11491,9333,0
11189,11497,9337,0
11208,11516,9353,0
11209,11517,9353,1
11237,11545,9377,0
11266,11574,9403,0
11288,11596,9422,0
11290,11598,9424,0
11301,11609,9433,0
11329,11637,9455,0
11330,11638,9455,1
11354,11662,9472,0
11368,11676,9484,0
11375,11683,9491,0
11377,11685,9493,0
11378,11686,9494,0
11379,11687,9494,1
11393,11701,9504,0
11401,11709,9510,0
11402,11710,9510,1
11405,11713,9513,0
11406,11714,9513,1
11424,11732,9528,0
11446,11754,9548,0
11447,11755,9549,0
11460,11768,9560,0
11486,11794,9583,0
11487,11795,9583,1
11496,11804,9591,0
11543,11851,9627,0
11547,11855,9631,0
11549,11857,9633,0
11552,11860,9635,0
11558,11866,9640,0
11559,11867,9640,1
11565,11873,9645,0
11566,11874,9646,0
11567,11875,9646,1
11578,11886,9656,0
11598,11906,9673,0
11599,11907,9673,1
11603,11911,9677,0
11635,11943,9703,0
11639,11947,9707,0
11668,11976,9730,0
11669,11977,9730,1
11670,11978,9731,0
11671,11979,9731,1
11695,12003,9750,0
11742,12050,9790,0
11743,12051,9790,1
11771,12079,9814,0
11784,12092,9826,0
11787,12095,9828,0
11794,12102,9833,0
11825,12133,9859,0
11836,12144,9869,0
11837,12145,9869,1
11855,12163,9883,0
11873,12181,9897,0
11912,12220,9928,0
11913,12221,9928,1
11995,12303,10001,0
12000,12308,10005,0
12016,12324,10018,0
12017,12325,10019,0
12020,12328,10022,0
12036,12344,10036,0
12050,12358,10049,0
12051,12359,10049,1
12068,12376,10063,0
12070,12378,10065,0
12074,12382,10068,0
12075,12383,10068,1
12088,12396,10079,0
12089,12397,10079,1
12108,12416,10093,0
12109,12417,10093,1
12124,12432,10105,0
12156,12464,10131,0
12160,12468,10134,0
12177,12485,10148,0
12182,12490,10152,0
12239,12547,10202,0
12253,12561,10215,0
12260,12568,10220,0
12269,12577,10227,0
12278,12586,10233,0
12291,12599,10243,0
12308,12616,10257,0
12317,12625,10266,0
12335,12643,10280,0
12354,12662,10297,0
12387,12695,10320,0
12418,12726,10343,0
12421,12729,10345,0
12422,12730,10345,1
12430,12738,10351,0
12431,12739,10351,1
12442,12750,10361,0
12446,12754,10364,0
12447,12755,10364,1
12448,12756,10365,0
12494,12802,10404,0
12502,12810,10411,0
12532,12840,10436,0
12535,12843,10439,0
12536,12844,10440,0
12542,12850,10445,0
12543,12851,10445,1
12551,12859,10451,0
12582,12890,10478,0
12600,12908,10493,0
12635,12943,10520,0
12678,12986,10558,0
12683,12991,10562,0
12736,13044,10607,0
12743,13051,10613,0
12763,13071,10630,0
12781,13089,10644,0
12782,13090,10645,0
12787,13095,10650,0
12790,13098,10652,0
12794,13102,10656,0
12805,13113,10663,0
12815,13123,10670,0
12826,13134,10679,0
12843,13151,10694,0
12863,13171,10710,0
12864,13172,10711,0
12882,13190,10728,0
12893,13201,10738,0
12923,13231,10762,0
12938,13246,10774,0
12952,13260,10788,0
12953,13261,10789,0
12954,13262,10789,1
12968,13276,10799,0
12977,13285,10807,0
12982,13290,10812,0
12983,13291,10812,1
13038,13346,10857,0
13072,13380,10884,0
13096,13404,10904,0
13097,13405,10905,0
13098,13406,10906,0
13104,13412,10911,0
13109,13417,10915,0
13139,13447,10940,0
13140,13448,10940,1
13143,13451,10942,0
13160,13468,10954,0
13161,13469,10954,1
13172,13480,10963,0
13182,13490,10973,0
13231,13539,11013,0
13240,13548,11021,0
13248,13556,11027,0
13268,13576,11042,0
13280,13588,11053,0
13282,13590,11054,0
13295,13603,11065,0
13300,13608,11069,0
13312,13620,11079,0
13332,13640,11096,0
13349,13657,11111,0
13350,13658,11111,1
13365,13673,11123,0
13379,13687,11135,0
13382,13690,11138,0
13386,13694,11141,0
13442,13750,11186,0
13443,13751,11186,1
13495,13803,11231,0
13512,13820,11244,0
13537,13845,11265,0
13544,13852,11271,0
13578,13886,11295,0
13604,13912,11317,0
13607,13915,11320,0
13613,13921,11325,0
13615,13923,11327,0
13616,13924,11328,0
13623,13931,11333,0
13647,13955,11349,0
13648,13956,11349,1
13660,13968,11359,0
13663,13971,11362,0
13690,13998,11382,0
